record_id,fold,seed,synthetic,training_only,publication_group_id,platform_family_id,series,parent_stress_record_id,stress_amplitude_MPa,stress_ratio_R,latent_log10_cycles,observed_cycles_or_bound,bound_operator,failure_event_1,stop_cycles,sampled_source_offset_log10,weight_S0,weight_S1,rejected_subcycle_draws
SYN:Romano_2018_transfer:13:Chen_2024:L10:0,Romano_2018_transfer,13,True,True,Chen_2024,Chen_2024,L10,Chen_2024:Chen2024-L10-T4-r05,85.5,0.1,6.191603721323588,1554546.5143908134,=,1,10000000,0.2472704497844375,0.1111111111111111,0.0,0
SYN:Romano_2018_transfer:13:Chen_2024:L10:1,Romano_2018_transfer,13,True,True,Chen_2024,Chen_2024,L10,Chen_2024:Chen2024-L10-T4-r01,99.0,0.1,5.4034162623199915,253172.34386870862,=,1,10000000,0.2472704497844375,0.1111111111111111,0.0,0
SYN:Romano_2018_transfer:13:Chen_2024:L10:2,Romano_2018_transfer,13,True,True,Chen_2024,Chen_2024,L10,Chen_2024:Chen2024-L10-T4-r06,85.5,0.1,5.218836066263291,165514.5075645184,=,1,10000000,0.2472704497844375,0.1111111111111111,0.0,0
SYN:Romano_2018_transfer:13:Chen_2024:L10:3,Romano_2018_transfer,13,True,True,Chen_2024,Chen_2024,L10,Chen_2024:Chen2024-L10-T4-r07,81.0,0.1,5.237147702088473,172642.4943457682,=,1,10000000,0.2472704497844375,0.1111111111111111,0.0,0
SYN:Romano_2018_transfer:13:Chen_2024:L10:4,Romano_2018_transfer,13,True,True,Chen_2024,Chen_2024,L10,Chen_2024:Chen2024-L10-T4-r07,81.0,0.1,5.557750277094231,361202.1087263349,=,1,10000000,0.2472704497844375,0.1111111111111111,0.0,0
SYN:Romano_2018_transfer:13:Chen_2024:L10:5,Romano_2018_transfer,13,True,True,Chen_2024,Chen_2024,L10,Chen_2024:Chen2024-L10-T4-r06,85.5,0.1,6.270873207837012,1865834.8812933434,=,1,10000000,0.2472704497844375,0.1111111111111111,0.0,0
SYN:Romano_2018_transfer:13:Chen_2024:L10:6,Romano_2018_transfer,13,True,True,Chen_2024,Chen_2024,L10,Chen_2024:Chen2024-L10-T4-r08,81.0,0.1,4.118157991897938,13126.77350784374,=,1,10000000,0.2472704497844375,0.1111111111111111,0.0,0
SYN:Romano_2018_transfer:13:Chen_2024:L10:7,Romano_2018_transfer,13,True,True,Chen_2024,Chen_2024,L10,Chen_2024:Chen2024-L10-T4-r05,85.5,0.1,6.520726592716542,3316855.812977341,=,1,10000000,0.2472704497844375,0.1111111111111111,0.0,0
SYN:Romano_2018_transfer:13:Chen_2024:L10:8,Romano_2018_transfer,13,True,True,Chen_2024,Chen_2024,L10,Chen_2024:Chen2024-L10-T4-r05,85.5,0.1,5.3425706278481995,220074.95810256488,=,1,10000000,0.2472704497844375,0.1111111111111111,0.0,0
SYN:Romano_2018_transfer:13:Chen_2024:L40:0,Romano_2018_transfer,13,True,True,Chen_2024,Chen_2024,L40,Chen_2024:Chen2024-L40-T3-r08,72.0,0.1,6.650360760980252,4470547.987088063,=,1,10000000,0.2472704497844375,0.1111111111111111,0.0,0
SYN:Romano_2018_transfer:13:Chen_2024:L40:1,Romano_2018_transfer,13,True,True,Chen_2024,Chen_2024,L40,Chen_2024:Chen2024-L40-T3-r09,67.5,0.1,6.2853346411455755,1929010.7200480143,=,1,10000000,0.2472704497844375,0.1111111111111111,0.0,0
SYN:Romano_2018_transfer:13:Chen_2024:L40:2,Romano_2018_transfer,13,True,True,Chen_2024,Chen_2024,L40,Chen_2024:Chen2024-L40-T3-r02,90.0,0.1,5.372148708039752,235585.5821264079,=,1,10000000,0.2472704497844375,0.1111111111111111,0.0,0
SYN:Romano_2018_transfer:13:Chen_2024:L40:3,Romano_2018_transfer,13,True,True,Chen_2024,Chen_2024,L40,Chen_2024:Chen2024-L40-T3-r01,99.0,0.1,4.917845908178366,82764.84540497376,=,1,10000000,0.2472704497844375,0.1111111111111111,0.0,0
SYN:Romano_2018_transfer:13:Chen_2024:L40:4,Romano_2018_transfer,13,True,True,Chen_2024,Chen_2024,L40,Chen_2024:Chen2024-L40-T3-r06,72.0,0.1,4.493861967618917,31178.9846086675,=,1,10000000,0.2472704497844375,0.1111111111111111,0.0,0
SYN:Romano_2018_transfer:13:Chen_2024:L40:5,Romano_2018_transfer,13,True,True,Chen_2024,Chen_2024,L40,Chen_2024:Chen2024-L40-T3-r02,90.0,0.1,5.2155025925817124,164248.94647161872,=,1,10000000,0.2472704497844375,0.1111111111111111,0.0,0
SYN:Romano_2018_transfer:13:Chen_2024:L40:6,Romano_2018_transfer,13,True,True,Chen_2024,Chen_2024,L40,Chen_2024:Chen2024-L40-T3-r08,72.0,0.1,5.305078849427811,201873.28465349364,=,1,10000000,0.2472704497844375,0.1111111111111111,0.0,0
SYN:Romano_2018_transfer:13:Chen_2024:L40:7,Romano_2018_transfer,13,True,True,Chen_2024,Chen_2024,L40,Chen_2024:Chen2024-L40-T3-r05,81.0,0.1,4.840450061357611,69254.82901342165,=,1,10000000,0.2472704497844375,0.1111111111111111,0.0,0
SYN:Romano_2018_transfer:13:Chen_2024:L40:8,Romano_2018_transfer,13,True,True,Chen_2024,Chen_2024,L40,Chen_2024:Chen2024-L40-T3-r05,81.0,0.1,3.2797514906437257,1904.3706986716381,=,1,10000000,0.2472704497844375,0.1111111111111111,0.0,0
SYN:Romano_2018_transfer:13:Matusu_2026:71:0,Romano_2018_transfer,13,True,True,Matusu_2026,Matusu_2026_Eckart_CLM2,71,Matusu2026_71_32,60.0,0.1,6.461343879421658,2892969.6627329513,=,1,10000000,-0.061802981238033655,0.015037593984962405,0.015037593984962405,0
SYN:Romano_2018_transfer:13:Matusu_2026:71:1,Romano_2018_transfer,13,True,True,Matusu_2026,Matusu_2026_Eckart_CLM2,71,Matusu2026_71_11,70.0,0.1,5.910007006728785,812843.630143565,=,1,10000000,-0.061802981238033655,0.015037593984962405,0.015037593984962405,0
SYN:Romano_2018_transfer:13:Matusu_2026:71:2,Romano_2018_transfer,13,True,True,Matusu_2026,Matusu_2026_Eckart_CLM2,71,Matusu2026_71_11,70.0,0.1,5.75324502455766,566558.8456594807,=,1,10000000,-0.061802981238033655,0.015037593984962405,0.015037593984962405,0
SYN:Romano_2018_transfer:13:Matusu_2026:71:3,Romano_2018_transfer,13,True,True,Matusu_2026,Matusu_2026_Eckart_CLM2,71,Matusu2026_71_51,30.0,0.1,8.093029179451355,10000000,>=,0,10000000,-0.061802981238033655,0.015037593984962405,0.015037593984962405,0
SYN:Romano_2018_transfer:13:Matusu_2026:71:4,Romano_2018_transfer,13,True,True,Matusu_2026,Matusu_2026_Eckart_CLM2,71,Matusu2026_71_52,110.0,0.1,3.9270179308975637,8453.137452612807,=,1,10000000,-0.061802981238033655,0.015037593984962405,0.015037593984962405,0
SYN:Romano_2018_transfer:13:Matusu_2026:71:5,Romano_2018_transfer,13,True,True,Matusu_2026,Matusu_2026_Eckart_CLM2,71,Matusu2026_71_52,110.0,0.1,4.732275808424376,53985.33596228286,=,1,10000000,-0.061802981238033655,0.015037593984962405,0.015037593984962405,0
SYN:Romano_2018_transfer:13:Matusu_2026:71:6,Romano_2018_transfer,13,True,True,Matusu_2026,Matusu_2026_Eckart_CLM2,71,Matusu2026_71_33,35.0,0.1,7.749686177326513,10000000,>=,0,10000000,-0.061802981238033655,0.015037593984962405,0.015037593984962405,0
SYN:Romano_2018_transfer:13:Matusu_2026:71:7,Romano_2018_transfer,13,True,True,Matusu_2026,Matusu_2026_Eckart_CLM2,71,Matusu2026_71_11,70.0,0.1,5.768191997558741,586397.3480423285,=,1,10000000,-0.061802981238033655,0.015037593984962405,0.015037593984962405,0
SYN:Romano_2018_transfer:13:Matusu_2026:71:8,Romano_2018_transfer,13,True,True,Matusu_2026,Matusu_2026_Eckart_CLM2,71,Matusu2026_71_32,60.0,0.1,5.127743899801158,134197.33761296037,=,1,10000000,-0.061802981238033655,0.015037593984962405,0.015037593984962405,0
SYN:Romano_2018_transfer:13:Matusu_2026:71:9,Romano_2018_transfer,13,True,True,Matusu_2026,Matusu_2026_Eckart_CLM2,71,Matusu2026_71_32,60.0,0.1,6.979965011579427,9549156.512739196,=,1,10000000,-0.061802981238033655,0.015037593984962405,0.015037593984962405,0
SYN:Romano_2018_transfer:13:Matusu_2026:71:10,Romano_2018_transfer,13,True,True,Matusu_2026,Matusu_2026_Eckart_CLM2,71,Matusu2026_71_52,110.0,0.1,5.2514096610151615,178406.084173565,=,1,10000000,-0.061802981238033655,0.015037593984962405,0.015037593984962405,0
SYN:Romano_2018_transfer:13:Matusu_2026:72:0,Romano_2018_transfer,13,True,True,Matusu_2026,Matusu_2026_Eckart_CLM2,72,Matusu2026_72_23,100.0,0.1,4.679186559756421,47773.444983682595,=,1,10000000,-0.061802981238033655,0.015037593984962405,0.015037593984962405,0
SYN:Romano_2018_transfer:13:Matusu_2026:72:1,Romano_2018_transfer,13,True,True,Matusu_2026,Matusu_2026_Eckart_CLM2,72,Matusu2026_72_17,50.0,0.1,5.456094450905283,285821.20833125676,=,1,10000000,-0.061802981238033655,0.015037593984962405,0.015037593984962405,0
SYN:Romano_2018_transfer:13:Matusu_2026:72:2,Romano_2018_transfer,13,True,True,Matusu_2026,Matusu_2026_Eckart_CLM2,72,Matusu2026_72_50,50.0,0.1,6.119735074307378,1317452.8287784583,=,1,10000000,-0.061802981238033655,0.015037593984962405,0.015037593984962405,0
SYN:Romano_2018_transfer:13:Matusu_2026:72:3,Romano_2018_transfer,13,True,True,Matusu_2026,Matusu_2026_Eckart_CLM2,72,Matusu2026_72_17,50.0,0.1,6.386733005947065,2436312.570093409,=,1,10000000,-0.061802981238033655,0.015037593984962405,0.015037593984962405,0
SYN:Romano_2018_transfer:13:Matusu_2026:72:4,Romano_2018_transfer,13,True,True,Matusu_2026,Matusu_2026_Eckart_CLM2,72,Matusu2026_72_17,50.0,0.1,5.150080126363485,141279.8178692406,=,1,10000000,-0.061802981238033655,0.015037593984962405,0.015037593984962405,0
SYN:Romano_2018_transfer:13:Matusu_2026:72:5,Romano_2018_transfer,13,True,True,Matusu_2026,Matusu_2026_Eckart_CLM2,72,Matusu2026_72_18,40.0,0.1,8.321389858051923,10000000,>=,0,10000000,-0.061802981238033655,0.015037593984962405,0.015037593984962405,0
SYN:Romano_2018_transfer:13:Matusu_2026:72:6,Romano_2018_transfer,13,True,True,Matusu_2026,Matusu_2026_Eckart_CLM2,72,Matusu2026_72_10,60.0,0.1,6.917534653986862,8270554.997977848,=,1,10000000,-0.061802981238033655,0.015037593984962405,0.015037593984962405,0
SYN:Romano_2018_transfer:13:Matusu_2026:72:7,Romano_2018_transfer,13,True,True,Matusu_2026,Matusu_2026_Eckart_CLM2,72,Matusu2026_72_26,45.0,0.1,6.051172078519798,1125050.6593515018,=,1,10000000,-0.061802981238033655,0.015037593984962405,0.015037593984962405,0
SYN:Romano_2018_transfer:13:Matusu_2026:72:8,Romano_2018_transfer,13,True,True,Matusu_2026,Matusu_2026_Eckart_CLM2,72,Matusu2026_72_18,40.0,0.1,5.9176207790466115,827219.5296683279,=,1,10000000,-0.061802981238033655,0.015037593984962405,0.015037593984962405,0
SYN:Romano_2018_transfer:13:Matusu_2026:72:9,Romano_2018_transfer,13,True,True,Matusu_2026,Matusu_2026_Eckart_CLM2,72,Matusu2026_72_50,50.0,0.1,6.3043505966718145,2015350.54284441,=,1,10000000,-0.061802981238033655,0.015037593984962405,0.015037593984962405,0
SYN:Romano_2018_transfer:13:Matusu_2026:72:10,Romano_2018_transfer,13,True,True,Matusu_2026,Matusu_2026_Eckart_CLM2,72,Matusu2026_72_50,50.0,0.1,6.30366422303476,2012167.9305356322,=,1,10000000,-0.061802981238033655,0.015037593984962405,0.015037593984962405,0
SYN:Romano_2018_transfer:13:Matusu_2026:73:0,Romano_2018_transfer,13,True,True,Matusu_2026,Matusu_2026_Eckart_CLM2,73,Matusu2026_73_31,40.0,0.1,7.58719283520729,10000000,>=,0,10000000,-0.061802981238033655,0.015037593984962405,0.015037593984962405,0
SYN:Romano_2018_transfer:13:Matusu_2026:73:1,Romano_2018_transfer,13,True,True,Matusu_2026,Matusu_2026_Eckart_CLM2,73,Matusu2026_73_14,60.0,0.1,7.249547068478924,10000000,>=,0,10000000,-0.061802981238033655,0.015037593984962405,0.015037593984962405,0
SYN:Romano_2018_transfer:13:Matusu_2026:73:2,Romano_2018_transfer,13,True,True,Matusu_2026,Matusu_2026_Eckart_CLM2,73,Matusu2026_73_54,35.0,0.1,7.570600323963142,10000000,>=,0,10000000,-0.061802981238033655,0.015037593984962405,0.015037593984962405,0
SYN:Romano_2018_transfer:13:Matusu_2026:73:3,Romano_2018_transfer,13,True,True,Matusu_2026,Matusu_2026_Eckart_CLM2,73,Matusu2026_73_15,50.0,0.1,6.021310823513291,1050293.8525013246,=,1,10000000,-0.061802981238033655,0.015037593984962405,0.015037593984962405,0
SYN:Romano_2018_transfer:13:Matusu_2026:73:4,Romano_2018_transfer,13,True,True,Matusu_2026,Matusu_2026_Eckart_CLM2,73,Matusu2026_73_8,70.0,0.1,4.8880164402947095,77270.98356100575,=,1,10000000,-0.061802981238033655,0.015037593984962405,0.015037593984962405,0
SYN:Romano_2018_transfer:13:Matusu_2026:73:5,Romano_2018_transfer,13,True,True,Matusu_2026,Matusu_2026_Eckart_CLM2,73,Matusu2026_73_31,40.0,0.1,7.661338755617005,10000000,>=,0,10000000,-0.061802981238033655,0.015037593984962405,0.015037593984962405,0
SYN:Romano_2018_transfer:13:Matusu_2026:73:6,Romano_2018_transfer,13,True,True,Matusu_2026,Matusu_2026_Eckart_CLM2,73,Matusu2026_73_31,40.0,0.1,4.366761128465649,23268.111082632728,=,1,10000000,-0.061802981238033655,0.015037593984962405,0.015037593984962405,0
SYN:Romano_2018_transfer:13:Matusu_2026:73:7,Romano_2018_transfer,13,True,True,Matusu_2026,Matusu_2026_Eckart_CLM2,73,Matusu2026_73_21,45.0,0.1,6.323779146024794,2107556.111175027,=,1,10000000,-0.061802981238033655,0.015037593984962405,0.015037593984962405,0
SYN:Romano_2018_transfer:13:Matusu_2026:73:8,Romano_2018_transfer,13,True,True,Matusu_2026,Matusu_2026_Eckart_CLM2,73,Matusu2026_73_47,35.0,0.1,8.235099114261697,10000000,>=,0,10000000,-0.061802981238033655,0.015037593984962405,0.015037593984962405,0
SYN:Romano_2018_transfer:13:Matusu_2026:73:9,Romano_2018_transfer,13,True,True,Matusu_2026,Matusu_2026_Eckart_CLM2,73,Matusu2026_73_31,40.0,0.1,7.4507003567940036,10000000,>=,0,10000000,-0.061802981238033655,0.015037593984962405,0.015037593984962405,0
SYN:Romano_2018_transfer:13:Matusu_2026:73:10,Romano_2018_transfer,13,True,True,Matusu_2026,Matusu_2026_Eckart_CLM2,73,Matusu2026_73_47,35.0,0.1,5.1177642729490795,131148.78543269268,=,1,10000000,-0.061802981238033655,0.015037593984962405,0.015037593984962405,0
SYN:Romano_2018_transfer:13:Matusu_2026:74:0,Romano_2018_transfer,13,True,True,Matusu_2026,Matusu_2026_Eckart_CLM2,74,Matusu2026_74_13,80.0,0.1,5.588571317171521,387767.4200656514,=,1,10000000,-0.061802981238033655,0.015037593984962405,0.015037593984962405,0
SYN:Romano_2018_transfer:13:Matusu_2026:74:1,Romano_2018_transfer,13,True,True,Matusu_2026,Matusu_2026_Eckart_CLM2,74,Matusu2026_74_13,80.0,0.1,4.640806517523954,43732.72281572415,=,1,10000000,-0.061802981238033655,0.015037593984962405,0.015037593984962405,0
SYN:Romano_2018_transfer:13:Matusu_2026:74:2,Romano_2018_transfer,13,True,True,Matusu_2026,Matusu_2026_Eckart_CLM2,74,Matusu2026_74_39,90.0,0.1,2.2083578874896004,161.56894437626215,=,1,10000000,-0.061802981238033655,0.015037593984962405,0.015037593984962405,0
SYN:Romano_2018_transfer:13:Matusu_2026:74:3,Romano_2018_transfer,13,True,True,Matusu_2026,Matusu_2026_Eckart_CLM2,74,Matusu2026_74_7,100.0,0.1,4.143431205633362,13913.333833860564,=,1,10000000,-0.061802981238033655,0.015037593984962405,0.015037593984962405,0
SYN:Romano_2018_transfer:13:Matusu_2026:74:4,Romano_2018_transfer,13,True,True,Matusu_2026,Matusu_2026_Eckart_CLM2,74,Matusu2026_74_39,90.0,0.1,5.240098373363648,173819.4507884244,=,1,10000000,-0.061802981238033655,0.015037593984962405,0.015037593984962405,0
SYN:Romano_2018_transfer:13:Matusu_2026:74:5,Romano_2018_transfer,13,True,True,Matusu_2026,Matusu_2026_Eckart_CLM2,74,Matusu2026_74_20,70.0,0.1,5.058423244996469,114399.26784870372,=,1,10000000,-0.061802981238033655,0.015037593984962405,0.015037593984962405,0
SYN:Romano_2018_transfer:13:Matusu_2026:74:6,Romano_2018_transfer,13,True,True,Matusu_2026,Matusu_2026_Eckart_CLM2,74,Matusu2026_74_48,40.0,0.1,6.274977265639698,1883550.4871864598,=,1,10000000,-0.061802981238033655,0.015037593984962405,0.015037593984962405,0
SYN:Romano_2018_transfer:13:Matusu_2026:74:7,Romano_2018_transfer,13,True,True,Matusu_2026,Matusu_2026_Eckart_CLM2,74,Matusu2026_74_48,40.0,0.1,7.925468621737095,10000000,>=,0,10000000,-0.061802981238033655,0.015037593984962405,0.015037593984962405,0
SYN:Romano_2018_transfer:13:Matusu_2026:74:8,Romano_2018_transfer,13,True,True,Matusu_2026,Matusu_2026_Eckart_CLM2,74,Matusu2026_74_41,125.0,0.1,5.199384490621951,158264.85734098125,=,1,10000000,-0.061802981238033655,0.015037593984962405,0.015037593984962405,0
SYN:Romano_2018_transfer:13:Matusu_2026:74:9,Romano_2018_transfer,13,True,True,Matusu_2026,Matusu_2026_Eckart_CLM2,74,Matusu2026_74_40,110.0,0.1,2.9455811074123606,882.2285488612849,=,1,10000000,-0.061802981238033655,0.015037593984962405,0.015037593984962405,0
SYN:Romano_2018_transfer:13:Matusu_2026:74:10,Romano_2018_transfer,13,True,True,Matusu_2026,Matusu_2026_Eckart_CLM2,74,Matusu2026_74_55,30.0,0.1,7.305539990971515,10000000,>=,0,10000000,-0.061802981238033655,0.015037593984962405,0.015037593984962405,0
SYN:Romano_2018_transfer:13:Matusu_2026:91:0,Romano_2018_transfer,13,True,True,Matusu_2026,Matusu_2026_GE_virgin_CLM2,91,Matusu2026_91_20,110.0,0.1,5.6711923490512275,469021.06560752605,=,1,10000000,-0.061802981238033655,0.015037593984962405,0.015037593984962405,0
SYN:Romano_2018_transfer:13:Matusu_2026:91:1,Romano_2018_transfer,13,True,True,Matusu_2026,Matusu_2026_GE_virgin_CLM2,91,Matusu2026_91_19,100.0,0.1,5.125798499428218,133597.55172093472,=,1,10000000,-0.061802981238033655,0.015037593984962405,0.015037593984962405,0
SYN:Romano_2018_transfer:13:Matusu_2026:91:2,Romano_2018_transfer,13,True,True,Matusu_2026,Matusu_2026_GE_virgin_CLM2,91,Matusu2026_91_19,100.0,0.1,3.6842451367411657,4833.315406801308,=,1,10000000,-0.061802981238033655,0.015037593984962405,0.015037593984962405,0
SYN:Romano_2018_transfer:13:Matusu_2026:91:3,Romano_2018_transfer,13,True,True,Matusu_2026,Matusu_2026_GE_virgin_CLM2,91,Matusu2026_91_19,100.0,0.1,5.115672932121153,130518.75790293932,=,1,10000000,-0.061802981238033655,0.015037593984962405,0.015037593984962405,0
SYN:Romano_2018_transfer:13:Matusu_2026:91:4,Romano_2018_transfer,13,True,True,Matusu_2026,Matusu_2026_GE_virgin_CLM2,91,Matusu2026_91_21,50.0,0.1,5.474984604430695,298527.67901490594,=,1,10000000,-0.061802981238033655,0.015037593984962405,0.015037593984962405,0
SYN:Romano_2018_transfer:13:Matusu_2026:91:5,Romano_2018_transfer,13,True,True,Matusu_2026,Matusu_2026_GE_virgin_CLM2,91,Matusu2026_91_27,140.0,0.1,4.630613798401541,42718.28397112028,=,1,10000000,-0.061802981238033655,0.015037593984962405,0.015037593984962405,0
SYN:Romano_2018_transfer:13:Matusu_2026:91:6,Romano_2018_transfer,13,True,True,Matusu_2026,Matusu_2026_GE_virgin_CLM2,91,Matusu2026_91_33,80.0,0.1,5.44206092912995,276732.9859355267,=,1,10000000,-0.061802981238033655,0.015037593984962405,0.015037593984962405,0
SYN:Romano_2018_transfer:13:Matusu_2026:91:7,Romano_2018_transfer,13,True,True,Matusu_2026,Matusu_2026_GE_virgin_CLM2,91,Matusu2026_91_20,110.0,0.1,4.222216103826103,16680.770369522157,=,1,10000000,-0.061802981238033655,0.015037593984962405,0.015037593984962405,0
SYN:Romano_2018_transfer:13:Matusu_2026:91:8,Romano_2018_transfer,13,True,True,Matusu_2026,Matusu_2026_GE_virgin_CLM2,91,Matusu2026_91_33,80.0,0.1,6.1280066022573685,1342785.3743542752,=,1,10000000,-0.061802981238033655,0.015037593984962405,0.015037593984962405,0
SYN:Romano_2018_transfer:13:Matusu_2026:91:9,Romano_2018_transfer,13,True,True,Matusu_2026,Matusu_2026_GE_virgin_CLM2,91,Matusu2026_91_36,50.0,0.1,6.8687325625457785,7391499.681850772,=,1,10000000,-0.061802981238033655,0.015037593984962405,0.015037593984962405,0
SYN:Romano_2018_transfer:13:Matusu_2026:91:10,Romano_2018_transfer,13,True,True,Matusu_2026,Matusu_2026_GE_virgin_CLM2,91,Matusu2026_91_1,55.0,0.1,6.2002124930644715,1585668.8440729496,=,1,10000000,-0.061802981238033655,0.015037593984962405,0.015037593984962405,0
SYN:Romano_2018_transfer:13:Matusu_2026:91:11,Romano_2018_transfer,13,True,True,Matusu_2026,Matusu_2026_GE_virgin_CLM2,91,Matusu2026_91_18,90.0,0.1,4.779533408503762,60191.256379806124,=,1,10000000,-0.061802981238033655,0.015037593984962405,0.015037593984962405,0
SYN:Romano_2018_transfer:13:Matusu_2026:91:12,Romano_2018_transfer,13,True,True,Matusu_2026,Matusu_2026_GE_virgin_CLM2,91,Matusu2026_91_1,55.0,0.1,6.214760576167527,1639685.5755774125,=,1,10000000,-0.061802981238033655,0.015037593984962405,0.015037593984962405,0
SYN:Romano_2018_transfer:13:Matusu_2026:91:13,Romano_2018_transfer,13,True,True,Matusu_2026,Matusu_2026_GE_virgin_CLM2,91,Matusu2026_91_1,55.0,0.1,4.809712680566509,64522.722002513,=,1,10000000,-0.061802981238033655,0.015037593984962405,0.015037593984962405,0
SYN:Romano_2018_transfer:13:Matusu_2026:91:14,Romano_2018_transfer,13,True,True,Matusu_2026,Matusu_2026_GE_virgin_CLM2,91,Matusu2026_91_34,140.0,0.1,3.5926161253943025,3913.9576790349947,=,1,10000000,-0.061802981238033655,0.015037593984962405,0.015037593984962405,0
SYN:Romano_2018_transfer:13:Matusu_2026:92:0,Romano_2018_transfer,13,True,True,Matusu_2026,Matusu_2026_GE_virgin_CLM2,92,Matusu2026_92_29,55.0,0.1,6.070039391678578,1175004.1261435223,=,1,10000000,-0.061802981238033655,0.015037593984962405,0.015037593984962405,0
SYN:Romano_2018_transfer:13:Matusu_2026:92:1,Romano_2018_transfer,13,True,True,Matusu_2026,Matusu_2026_GE_virgin_CLM2,92,Matusu2026_92_23,70.0,0.1,3.8527942820666765,7125.154436922057,=,1,10000000,-0.061802981238033655,0.015037593984962405,0.015037593984962405,0
SYN:Romano_2018_transfer:13:Matusu_2026:92:2,Romano_2018_transfer,13,True,True,Matusu_2026,Matusu_2026_GE_virgin_CLM2,92,Matusu2026_92_17,50.0,0.1,6.003540032606766,1008184.538003095,=,1,10000000,-0.061802981238033655,0.015037593984962405,0.015037593984962405,0
SYN:Romano_2018_transfer:13:Matusu_2026:92:3,Romano_2018_transfer,13,True,True,Matusu_2026,Matusu_2026_GE_virgin_CLM2,92,Matusu2026_92_35,110.0,0.1,3.712597729007742,5159.382532632538,=,1,10000000,-0.061802981238033655,0.015037593984962405,0.015037593984962405,0
SYN:Romano_2018_transfer:13:Matusu_2026:92:4,Romano_2018_transfer,13,True,True,Matusu_2026,Matusu_2026_GE_virgin_CLM2,92,Matusu2026_92_17,50.0,0.1,6.3143551579378485,2062315.7472583018,=,1,10000000,-0.061802981238033655,0.015037593984962405,0.015037593984962405,0
SYN:Romano_2018_transfer:13:Matusu_2026:92:5,Romano_2018_transfer,13,True,True,Matusu_2026,Matusu_2026_GE_virgin_CLM2,92,Matusu2026_92_14,80.0,0.1,2.7298292762072993,536.8207274056001,=,1,10000000,-0.061802981238033655,0.015037593984962405,0.015037593984962405,0
SYN:Romano_2018_transfer:13:Matusu_2026:92:6,Romano_2018_transfer,13,True,True,Matusu_2026,Matusu_2026_GE_virgin_CLM2,92,Matusu2026_92_17,50.0,0.1,6.754750210384304,5685258.424157363,=,1,10000000,-0.061802981238033655,0.015037593984962405,0.015037593984962405,0
SYN:Romano_2018_transfer:13:Matusu_2026:92:7,Romano_2018_transfer,13,True,True,Matusu_2026,Matusu_2026_GE_virgin_CLM2,92,Matusu2026_92_29,55.0,0.1,5.396053387733143,248916.32918172277,=,1,10000000,-0.061802981238033655,0.015037593984962405,0.015037593984962405,0
SYN:Romano_2018_transfer:13:Matusu_2026:92:8,Romano_2018_transfer,13,True,True,Matusu_2026,Matusu_2026_GE_virgin_CLM2,92,Matusu2026_92_16,120.0,0.1,4.62785053991854,42447.34585773187,=,1,10000000,-0.061802981238033655,0.015037593984962405,0.015037593984962405,0
SYN:Romano_2018_transfer:13:Matusu_2026:92:9,Romano_2018_transfer,13,True,True,Matusu_2026,Matusu_2026_GE_virgin_CLM2,92,Matusu2026_92_17,50.0,0.1,6.8462996107492975,7019393.848330549,=,1,10000000,-0.061802981238033655,0.015037593984962405,0.015037593984962405,0
SYN:Romano_2018_transfer:13:Matusu_2026:92:10,Romano_2018_transfer,13,True,True,Matusu_2026,Matusu_2026_GE_virgin_CLM2,92,Matusu2026_92_29,55.0,0.1,5.963804843642339,920036.0476598023,=,1,10000000,-0.061802981238033655,0.015037593984962405,0.015037593984962405,0
SYN:Romano_2018_transfer:13:Matusu_2026:92:11,Romano_2018_transfer,13,True,True,Matusu_2026,Matusu_2026_GE_virgin_CLM2,92,Matusu2026_92_16,120.0,0.1,3.8445603735532687,6991.339202791793,=,1,10000000,-0.061802981238033655,0.015037593984962405,0.015037593984962405,0
SYN:Romano_2018_transfer:13:Matusu_2026:92:12,Romano_2018_transfer,13,True,True,Matusu_2026,Matusu_2026_GE_virgin_CLM2,92,Matusu2026_92_14,80.0,0.1,4.68481005132755,48396.06499752282,=,1,10000000,-0.061802981238033655,0.015037593984962405,0.015037593984962405,0
SYN:Romano_2018_transfer:13:Matusu_2026:92:13,Romano_2018_transfer,13,True,True,Matusu_2026,Matusu_2026_GE_virgin_CLM2,92,Matusu2026_92_28,160.0,0.1,4.296401269401314,19787.97119060373,=,1,10000000,-0.061802981238033655,0.015037593984962405,0.015037593984962405,0
SYN:Romano_2018_transfer:13:Matusu_2026:93:0,Romano_2018_transfer,13,True,True,Matusu_2026,Matusu_2026_GE_virgin_CLM2,93,Matusu2026_93_23,140.0,0.1,4.768717717232319,58710.762021849994,=,1,10000000,-0.061802981238033655,0.015037593984962405,0.015037593984962405,0
SYN:Romano_2018_transfer:13:Matusu_2026:93:1,Romano_2018_transfer,13,True,True,Matusu_2026,Matusu_2026_GE_virgin_CLM2,93,Matusu2026_93_28,140.0,0.1,3.071963028625358,1180.2201595442943,=,1,10000000,-0.061802981238033655,0.015037593984962405,0.015037593984962405,0
SYN:Romano_2018_transfer:13:Matusu_2026:93:2,Romano_2018_transfer,13,True,True,Matusu_2026,Matusu_2026_GE_virgin_CLM2,93,Matusu2026_93_35,60.0,0.1,6.515448448308981,3276788.78307462,=,1,10000000,-0.061802981238033655,0.015037593984962405,0.015037593984962405,0
SYN:Romano_2018_transfer:13:Matusu_2026:93:3,Romano_2018_transfer,13,True,True,Matusu_2026,Matusu_2026_GE_virgin_CLM2,93,Matusu2026_93_26,70.0,0.1,4.720496995669564,52540.8380466044,=,1,10000000,-0.061802981238033655,0.015037593984962405,0.015037593984962405,0
SYN:Romano_2018_transfer:13:Matusu_2026:93:4,Romano_2018_transfer,13,True,True,Matusu_2026,Matusu_2026_GE_virgin_CLM2,93,Matusu2026_93_26,70.0,0.1,5.24239981590998,174743.01145613604,=,1,10000000,-0.061802981238033655,0.015037593984962405,0.015037593984962405,0
SYN:Romano_2018_transfer:13:Matusu_2026:93:5,Romano_2018_transfer,13,True,True,Matusu_2026,Matusu_2026_GE_virgin_CLM2,93,Matusu2026_93_2,130.0,0.1,4.739580329856546,54901.00945985511,=,1,10000000,-0.061802981238033655,0.015037593984962405,0.015037593984962405,0
SYN:Romano_2018_transfer:13:Matusu_2026:93:6,Romano_2018_transfer,13,True,True,Matusu_2026,Matusu_2026_GE_virgin_CLM2,93,Matusu2026_93_17,70.0,0.1,4.3855038431701985,24294.269404743398,=,1,10000000,-0.061802981238033655,0.015037593984962405,0.015037593984962405,0
SYN:Romano_2018_transfer:13:Matusu_2026:93:7,Romano_2018_transfer,13,True,True,Matusu_2026,Matusu_2026_GE_virgin_CLM2,93,Matusu2026_93_16,120.0,0.1,4.500871705149312,31686.312800048636,=,1,10000000,-0.061802981238033655,0.015037593984962405,0.015037593984962405,0
SYN:Romano_2018_transfer:13:Matusu_2026:93:8,Romano_2018_transfer,13,True,True,Matusu_2026,Matusu_2026_GE_virgin_CLM2,93,Matusu2026_93_22,120.0,0.1,4.6375293684386465,43403.96138559738,=,1,10000000,-0.061802981238033655,0.015037593984962405,0.015037593984962405,1
SYN:Romano_2018_transfer:13:Matusu_2026:93:9,Romano_2018_transfer,13,True,True,Matusu_2026,Matusu_2026_GE_virgin_CLM2,93,Matusu2026_93_14,80.0,0.1,5.0532069015738825,113033.42872593724,=,1,10000000,-0.061802981238033655,0.015037593984962405,0.015037593984962405,0
SYN:Romano_2018_transfer:13:Matusu_2026:93:10,Romano_2018_transfer,13,True,True,Matusu_2026,Matusu_2026_GE_virgin_CLM2,93,Matusu2026_93_7,90.0,0.1,3.3451163835773854,2213.6878610388976,=,1,10000000,-0.061802981238033655,0.015037593984962405,0.015037593984962405,0
SYN:Romano_2018_transfer:13:Matusu_2026:93:11,Romano_2018_transfer,13,True,True,Matusu_2026,Matusu_2026_GE_virgin_CLM2,93,Matusu2026_93_26,70.0,0.1,2.3609632744939466,229.59544857198307,=,1,10000000,-0.061802981238033655,0.015037593984962405,0.015037593984962405,0
SYN:Romano_2018_transfer:13:Matusu_2026:93:12,Romano_2018_transfer,13,True,True,Matusu_2026,Matusu_2026_GE_virgin_CLM2,93,Matusu2026_93_28,140.0,0.1,2.011607570397036,102.7087799534129,=,1,10000000,-0.061802981238033655,0.015037593984962405,0.015037593984962405,0
SYN:Romano_2018_transfer:13:Matusu_2026:93:13,Romano_2018_transfer,13,True,True,Matusu_2026,Matusu_2026_GE_virgin_CLM2,93,Matusu2026_93_7,90.0,0.1,5.339450753067787,218499.65373719233,=,1,10000000,-0.061802981238033655,0.015037593984962405,0.015037593984962405,0
SYN:Romano_2018_transfer:13:Matusu_2026:93:14,Romano_2018_transfer,13,True,True,Matusu_2026,Matusu_2026_GE_virgin_CLM2,93,Matusu2026_93_22,120.0,0.1,4.265384567301407,18424.027250121293,=,1,10000000,-0.061802981238033655,0.015037593984962405,0.015037593984962405,0
SYN:Romano_2018_transfer:13:Matusu_2026:94:0,Romano_2018_transfer,13,True,True,Matusu_2026,Matusu_2026_GE_virgin_CLM2,94,Matusu2026_94_34,80.0,0.1,5.492307426151163,310675.80058626365,=,1,10000000,-0.061802981238033655,0.015037593984962405,0.015037593984962405,0
SYN:Romano_2018_transfer:13:Matusu_2026:94:1,Romano_2018_transfer,13,True,True,Matusu_2026,Matusu_2026_GE_virgin_CLM2,94,Matusu2026_94_9,125.0,0.1,4.3038815407853805,20131.750564624042,=,1,10000000,-0.061802981238033655,0.015037593984962405,0.015037593984962405,0
SYN:Romano_2018_transfer:13:Matusu_2026:94:2,Romano_2018_transfer,13,True,True,Matusu_2026,Matusu_2026_GE_virgin_CLM2,94,Matusu2026_94_11,85.0,0.1,4.992365114793731,98257.36532950435,=,1,10000000,-0.061802981238033655,0.015037593984962405,0.015037593984962405,0
SYN:Romano_2018_transfer:13:Matusu_2026:94:3,Romano_2018_transfer,13,True,True,Matusu_2026,Matusu_2026_GE_virgin_CLM2,94,Matusu2026_94_5,85.0,0.1,4.74239059789124,55257.41927359761,=,1,10000000,-0.061802981238033655,0.015037593984962405,0.015037593984962405,0
SYN:Romano_2018_transfer:13:Matusu_2026:94:4,Romano_2018_transfer,13,True,True,Matusu_2026,Matusu_2026_GE_virgin_CLM2,94,Matusu2026_94_1,140.0,0.1,4.619200321506214,41610.24965561112,=,1,10000000,-0.061802981238033655,0.015037593984962405,0.015037593984962405,0
SYN:Romano_2018_transfer:13:Matusu_2026:94:5,Romano_2018_transfer,13,True,True,Matusu_2026,Matusu_2026_GE_virgin_CLM2,94,Matusu2026_94_18,140.0,0.1,4.471723644385493,29629.453716235057,=,1,10000000,-0.061802981238033655,0.015037593984962405,0.015037593984962405,0
SYN:Romano_2018_transfer:13:Matusu_2026:94:6,Romano_2018_transfer,13,True,True,Matusu_2026,Matusu_2026_GE_virgin_CLM2,94,Matusu2026_94_36,125.0,0.1,4.223670046733843,16736.708290376104,=,1,10000000,-0.061802981238033655,0.015037593984962405,0.015037593984962405,0
SYN:Romano_2018_transfer:13:Matusu_2026:94:7,Romano_2018_transfer,13,True,True,Matusu_2026,Matusu_2026_GE_virgin_CLM2,94,Matusu2026_94_33,70.0,0.1,5.67522467080592,473396.09462125716,=,1,10000000,-0.061802981238033655,0.015037593984962405,0.015037593984962405,0
SYN:Romano_2018_transfer:13:Matusu_2026:94:8,Romano_2018_transfer,13,True,True,Matusu_2026,Matusu_2026_GE_virgin_CLM2,94,Matusu2026_94_18,140.0,0.1,4.179385393684482,15114.207966961454,=,1,10000000,-0.061802981238033655,0.015037593984962405,0.015037593984962405,0
SYN:Romano_2018_transfer:13:Matusu_2026:94:9,Romano_2018_transfer,13,True,True,Matusu_2026,Matusu_2026_GE_virgin_CLM2,94,Matusu2026_94_9,125.0,0.1,3.4102898793857968,2572.112022567938,=,1,10000000,-0.061802981238033655,0.015037593984962405,0.015037593984962405,0
SYN:Romano_2018_transfer:13:Matusu_2026:94:10,Romano_2018_transfer,13,True,True,Matusu_2026,Matusu_2026_GE_virgin_CLM2,94,Matusu2026_94_21,110.0,0.1,4.204069991123853,15998.158349893583,=,1,10000000,-0.061802981238033655,0.015037593984962405,0.015037593984962405,0
SYN:Romano_2018_transfer:13:Matusu_2026:94:11,Romano_2018_transfer,13,True,True,Matusu_2026,Matusu_2026_GE_virgin_CLM2,94,Matusu2026_94_30,75.0,0.1,3.812001623620578,6486.36858488518,=,1,10000000,-0.061802981238033655,0.015037593984962405,0.015037593984962405,0
SYN:Romano_2018_transfer:13:Matusu_2026:94:12,Romano_2018_transfer,13,True,True,Matusu_2026,Matusu_2026_GE_virgin_CLM2,94,Matusu2026_94_1,140.0,0.1,3.20736567591794,1612.0023697752906,=,1,10000000,-0.061802981238033655,0.015037593984962405,0.015037593984962405,0
SYN:Romano_2018_transfer:13:Matusu_2026:94:13,Romano_2018_transfer,13,True,True,Matusu_2026,Matusu_2026_GE_virgin_CLM2,94,Matusu2026_94_27,100.0,0.1,4.49784940983583,31466.57032074448,=,1,10000000,-0.061802981238033655,0.015037593984962405,0.015037593984962405,0
SYN:Romano_2018_transfer:13:Matusu_2026:94:14,Romano_2018_transfer,13,True,True,Matusu_2026,Matusu_2026_GE_virgin_CLM2,94,Matusu2026_94_5,85.0,0.1,4.6126112822291665,40983.71117111351,=,1,10000000,-0.061802981238033655,0.015037593984962405,0.015037593984962405,0
SYN:Romano_2018_transfer:13:Matusu_2026:C01:0,Romano_2018_transfer,13,True,True,Matusu_2026,Matusu_2026_Aconity_TWO,C01,Matusu2026_C01_1,60.0,0.1,5.782669573917306,606274.8794211376,=,1,10000000,-0.061802981238033655,0.015037593984962405,0.015037593984962405,0
SYN:Romano_2018_transfer:13:Matusu_2026:C01:1,Romano_2018_transfer,13,True,True,Matusu_2026,Matusu_2026_Aconity_TWO,C01,Matusu2026_C01_7,40.0,0.1,5.964535322107545,921584.8401710297,=,1,10000000,-0.061802981238033655,0.015037593984962405,0.015037593984962405,0
SYN:Romano_2018_transfer:13:Matusu_2026:C01:2,Romano_2018_transfer,13,True,True,Matusu_2026,Matusu_2026_Aconity_TWO,C01,Matusu2026_C01_3,70.0,0.1,5.066085617581493,116435.55498960514,=,1,10000000,-0.061802981238033655,0.015037593984962405,0.015037593984962405,0
SYN:Romano_2018_transfer:13:Matusu_2026:C01:3,Romano_2018_transfer,13,True,True,Matusu_2026,Matusu_2026_Aconity_TWO,C01,Matusu2026_C01_2,50.0,0.1,6.863683233731857,7306059.987523848,=,1,10000000,-0.061802981238033655,0.015037593984962405,0.015037593984962405,0
SYN:Romano_2018_transfer:13:Matusu_2026:C01:4,Romano_2018_transfer,13,True,True,Matusu_2026,Matusu_2026_Aconity_TWO,C01,Matusu2026_C01_10,43.0,0.1,7.043449678993998,10000000,>=,0,10000000,-0.061802981238033655,0.015037593984962405,0.015037593984962405,0
SYN:Romano_2018_transfer:13:Matusu_2026:C01:5,Romano_2018_transfer,13,True,True,Matusu_2026,Matusu_2026_Aconity_TWO,C01,Matusu2026_C01_3,70.0,0.1,5.271829275480516,186994.6905272136,=,1,10000000,-0.061802981238033655,0.015037593984962405,0.015037593984962405,0
SYN:Romano_2018_transfer:13:Matusu_2026:C01:6,Romano_2018_transfer,13,True,True,Matusu_2026,Matusu_2026_Aconity_TWO,C01,Matusu2026_C01_7,40.0,0.1,6.409563810262046,2567815.4658145183,=,1,10000000,-0.061802981238033655,0.015037593984962405,0.015037593984962405,0
SYN:Romano_2018_transfer:13:Matusu_2026:C01:7,Romano_2018_transfer,13,True,True,Matusu_2026,Matusu_2026_Aconity_TWO,C01,Matusu2026_C01_7,40.0,0.1,6.867351969488533,7368039.907924575,=,1,10000000,-0.061802981238033655,0.015037593984962405,0.015037593984962405,0
SYN:Romano_2018_transfer:13:Matusu_2026:C01:8,Romano_2018_transfer,13,True,True,Matusu_2026,Matusu_2026_Aconity_TWO,C01,Matusu2026_C01_6,45.0,0.1,7.551721621806797,10000000,>=,0,10000000,-0.061802981238033655,0.015037593984962405,0.015037593984962405,0
SYN:Romano_2018_transfer:13:Matusu_2026:C01:9,Romano_2018_transfer,13,True,True,Matusu_2026,Matusu_2026_Aconity_TWO,C01,Matusu2026_C01_5,110.0,0.1,3.5630933981485993,3656.734238546533,=,1,10000000,-0.061802981238033655,0.015037593984962405,0.015037593984962405,0
SYN:Romano_2018_transfer:13:Matusu_2026:C02:0,Romano_2018_transfer,13,True,True,Matusu_2026,Matusu_2026_Aconity_TWO,C02,Matusu2026_C02_3,80.0,0.1,6.325813983764164,2117453.996881145,=,1,10000000,-0.061802981238033655,0.015037593984962405,0.015037593984962405,0
SYN:Romano_2018_transfer:13:Matusu_2026:C02:1,Romano_2018_transfer,13,True,True,Matusu_2026,Matusu_2026_Aconity_TWO,C02,Matusu2026_C02_8,110.0,0.1,3.329871899133476,2137.3315624747042,=,1,10000000,-0.061802981238033655,0.015037593984962405,0.015037593984962405,0
SYN:Romano_2018_transfer:13:Matusu_2026:C02:2,Romano_2018_transfer,13,True,True,Matusu_2026,Matusu_2026_Aconity_TWO,C02,Matusu2026_C02_10,70.0,0.1,5.54838737811556,353498.33950355713,=,1,10000000,-0.061802981238033655,0.015037593984962405,0.015037593984962405,0
SYN:Romano_2018_transfer:13:Matusu_2026:C02:3,Romano_2018_transfer,13,True,True,Matusu_2026,Matusu_2026_Aconity_TWO,C02,Matusu2026_C02_4,90.0,0.1,5.410556596344203,257369.2140723982,=,1,10000000,-0.061802981238033655,0.015037593984962405,0.015037593984962405,0
SYN:Romano_2018_transfer:13:Matusu_2026:C02:4,Romano_2018_transfer,13,True,True,Matusu_2026,Matusu_2026_Aconity_TWO,C02,Matusu2026_C02_2,60.0,0.1,5.989098642280306,975211.1144531467,=,1,10000000,-0.061802981238033655,0.015037593984962405,0.015037593984962405,0
SYN:Romano_2018_transfer:13:Matusu_2026:C02:5,Romano_2018_transfer,13,True,True,Matusu_2026,Matusu_2026_Aconity_TWO,C02,Matusu2026_C02_1,100.0,0.1,4.695337579433635,49583.54566146509,=,1,10000000,-0.061802981238033655,0.015037593984962405,0.015037593984962405,0
SYN:Romano_2018_transfer:13:Matusu_2026:C02:6,Romano_2018_transfer,13,True,True,Matusu_2026,Matusu_2026_Aconity_TWO,C02,Matusu2026_C02_1,100.0,0.1,5.281822253372495,191347.26249106656,=,1,10000000,-0.061802981238033655,0.015037593984962405,0.015037593984962405,0
SYN:Romano_2018_transfer:13:Matusu_2026:C02:7,Romano_2018_transfer,13,True,True,Matusu_2026,Matusu_2026_Aconity_TWO,C02,Matusu2026_C02_2,60.0,0.1,4.204083301073962,15998.648657648617,=,1,10000000,-0.061802981238033655,0.015037593984962405,0.015037593984962405,0
SYN:Romano_2018_transfer:13:Matusu_2026:C02:8,Romano_2018_transfer,13,True,True,Matusu_2026,Matusu_2026_Aconity_TWO,C02,Matusu2026_C02_8,110.0,0.1,5.185394141223633,153247.76211911673,=,1,10000000,-0.061802981238033655,0.015037593984962405,0.015037593984962405,0
SYN:Romano_2018_transfer:13:Matusu_2026:C02:9,Romano_2018_transfer,13,True,True,Matusu_2026,Matusu_2026_Aconity_TWO,C02,Matusu2026_C02_9,65.0,0.1,5.862750224636802,729038.0986852484,=,1,10000000,-0.061802981238033655,0.015037593984962405,0.015037593984962405,0
SYN:Romano_2018_transfer:13:Matusu_2026:C03:0,Romano_2018_transfer,13,True,True,Matusu_2026,Matusu_2026_Aconity_TWO,C03,Matusu2026_C03_9,75.0,0.1,6.36287579406771,2306087.565513791,=,1,10000000,-0.061802981238033655,0.015037593984962405,0.015037593984962405,0
SYN:Romano_2018_transfer:13:Matusu_2026:C03:1,Romano_2018_transfer,13,True,True,Matusu_2026,Matusu_2026_Aconity_TWO,C03,Matusu2026_C03_5,70.0,0.1,5.979767947887387,954482.4509354181,=,1,10000000,-0.061802981238033655,0.015037593984962405,0.015037593984962405,0
SYN:Romano_2018_transfer:13:Matusu_2026:C03:2,Romano_2018_transfer,13,True,True,Matusu_2026,Matusu_2026_Aconity_TWO,C03,Matusu2026_C03_6,65.0,0.1,5.043143439153699,110444.33361609984,=,1,10000000,-0.061802981238033655,0.015037593984962405,0.015037593984962405,0
SYN:Romano_2018_transfer:13:Matusu_2026:C03:3,Romano_2018_transfer,13,True,True,Matusu_2026,Matusu_2026_Aconity_TWO,C03,Matusu2026_C03_8,60.0,0.1,4.190251657360862,15497.143601219665,=,1,10000000,-0.061802981238033655,0.015037593984962405,0.015037593984962405,0
SYN:Romano_2018_transfer:13:Matusu_2026:C03:4,Romano_2018_transfer,13,True,True,Matusu_2026,Matusu_2026_Aconity_TWO,C03,Matusu2026_C03_9,75.0,0.1,6.885787610089336,7687543.92202551,=,1,10000000,-0.061802981238033655,0.015037593984962405,0.015037593984962405,0
SYN:Romano_2018_transfer:13:Matusu_2026:C03:5,Romano_2018_transfer,13,True,True,Matusu_2026,Matusu_2026_Aconity_TWO,C03,Matusu2026_C03_5,70.0,0.1,5.929154318771872,849482.2697364105,=,1,10000000,-0.061802981238033655,0.015037593984962405,0.015037593984962405,0
SYN:Romano_2018_transfer:13:Matusu_2026:C03:6,Romano_2018_transfer,13,True,True,Matusu_2026,Matusu_2026_Aconity_TWO,C03,Matusu2026_C03_10,85.0,0.1,5.2284307509539945,169211.84115621852,=,1,10000000,-0.061802981238033655,0.015037593984962405,0.015037593984962405,0
SYN:Romano_2018_transfer:13:Matusu_2026:C03:7,Romano_2018_transfer,13,True,True,Matusu_2026,Matusu_2026_Aconity_TWO,C03,Matusu2026_C03_6,65.0,0.1,6.214525020697456,1638796.4733744063,=,1,10000000,-0.061802981238033655,0.015037593984962405,0.015037593984962405,0
SYN:Romano_2018_transfer:13:Matusu_2026:C03:8,Romano_2018_transfer,13,True,True,Matusu_2026,Matusu_2026_Aconity_TWO,C03,Matusu2026_C03_7,110.0,0.1,2.2974237832860163,198.34615377770203,=,1,10000000,-0.061802981238033655,0.015037593984962405,0.015037593984962405,0
SYN:Romano_2018_transfer:13:Matusu_2026:C03:9,Romano_2018_transfer,13,True,True,Matusu_2026,Matusu_2026_Aconity_TWO,C03,Matusu2026_C03_9,75.0,0.1,5.651452280480758,448179.8020770578,=,1,10000000,-0.061802981238033655,0.015037593984962405,0.015037593984962405,0
SYN:Romano_2018_transfer:13:Wu_2021:Horizontal:0,Romano_2018_transfer,13,True,True,Wu_2021,Wu_2021,Horizontal,Wu_2021:H-HCF04,66.15,0.1,6.222677655993379,1669850.7500933115,=,1,10000000,0.0,0.04878048780487805,0.04878048780487805,0
SYN:Romano_2018_transfer:13:Wu_2021:Horizontal:1,Romano_2018_transfer,13,True,True,Wu_2021,Wu_2021,Horizontal,Wu_2021:H-HCF07,59.85,0.1,3.7765938709290503,5978.522539790256,=,1,10000000,0.0,0.04878048780487805,0.04878048780487805,0
SYN:Romano_2018_transfer:13:Wu_2021:Horizontal:2,Romano_2018_transfer,13,True,True,Wu_2021,Wu_2021,Horizontal,Wu_2021:H-HCF05,81.0,0.1,5.2955605314794685,197497.01293560388,=,1,10000000,0.0,0.04878048780487805,0.04878048780487805,0
SYN:Romano_2018_transfer:13:Wu_2021:Horizontal:3,Romano_2018_transfer,13,True,True,Wu_2021,Wu_2021,Horizontal,Wu_2021:H-HCF18,90.0,0.1,5.21791176729406,165162.62142867848,=,1,10000000,0.0,0.04878048780487805,0.04878048780487805,0
SYN:Romano_2018_transfer:13:Wu_2021:Horizontal:4,Romano_2018_transfer,13,True,True,Wu_2021,Wu_2021,Horizontal,Wu_2021:H-HCF16,63.0,0.1,5.815328045213691,653624.0824999213,=,1,10000000,0.0,0.04878048780487805,0.04878048780487805,0
SYN:Romano_2018_transfer:13:Wu_2021:Horizontal:5,Romano_2018_transfer,13,True,True,Wu_2021,Wu_2021,Horizontal,Wu_2021:H-HCF19,90.0,0.1,5.445058228084055,278649.4743198129,=,1,10000000,0.0,0.04878048780487805,0.04878048780487805,0
SYN:Romano_2018_transfer:13:Wu_2021:Horizontal:6,Romano_2018_transfer,13,True,True,Wu_2021,Wu_2021,Horizontal,Wu_2021:H-HCF07,59.85,0.1,6.544124923201547,3500458.4194012275,=,1,10000000,0.0,0.04878048780487805,0.04878048780487805,0
SYN:Romano_2018_transfer:13:Wu_2021:Horizontal:7,Romano_2018_transfer,13,True,True,Wu_2021,Wu_2021,Horizontal,Wu_2021:H-HCF11,81.0,0.1,3.2068216120127713,1609.9841926681067,=,1,10000000,0.0,0.04878048780487805,0.04878048780487805,0
SYN:Romano_2018_transfer:13:Wu_2021:Horizontal:8,Romano_2018_transfer,13,True,True,Wu_2021,Wu_2021,Horizontal,Wu_2021:H-HCF17,63.0,0.1,5.030411510006446,107253.50903890612,=,1,10000000,0.0,0.04878048780487805,0.04878048780487805,0
SYN:Romano_2018_transfer:13:Wu_2021:Horizontal:9,Romano_2018_transfer,13,True,True,Wu_2021,Wu_2021,Horizontal,Wu_2021:H-HCF01,72.0,0.1,5.332244903364073,214904.20005717035,=,1,10000000,0.0,0.04878048780487805,0.04878048780487805,0
SYN:Romano_2018_transfer:13:Wu_2021:Horizontal:10,Romano_2018_transfer,13,True,True,Wu_2021,Wu_2021,Horizontal,Wu_2021:H-HCF07,59.85,0.1,4.984573849154282,96510.34078604153,=,1,10000000,0.0,0.04878048780487805,0.04878048780487805,0
SYN:Romano_2018_transfer:13:Wu_2021:Horizontal:11,Romano_2018_transfer,13,True,True,Wu_2021,Wu_2021,Horizontal,Wu_2021:H-HCF06,66.15,0.1,6.795998893078027,6251710.993487883,=,1,10000000,0.0,0.04878048780487805,0.04878048780487805,0
SYN:Romano_2018_transfer:13:Wu_2021:Horizontal:12,Romano_2018_transfer,13,True,True,Wu_2021,Wu_2021,Horizontal,Wu_2021:H-HCF10,66.15,0.1,5.358251750497526,228166.43169215746,=,1,10000000,0.0,0.04878048780487805,0.04878048780487805,0
SYN:Romano_2018_transfer:13:Wu_2021:Horizontal:13,Romano_2018_transfer,13,True,True,Wu_2021,Wu_2021,Horizontal,Wu_2021:H-HCF06,66.15,0.1,5.932128775167102,855320.2912512413,=,1,10000000,0.0,0.04878048780487805,0.04878048780487805,0
SYN:Romano_2018_transfer:13:Wu_2021:Horizontal:14,Romano_2018_transfer,13,True,True,Wu_2021,Wu_2021,Horizontal,Wu_2021:H-HCF02,72.0,0.1,4.420492753509832,26332.540057272883,=,1,10000000,0.0,0.04878048780487805,0.04878048780487805,0
SYN:Romano_2018_transfer:13:Wu_2021:Horizontal:15,Romano_2018_transfer,13,True,True,Wu_2021,Wu_2021,Horizontal,Wu_2021:H-HCF08,57.15,0.1,6.192300798444615,1557043.6885032684,=,1,10000000,0.0,0.04878048780487805,0.04878048780487805,0
SYN:Romano_2018_transfer:13:Wu_2021:Horizontal:16,Romano_2018_transfer,13,True,True,Wu_2021,Wu_2021,Horizontal,Wu_2021:H-HCF13,72.0,0.1,3.5967102945207525,3951.0297020319686,=,1,10000000,0.0,0.04878048780487805,0.04878048780487805,0
SYN:Romano_2018_transfer:13:Wu_2021:Horizontal:17,Romano_2018_transfer,13,True,True,Wu_2021,Wu_2021,Horizontal,Wu_2021:H-HCF08,57.15,0.1,5.3451760504511086,221399.20161994104,=,1,10000000,0.0,0.04878048780487805,0.04878048780487805,0
SYN:Romano_2018_transfer:13:Wu_2021:Horizontal:18,Romano_2018_transfer,13,True,True,Wu_2021,Wu_2021,Horizontal,Wu_2021:H-HCF12,63.0,0.1,4.915381205999887,82296.46978867981,=,1,10000000,0.0,0.04878048780487805,0.04878048780487805,0
SYN:Romano_2018_transfer:13:Wu_2021:Vertical:0,Romano_2018_transfer,13,True,True,Wu_2021,Wu_2021,Vertical,Wu_2021:V-HCF16,22.5,0.1,7.518235732260834,10000000,>=,0,10000000,0.0,0.04878048780487805,0.04878048780487805,0
SYN:Romano_2018_transfer:13:Wu_2021:Vertical:1,Romano_2018_transfer,13,True,True,Wu_2021,Wu_2021,Vertical,Wu_2021:V-HCF04,63.0,0.1,5.835396174504624,684535.8135786145,=,1,10000000,0.0,0.04878048780487805,0.04878048780487805,0
SYN:Romano_2018_transfer:13:Wu_2021:Vertical:2,Romano_2018_transfer,13,True,True,Wu_2021,Wu_2021,Vertical,Wu_2021:V-HCF18,36.0,0.1,7.427343709212068,10000000,>=,0,10000000,0.0,0.04878048780487805,0.04878048780487805,0
SYN:Romano_2018_transfer:13:Wu_2021:Vertical:3,Romano_2018_transfer,13,True,True,Wu_2021,Wu_2021,Vertical,Wu_2021:V-HCF12,45.0,0.1,5.098050573515117,125328.7111505168,=,1,10000000,0.0,0.04878048780487805,0.04878048780487805,0
SYN:Romano_2018_transfer:13:Wu_2021:Vertical:4,Romano_2018_transfer,13,True,True,Wu_2021,Wu_2021,Vertical,Wu_2021:V-HCF18,36.0,0.1,7.796346387592839,10000000,>=,0,10000000,0.0,0.04878048780487805,0.04878048780487805,0
SYN:Romano_2018_transfer:13:Wu_2021:Vertical:5,Romano_2018_transfer,13,True,True,Wu_2021,Wu_2021,Vertical,Wu_2021:V-HCF15,27.0,0.1,6.846655586231288,7025149.7502649035,=,1,10000000,0.0,0.04878048780487805,0.04878048780487805,0
SYN:Romano_2018_transfer:13:Wu_2021:Vertical:6,Romano_2018_transfer,13,True,True,Wu_2021,Wu_2021,Vertical,Wu_2021:V-HCF19,45.0,0.1,6.062287831333268,1154217.969427443,=,1,10000000,0.0,0.04878048780487805,0.04878048780487805,0
SYN:Romano_2018_transfer:13:Wu_2021:Vertical:7,Romano_2018_transfer,13,True,True,Wu_2021,Wu_2021,Vertical,Wu_2021:V-HCF11,36.0,0.1,5.8420174227589765,695052.2007062932,=,1,10000000,0.0,0.04878048780487805,0.04878048780487805,0
SYN:Romano_2018_transfer:13:Wu_2021:Vertical:8,Romano_2018_transfer,13,True,True,Wu_2021,Wu_2021,Vertical,Wu_2021:V-HCF20,36.0,0.1,7.253073159024776,10000000,>=,0,10000000,0.0,0.04878048780487805,0.04878048780487805,0
SYN:Romano_2018_transfer:13:Wu_2021:Vertical:9,Romano_2018_transfer,13,True,True,Wu_2021,Wu_2021,Vertical,Wu_2021:V-HCF05,36.0,0.1,7.352501560635979,10000000,>=,0,10000000,0.0,0.04878048780487805,0.04878048780487805,0
SYN:Romano_2018_transfer:13:Wu_2021:Vertical:10,Romano_2018_transfer,13,True,True,Wu_2021,Wu_2021,Vertical,Wu_2021:V-HCF02,63.0,0.1,5.421464957533611,263915.53649180726,=,1,10000000,0.0,0.04878048780487805,0.04878048780487805,0
SYN:Romano_2018_transfer:13:Wu_2021:Vertical:11,Romano_2018_transfer,13,True,True,Wu_2021,Wu_2021,Vertical,Wu_2021:V-HCF12,45.0,0.1,6.2381991892188955,1730609.9216762597,=,1,10000000,0.0,0.04878048780487805,0.04878048780487805,0
SYN:Romano_2018_transfer:13:Wu_2021:Vertical:12,Romano_2018_transfer,13,True,True,Wu_2021,Wu_2021,Vertical,Wu_2021:V-HCF14,27.0,0.1,8.474172293281752,10000000,>=,0,10000000,0.0,0.04878048780487805,0.04878048780487805,0
SYN:Romano_2018_transfer:13:Wu_2021:Vertical:13,Romano_2018_transfer,13,True,True,Wu_2021,Wu_2021,Vertical,Wu_2021:V-HCF17,27.0,0.1,8.780742693265422,10000000,>=,0,10000000,0.0,0.04878048780487805,0.04878048780487805,0
SYN:Romano_2018_transfer:13:Wu_2021:Vertical:14,Romano_2018_transfer,13,True,True,Wu_2021,Wu_2021,Vertical,Wu_2021:V-HCF08,22.5,0.1,8.326537169736982,10000000,>=,0,10000000,0.0,0.04878048780487805,0.04878048780487805,0
SYN:Romano_2018_transfer:13:Wu_2021:Vertical:15,Romano_2018_transfer,13,True,True,Wu_2021,Wu_2021,Vertical,Wu_2021:V-HCF17,27.0,0.1,8.260365642010722,10000000,>=,0,10000000,0.0,0.04878048780487805,0.04878048780487805,0
SYN:Romano_2018_transfer:13:Wu_2021:Vertical:16,Romano_2018_transfer,13,True,True,Wu_2021,Wu_2021,Vertical,Wu_2021:V-HCF12,45.0,0.1,6.624386806349415,4211015.173871183,=,1,10000000,0.0,0.04878048780487805,0.04878048780487805,0
SYN:Romano_2018_transfer:13:Wu_2021:Vertical:17,Romano_2018_transfer,13,True,True,Wu_2021,Wu_2021,Vertical,Wu_2021:V-HCF13,45.0,0.1,7.232451465329102,10000000,>=,0,10000000,0.0,0.04878048780487805,0.04878048780487805,0
SYN:Romano_2018_transfer:13:Wu_2021:Vertical:18,Romano_2018_transfer,13,True,True,Wu_2021,Wu_2021,Vertical,Wu_2021:V-HCF22,63.0,0.1,6.3257699354873935,2117239.245200458,=,1,10000000,0.0,0.04878048780487805,0.04878048780487805,0
SYN:Romano_2018_transfer:13:Wu_2021:Vertical:19,Romano_2018_transfer,13,True,True,Wu_2021,Wu_2021,Vertical,Wu_2021:V-HCF21,45.0,0.1,5.69456496402141,494954.1431912864,=,1,10000000,0.0,0.04878048780487805,0.04878048780487805,0
SYN:Romano_2018_transfer:13:Wu_2021:Vertical:20,Romano_2018_transfer,13,True,True,Wu_2021,Wu_2021,Vertical,Wu_2021:V-HCF04,63.0,0.1,5.018406994610006,104329.46842999208,=,1,10000000,0.0,0.04878048780487805,0.04878048780487805,0
SYN:Romano_2018_transfer:13:Wu_2021:Vertical:21,Romano_2018_transfer,13,True,True,Wu_2021,Wu_2021,Vertical,Wu_2021:V-HCF09,63.0,0.1,4.735059860378841,54332.52148106057,=,1,10000000,0.0,0.04878048780487805,0.04878048780487805,0
SYN:Romano_2018_transfer:29:Chen_2024:L10:0,Romano_2018_transfer,29,True,True,Chen_2024,Chen_2024,L10,Chen_2024:Chen2024-L10-T4-r02,99.0,0.1,3.7320773972654138,5396.067793156642,=,1,10000000,0.2472704497844375,0.1111111111111111,0.0,0
SYN:Romano_2018_transfer:29:Chen_2024:L10:1,Romano_2018_transfer,29,True,True,Chen_2024,Chen_2024,L10,Chen_2024:Chen2024-L10-T4-r08,81.0,0.1,4.88248458107244,76292.98040842192,=,1,10000000,0.2472704497844375,0.1111111111111111,0.0,0
SYN:Romano_2018_transfer:29:Chen_2024:L10:2,Romano_2018_transfer,29,True,True,Chen_2024,Chen_2024,L10,Chen_2024:Chen2024-L10-T4-r08,81.0,0.1,5.0662740704991,116486.09070309556,=,1,10000000,0.2472704497844375,0.1111111111111111,0.0,0
SYN:Romano_2018_transfer:29:Chen_2024:L10:3,Romano_2018_transfer,29,True,True,Chen_2024,Chen_2024,L10,Chen_2024:Chen2024-L10-T4-r04,90.0,0.1,4.528394671117546,33759.39624827837,=,1,10000000,0.2472704497844375,0.1111111111111111,0.0,0
SYN:Romano_2018_transfer:29:Chen_2024:L10:4,Romano_2018_transfer,29,True,True,Chen_2024,Chen_2024,L10,Chen_2024:Chen2024-L10-T4-r01,99.0,0.1,3.3313164252516207,2144.452471702253,=,1,10000000,0.2472704497844375,0.1111111111111111,0.0,0
SYN:Romano_2018_transfer:29:Chen_2024:L10:5,Romano_2018_transfer,29,True,True,Chen_2024,Chen_2024,L10,Chen_2024:Chen2024-L10-T4-r03,90.0,0.1,6.118674780621232,1314240.3009435555,=,1,10000000,0.2472704497844375,0.1111111111111111,0.0,0
SYN:Romano_2018_transfer:29:Chen_2024:L10:6,Romano_2018_transfer,29,True,True,Chen_2024,Chen_2024,L10,Chen_2024:Chen2024-L10-T4-r08,81.0,0.1,4.594008706216679,39265.28067548496,=,1,10000000,0.2472704497844375,0.1111111111111111,0.0,0
SYN:Romano_2018_transfer:29:Chen_2024:L10:7,Romano_2018_transfer,29,True,True,Chen_2024,Chen_2024,L10,Chen_2024:Chen2024-L10-T4-r08,81.0,0.1,5.789707781948484,616180.2611881077,=,1,10000000,0.2472704497844375,0.1111111111111111,0.0,0
SYN:Romano_2018_transfer:29:Chen_2024:L10:8,Romano_2018_transfer,29,True,True,Chen_2024,Chen_2024,L10,Chen_2024:Chen2024-L10-T4-r07,81.0,0.1,4.833404947869091,68140.44224039734,=,1,10000000,0.2472704497844375,0.1111111111111111,0.0,0
SYN:Romano_2018_transfer:29:Chen_2024:L40:0,Romano_2018_transfer,29,True,True,Chen_2024,Chen_2024,L40,Chen_2024:Chen2024-L40-T3-r01,99.0,0.1,5.006593299892053,101529.74604536332,=,1,10000000,0.2472704497844375,0.1111111111111111,0.0,0
SYN:Romano_2018_transfer:29:Chen_2024:L40:1,Romano_2018_transfer,29,True,True,Chen_2024,Chen_2024,L40,Chen_2024:Chen2024-L40-T3-r05,81.0,0.1,5.304769561862771,201729.56956620785,=,1,10000000,0.2472704497844375,0.1111111111111111,0.0,0
SYN:Romano_2018_transfer:29:Chen_2024:L40:2,Romano_2018_transfer,29,True,True,Chen_2024,Chen_2024,L40,Chen_2024:Chen2024-L40-T3-r08,72.0,0.1,5.001341476207406,100309.36385711007,=,1,10000000,0.2472704497844375,0.1111111111111111,0.0,0
SYN:Romano_2018_transfer:29:Chen_2024:L40:3,Romano_2018_transfer,29,True,True,Chen_2024,Chen_2024,L40,Chen_2024:Chen2024-L40-T3-r09,67.5,0.1,5.541440207510296,347888.60798915074,=,1,10000000,0.2472704497844375,0.1111111111111111,0.0,0
SYN:Romano_2018_transfer:29:Chen_2024:L40:4,Romano_2018_transfer,29,True,True,Chen_2024,Chen_2024,L40,Chen_2024:Chen2024-L40-T3-r09,67.5,0.1,5.3981629724410265,250128.38121487986,=,1,10000000,0.2472704497844375,0.1111111111111111,0.0,0
SYN:Romano_2018_transfer:29:Chen_2024:L40:5,Romano_2018_transfer,29,True,True,Chen_2024,Chen_2024,L40,Chen_2024:Chen2024-L40-T3-r02,90.0,0.1,5.216013818869159,164442.40465120535,=,1,10000000,0.2472704497844375,0.1111111111111111,0.0,0
SYN:Romano_2018_transfer:29:Chen_2024:L40:6,Romano_2018_transfer,29,True,True,Chen_2024,Chen_2024,L40,Chen_2024:Chen2024-L40-T3-r03,90.0,0.1,3.6505625147696144,4472.625286178357,=,1,10000000,0.2472704497844375,0.1111111111111111,0.0,0
SYN:Romano_2018_transfer:29:Chen_2024:L40:7,Romano_2018_transfer,29,True,True,Chen_2024,Chen_2024,L40,Chen_2024:Chen2024-L40-T3-r03,90.0,0.1,4.259728361271838,18185.63043845875,=,1,10000000,0.2472704497844375,0.1111111111111111,0.0,0
SYN:Romano_2018_transfer:29:Chen_2024:L40:8,Romano_2018_transfer,29,True,True,Chen_2024,Chen_2024,L40,Chen_2024:Chen2024-L40-T3-r07,72.0,0.1,5.392382332715856,246821.12797708937,=,1,10000000,0.2472704497844375,0.1111111111111111,0.0,0
SYN:Romano_2018_transfer:29:Matusu_2026:71:0,Romano_2018_transfer,29,True,True,Matusu_2026,Matusu_2026_Eckart_CLM2,71,Matusu2026_71_12,50.0,0.1,6.727334252206957,5337455.3157097045,=,1,10000000,0.061802981238033655,0.015037593984962405,0.015037593984962405,0
SYN:Romano_2018_transfer:29:Matusu_2026:71:1,Romano_2018_transfer,29,True,True,Matusu_2026,Matusu_2026_Eckart_CLM2,71,Matusu2026_71_3,90.0,0.1,5.008988783711726,102091.3116797285,=,1,10000000,0.061802981238033655,0.015037593984962405,0.015037593984962405,0
SYN:Romano_2018_transfer:29:Matusu_2026:71:2,Romano_2018_transfer,29,True,True,Matusu_2026,Matusu_2026_Eckart_CLM2,71,Matusu2026_71_4,80.0,0.1,4.441793134468869,27656.23994421625,=,1,10000000,0.061802981238033655,0.015037593984962405,0.015037593984962405,0
SYN:Romano_2018_transfer:29:Matusu_2026:71:3,Romano_2018_transfer,29,True,True,Matusu_2026,Matusu_2026_Eckart_CLM2,71,Matusu2026_71_19,40.0,0.1,6.195104004728552,1567126.3201738496,=,1,10000000,0.061802981238033655,0.015037593984962405,0.015037593984962405,0
SYN:Romano_2018_transfer:29:Matusu_2026:71:4,Romano_2018_transfer,29,True,True,Matusu_2026,Matusu_2026_Eckart_CLM2,71,Matusu2026_71_11,70.0,0.1,6.298939823655284,1990397.5281002943,=,1,10000000,0.061802981238033655,0.015037593984962405,0.015037593984962405,0
SYN:Romano_2018_transfer:29:Matusu_2026:71:5,Romano_2018_transfer,29,True,True,Matusu_2026,Matusu_2026_Eckart_CLM2,71,Matusu2026_71_11,70.0,0.1,6.430648794797093,2695558.706758755,=,1,10000000,0.061802981238033655,0.015037593984962405,0.015037593984962405,0
SYN:Romano_2018_transfer:29:Matusu_2026:71:6,Romano_2018_transfer,29,True,True,Matusu_2026,Matusu_2026_Eckart_CLM2,71,Matusu2026_71_4,80.0,0.1,4.663252686701264,46052.44437949997,=,1,10000000,0.061802981238033655,0.015037593984962405,0.015037593984962405,0
SYN:Romano_2018_transfer:29:Matusu_2026:71:7,Romano_2018_transfer,29,True,True,Matusu_2026,Matusu_2026_Eckart_CLM2,71,Matusu2026_71_3,90.0,0.1,4.492873834459881,31108.124933571413,=,1,10000000,0.061802981238033655,0.015037593984962405,0.015037593984962405,0
SYN:Romano_2018_transfer:29:Matusu_2026:71:8,Romano_2018_transfer,29,True,True,Matusu_2026,Matusu_2026_Eckart_CLM2,71,Matusu2026_71_32,60.0,0.1,2.8561244266716743,717.999970951256,=,1,10000000,0.061802981238033655,0.015037593984962405,0.015037593984962405,0
SYN:Romano_2018_transfer:29:Matusu_2026:71:9,Romano_2018_transfer,29,True,True,Matusu_2026,Matusu_2026_Eckart_CLM2,71,Matusu2026_71_3,90.0,0.1,4.440501869250623,27574.133205272592,=,1,10000000,0.061802981238033655,0.015037593984962405,0.015037593984962405,0
SYN:Romano_2018_transfer:29:Matusu_2026:71:10,Romano_2018_transfer,29,True,True,Matusu_2026,Matusu_2026_Eckart_CLM2,71,Matusu2026_71_42,45.0,0.1,7.1563652476866055,10000000,>=,0,10000000,0.061802981238033655,0.015037593984962405,0.015037593984962405,0
SYN:Romano_2018_transfer:29:Matusu_2026:72:0,Romano_2018_transfer,29,True,True,Matusu_2026,Matusu_2026_Eckart_CLM2,72,Matusu2026_72_24,110.0,0.1,4.712476977367043,51579.48212535231,=,1,10000000,0.061802981238033655,0.015037593984962405,0.015037593984962405,0
SYN:Romano_2018_transfer:29:Matusu_2026:72:1,Romano_2018_transfer,29,True,True,Matusu_2026,Matusu_2026_Eckart_CLM2,72,Matusu2026_72_50,50.0,0.1,4.860509709134006,72528.66924970697,=,1,10000000,0.061802981238033655,0.015037593984962405,0.015037593984962405,0
SYN:Romano_2018_transfer:29:Matusu_2026:72:2,Romano_2018_transfer,29,True,True,Matusu_2026,Matusu_2026_Eckart_CLM2,72,Matusu2026_72_17,50.0,0.1,5.681758134378903,480571.63579332514,=,1,10000000,0.061802981238033655,0.015037593984962405,0.015037593984962405,0
SYN:Romano_2018_transfer:29:Matusu_2026:72:3,Romano_2018_transfer,29,True,True,Matusu_2026,Matusu_2026_Eckart_CLM2,72,Matusu2026_72_26,45.0,0.1,4.950518753342292,89231.6150008087,=,1,10000000,0.061802981238033655,0.015037593984962405,0.015037593984962405,0
SYN:Romano_2018_transfer:29:Matusu_2026:72:4,Romano_2018_transfer,29,True,True,Matusu_2026,Matusu_2026_Eckart_CLM2,72,Matusu2026_72_18,40.0,0.1,7.850517590498828,10000000,>=,0,10000000,0.061802981238033655,0.015037593984962405,0.015037593984962405,0
SYN:Romano_2018_transfer:29:Matusu_2026:72:5,Romano_2018_transfer,29,True,True,Matusu_2026,Matusu_2026_Eckart_CLM2,72,Matusu2026_72_24,110.0,0.1,5.423960394557024,265436.3486518068,=,1,10000000,0.061802981238033655,0.015037593984962405,0.015037593984962405,0
SYN:Romano_2018_transfer:29:Matusu_2026:72:6,Romano_2018_transfer,29,True,True,Matusu_2026,Matusu_2026_Eckart_CLM2,72,Matusu2026_72_53,47.5,0.1,6.4758651815748305,2991335.889379185,=,1,10000000,0.061802981238033655,0.015037593984962405,0.015037593984962405,0
SYN:Romano_2018_transfer:29:Matusu_2026:72:7,Romano_2018_transfer,29,True,True,Matusu_2026,Matusu_2026_Eckart_CLM2,72,Matusu2026_72_50,50.0,0.1,5.968324682873054,929661.1509617645,=,1,10000000,0.061802981238033655,0.015037593984962405,0.015037593984962405,0
SYN:Romano_2018_transfer:29:Matusu_2026:72:8,Romano_2018_transfer,29,True,True,Matusu_2026,Matusu_2026_Eckart_CLM2,72,Matusu2026_72_23,100.0,0.1,4.417837530268355,26172.037281410227,=,1,10000000,0.061802981238033655,0.015037593984962405,0.015037593984962405,0
SYN:Romano_2018_transfer:29:Matusu_2026:72:9,Romano_2018_transfer,29,True,True,Matusu_2026,Matusu_2026_Eckart_CLM2,72,Matusu2026_72_10,60.0,0.1,6.227958772187676,1690280.4647792403,=,1,10000000,0.061802981238033655,0.015037593984962405,0.015037593984962405,0
SYN:Romano_2018_transfer:29:Matusu_2026:72:10,Romano_2018_transfer,29,True,True,Matusu_2026,Matusu_2026_Eckart_CLM2,72,Matusu2026_72_23,100.0,0.1,5.0296495187947885,107065.49242746076,=,1,10000000,0.061802981238033655,0.015037593984962405,0.015037593984962405,0
SYN:Romano_2018_transfer:29:Matusu_2026:73:0,Romano_2018_transfer,29,True,True,Matusu_2026,Matusu_2026_Eckart_CLM2,73,Matusu2026_73_14,60.0,0.1,5.17555370968849,149814.4518811276,=,1,10000000,0.061802981238033655,0.015037593984962405,0.015037593984962405,0
SYN:Romano_2018_transfer:29:Matusu_2026:73:1,Romano_2018_transfer,29,True,True,Matusu_2026,Matusu_2026_Eckart_CLM2,73,Matusu2026_73_5,80.0,0.1,4.7567847875445235,57119.551345148044,=,1,10000000,0.061802981238033655,0.015037593984962405,0.015037593984962405,0
SYN:Romano_2018_transfer:29:Matusu_2026:73:2,Romano_2018_transfer,29,True,True,Matusu_2026,Matusu_2026_Eckart_CLM2,73,Matusu2026_73_54,35.0,0.1,6.5746996035520135,3755775.3180770413,=,1,10000000,0.061802981238033655,0.015037593984962405,0.015037593984962405,0
SYN:Romano_2018_transfer:29:Matusu_2026:73:3,Romano_2018_transfer,29,True,True,Matusu_2026,Matusu_2026_Eckart_CLM2,73,Matusu2026_73_31,40.0,0.1,7.304194264810451,10000000,>=,0,10000000,0.061802981238033655,0.015037593984962405,0.015037593984962405,0
SYN:Romano_2018_transfer:29:Matusu_2026:73:4,Romano_2018_transfer,29,True,True,Matusu_2026,Matusu_2026_Eckart_CLM2,73,Matusu2026_73_31,40.0,0.1,6.329503728080045,2135520.41774912,=,1,10000000,0.061802981238033655,0.015037593984962405,0.015037593984962405,0
SYN:Romano_2018_transfer:29:Matusu_2026:73:5,Romano_2018_transfer,29,True,True,Matusu_2026,Matusu_2026_Eckart_CLM2,73,Matusu2026_73_14,60.0,0.1,5.678671293967448,477167.9810958536,=,1,10000000,0.061802981238033655,0.015037593984962405,0.015037593984962405,0
SYN:Romano_2018_transfer:29:Matusu_2026:73:6,Romano_2018_transfer,29,True,True,Matusu_2026,Matusu_2026_Eckart_CLM2,73,Matusu2026_73_54,35.0,0.1,7.116868010580004,10000000,>=,0,10000000,0.061802981238033655,0.015037593984962405,0.015037593984962405,0
SYN:Romano_2018_transfer:29:Matusu_2026:73:7,Romano_2018_transfer,29,True,True,Matusu_2026,Matusu_2026_Eckart_CLM2,73,Matusu2026_73_22,100.0,0.1,5.3440231025589675,220812.2192297025,=,1,10000000,0.061802981238033655,0.015037593984962405,0.015037593984962405,0
SYN:Romano_2018_transfer:29:Matusu_2026:73:8,Romano_2018_transfer,29,True,True,Matusu_2026,Matusu_2026_Eckart_CLM2,73,Matusu2026_73_47,35.0,0.1,8.302500304145482,10000000,>=,0,10000000,0.061802981238033655,0.015037593984962405,0.015037593984962405,0
SYN:Romano_2018_transfer:29:Matusu_2026:73:9,Romano_2018_transfer,29,True,True,Matusu_2026,Matusu_2026_Eckart_CLM2,73,Matusu2026_73_6,90.0,0.1,5.2194315610830415,165741.61299771952,=,1,10000000,0.061802981238033655,0.015037593984962405,0.015037593984962405,0
SYN:Romano_2018_transfer:29:Matusu_2026:73:10,Romano_2018_transfer,29,True,True,Matusu_2026,Matusu_2026_Eckart_CLM2,73,Matusu2026_73_8,70.0,0.1,5.55467644462516,358654.6324409994,=,1,10000000,0.061802981238033655,0.015037593984962405,0.015037593984962405,0
SYN:Romano_2018_transfer:29:Matusu_2026:74:0,Romano_2018_transfer,29,True,True,Matusu_2026,Matusu_2026_Eckart_CLM2,74,Matusu2026_74_40,110.0,0.1,5.793131164685917,621056.5760803039,=,1,10000000,0.061802981238033655,0.015037593984962405,0.015037593984962405,0
SYN:Romano_2018_transfer:29:Matusu_2026:74:1,Romano_2018_transfer,29,True,True,Matusu_2026,Matusu_2026_Eckart_CLM2,74,Matusu2026_74_13,80.0,0.1,4.73116560240636,53847.507125940014,=,1,10000000,0.061802981238033655,0.015037593984962405,0.015037593984962405,0
SYN:Romano_2018_transfer:29:Matusu_2026:74:2,Romano_2018_transfer,29,True,True,Matusu_2026,Matusu_2026_Eckart_CLM2,74,Matusu2026_74_25,60.0,0.1,6.3183603131295865,2081422.8268212378,=,1,10000000,0.061802981238033655,0.015037593984962405,0.015037593984962405,0
SYN:Romano_2018_transfer:29:Matusu_2026:74:3,Romano_2018_transfer,29,True,True,Matusu_2026,Matusu_2026_Eckart_CLM2,74,Matusu2026_74_7,100.0,0.1,4.610373167126122,40773.04693549482,=,1,10000000,0.061802981238033655,0.015037593984962405,0.015037593984962405,0
SYN:Romano_2018_transfer:29:Matusu_2026:74:4,Romano_2018_transfer,29,True,True,Matusu_2026,Matusu_2026_Eckart_CLM2,74,Matusu2026_74_20,70.0,0.1,6.473230050901343,2973240.5752198547,=,1,10000000,0.061802981238033655,0.015037593984962405,0.015037593984962405,0
SYN:Romano_2018_transfer:29:Matusu_2026:74:5,Romano_2018_transfer,29,True,True,Matusu_2026,Matusu_2026_Eckart_CLM2,74,Matusu2026_74_7,100.0,0.1,4.231402149505893,17037.354089948978,=,1,10000000,0.061802981238033655,0.015037593984962405,0.015037593984962405,0
SYN:Romano_2018_transfer:29:Matusu_2026:74:6,Romano_2018_transfer,29,True,True,Matusu_2026,Matusu_2026_Eckart_CLM2,74,Matusu2026_74_25,60.0,0.1,6.695345213846943,4958441.729263668,=,1,10000000,0.061802981238033655,0.015037593984962405,0.015037593984962405,0
SYN:Romano_2018_transfer:29:Matusu_2026:74:7,Romano_2018_transfer,29,True,True,Matusu_2026,Matusu_2026_Eckart_CLM2,74,Matusu2026_74_55,30.0,0.1,7.869219854901954,10000000,>=,0,10000000,0.061802981238033655,0.015037593984962405,0.015037593984962405,0
SYN:Romano_2018_transfer:29:Matusu_2026:74:8,Romano_2018_transfer,29,True,True,Matusu_2026,Matusu_2026_Eckart_CLM2,74,Matusu2026_74_25,60.0,0.1,5.748180686264874,559990.5345783278,=,1,10000000,0.061802981238033655,0.015037593984962405,0.015037593984962405,0
SYN:Romano_2018_transfer:29:Matusu_2026:74:9,Romano_2018_transfer,29,True,True,Matusu_2026,Matusu_2026_Eckart_CLM2,74,Matusu2026_74_56,35.0,0.1,7.675928339073049,10000000,>=,0,10000000,0.061802981238033655,0.015037593984962405,0.015037593984962405,0
SYN:Romano_2018_transfer:29:Matusu_2026:74:10,Romano_2018_transfer,29,True,True,Matusu_2026,Matusu_2026_Eckart_CLM2,74,Matusu2026_74_7,100.0,0.1,4.7866485649550565,61185.50726534471,=,1,10000000,0.061802981238033655,0.015037593984962405,0.015037593984962405,0
SYN:Romano_2018_transfer:29:Matusu_2026:91:0,Romano_2018_transfer,29,True,True,Matusu_2026,Matusu_2026_GE_virgin_CLM2,91,Matusu2026_91_5,45.0,0.1,6.560304750789544,3633329.213625293,=,1,10000000,0.061802981238033655,0.015037593984962405,0.015037593984962405,0
SYN:Romano_2018_transfer:29:Matusu_2026:91:1,Romano_2018_transfer,29,True,True,Matusu_2026,Matusu_2026_GE_virgin_CLM2,91,Matusu2026_91_18,90.0,0.1,5.712898861700862,516296.120467871,=,1,10000000,0.061802981238033655,0.015037593984962405,0.015037593984962405,0
SYN:Romano_2018_transfer:29:Matusu_2026:91:2,Romano_2018_transfer,29,True,True,Matusu_2026,Matusu_2026_GE_virgin_CLM2,91,Matusu2026_91_34,140.0,0.1,3.401253707186049,2519.148139956405,=,1,10000000,0.061802981238033655,0.015037593984962405,0.015037593984962405,0
SYN:Romano_2018_transfer:29:Matusu_2026:91:3,Romano_2018_transfer,29,True,True,Matusu_2026,Matusu_2026_GE_virgin_CLM2,91,Matusu2026_91_1,55.0,0.1,6.724148612911032,5298447.224916548,=,1,10000000,0.061802981238033655,0.015037593984962405,0.015037593984962405,0
SYN:Romano_2018_transfer:29:Matusu_2026:91:4,Romano_2018_transfer,29,True,True,Matusu_2026,Matusu_2026_GE_virgin_CLM2,91,Matusu2026_91_27,140.0,0.1,3.765660257878751,5829.8886231533925,=,1,10000000,0.061802981238033655,0.015037593984962405,0.015037593984962405,0
SYN:Romano_2018_transfer:29:Matusu_2026:91:5,Romano_2018_transfer,29,True,True,Matusu_2026,Matusu_2026_GE_virgin_CLM2,91,Matusu2026_91_34,140.0,0.1,3.3248611758785342,2112.8135618313104,=,1,10000000,0.061802981238033655,0.015037593984962405,0.015037593984962405,0
SYN:Romano_2018_transfer:29:Matusu_2026:91:6,Romano_2018_transfer,29,True,True,Matusu_2026,Matusu_2026_GE_virgin_CLM2,91,Matusu2026_91_13,60.0,0.1,7.325905854170781,10000000,>=,0,10000000,0.061802981238033655,0.015037593984962405,0.015037593984962405,0
SYN:Romano_2018_transfer:29:Matusu_2026:91:7,Romano_2018_transfer,29,True,True,Matusu_2026,Matusu_2026_GE_virgin_CLM2,91,Matusu2026_91_18,90.0,0.1,4.894972136293135,78518.52566416924,=,1,10000000,0.061802981238033655,0.015037593984962405,0.015037593984962405,0
SYN:Romano_2018_transfer:29:Matusu_2026:91:8,Romano_2018_transfer,29,True,True,Matusu_2026,Matusu_2026_GE_virgin_CLM2,91,Matusu2026_91_1,55.0,0.1,5.866870003977179,735986.7638808566,=,1,10000000,0.061802981238033655,0.015037593984962405,0.015037593984962405,0
SYN:Romano_2018_transfer:29:Matusu_2026:91:9,Romano_2018_transfer,29,True,True,Matusu_2026,Matusu_2026_GE_virgin_CLM2,91,Matusu2026_91_18,90.0,0.1,4.58938338872442,38849.31706634192,=,1,10000000,0.061802981238033655,0.015037593984962405,0.015037593984962405,0
SYN:Romano_2018_transfer:29:Matusu_2026:91:10,Romano_2018_transfer,29,True,True,Matusu_2026,Matusu_2026_GE_virgin_CLM2,91,Matusu2026_91_9,120.0,0.1,3.71080047468149,5138.0754182086675,=,1,10000000,0.061802981238033655,0.015037593984962405,0.015037593984962405,0
SYN:Romano_2018_transfer:29:Matusu_2026:91:11,Romano_2018_transfer,29,True,True,Matusu_2026,Matusu_2026_GE_virgin_CLM2,91,Matusu2026_91_34,140.0,0.1,3.2777085159798878,1895.4333423482624,=,1,10000000,0.061802981238033655,0.015037593984962405,0.015037593984962405,0
SYN:Romano_2018_transfer:29:Matusu_2026:91:12,Romano_2018_transfer,29,True,True,Matusu_2026,Matusu_2026_GE_virgin_CLM2,91,Matusu2026_91_3,130.0,0.1,3.4746550859323864,2983.0125872398494,=,1,10000000,0.061802981238033655,0.015037593984962405,0.015037593984962405,0
SYN:Romano_2018_transfer:29:Matusu_2026:91:13,Romano_2018_transfer,29,True,True,Matusu_2026,Matusu_2026_GE_virgin_CLM2,91,Matusu2026_91_30,70.0,0.1,5.364811223232727,231638.75563398103,=,1,10000000,0.061802981238033655,0.015037593984962405,0.015037593984962405,0
SYN:Romano_2018_transfer:29:Matusu_2026:91:14,Romano_2018_transfer,29,True,True,Matusu_2026,Matusu_2026_GE_virgin_CLM2,91,Matusu2026_91_18,90.0,0.1,6.0872042889630364,1222374.521026056,=,1,10000000,0.061802981238033655,0.015037593984962405,0.015037593984962405,0
SYN:Romano_2018_transfer:29:Matusu_2026:92:0,Romano_2018_transfer,29,True,True,Matusu_2026,Matusu_2026_GE_virgin_CLM2,92,Matusu2026_92_26,140.0,0.1,4.102816306036152,12671.15799280553,=,1,10000000,0.061802981238033655,0.015037593984962405,0.015037593984962405,0
SYN:Romano_2018_transfer:29:Matusu_2026:92:1,Romano_2018_transfer,29,True,True,Matusu_2026,Matusu_2026_GE_virgin_CLM2,92,Matusu2026_92_23,70.0,0.1,5.590472388478067,389468.54533252236,=,1,10000000,0.061802981238033655,0.015037593984962405,0.015037593984962405,0
SYN:Romano_2018_transfer:29:Matusu_2026:92:2,Romano_2018_transfer,29,True,True,Matusu_2026,Matusu_2026_GE_virgin_CLM2,92,Matusu2026_92_14,80.0,0.1,5.217580759632994,165036.7868474411,=,1,10000000,0.061802981238033655,0.015037593984962405,0.015037593984962405,0
SYN:Romano_2018_transfer:29:Matusu_2026:92:3,Romano_2018_transfer,29,True,True,Matusu_2026,Matusu_2026_GE_virgin_CLM2,92,Matusu2026_92_29,55.0,0.1,7.6228587079467465,10000000,>=,0,10000000,0.061802981238033655,0.015037593984962405,0.015037593984962405,0
SYN:Romano_2018_transfer:29:Matusu_2026:92:4,Romano_2018_transfer,29,True,True,Matusu_2026,Matusu_2026_GE_virgin_CLM2,92,Matusu2026_92_31,60.0,0.1,5.5346815275714265,342516.5236846633,=,1,10000000,0.061802981238033655,0.015037593984962405,0.015037593984962405,0
SYN:Romano_2018_transfer:29:Matusu_2026:92:5,Romano_2018_transfer,29,True,True,Matusu_2026,Matusu_2026_GE_virgin_CLM2,92,Matusu2026_92_2,90.0,0.1,5.453970458792226,284426.76305278146,=,1,10000000,0.061802981238033655,0.015037593984962405,0.015037593984962405,0
SYN:Romano_2018_transfer:29:Matusu_2026:92:6,Romano_2018_transfer,29,True,True,Matusu_2026,Matusu_2026_GE_virgin_CLM2,92,Matusu2026_92_14,80.0,0.1,4.723637385601734,52922.1385704172,=,1,10000000,0.061802981238033655,0.015037593984962405,0.015037593984962405,0
SYN:Romano_2018_transfer:29:Matusu_2026:92:7,Romano_2018_transfer,29,True,True,Matusu_2026,Matusu_2026_GE_virgin_CLM2,92,Matusu2026_92_23,70.0,0.1,5.979607327553367,954129.5085199353,=,1,10000000,0.061802981238033655,0.015037593984962405,0.015037593984962405,0
SYN:Romano_2018_transfer:29:Matusu_2026:92:8,Romano_2018_transfer,29,True,True,Matusu_2026,Matusu_2026_GE_virgin_CLM2,92,Matusu2026_92_35,110.0,0.1,3.509294744090827,3230.685958319399,=,1,10000000,0.061802981238033655,0.015037593984962405,0.015037593984962405,0
SYN:Romano_2018_transfer:29:Matusu_2026:92:9,Romano_2018_transfer,29,True,True,Matusu_2026,Matusu_2026_GE_virgin_CLM2,92,Matusu2026_92_14,80.0,0.1,6.237849512361869,1729217.0633611805,=,1,10000000,0.061802981238033655,0.015037593984962405,0.015037593984962405,0
SYN:Romano_2018_transfer:29:Matusu_2026:92:10,Romano_2018_transfer,29,True,True,Matusu_2026,Matusu_2026_GE_virgin_CLM2,92,Matusu2026_92_8,130.0,0.1,3.0910298576126367,1233.1896117227939,=,1,10000000,0.061802981238033655,0.015037593984962405,0.015037593984962405,0
SYN:Romano_2018_transfer:29:Matusu_2026:92:11,Romano_2018_transfer,29,True,True,Matusu_2026,Matusu_2026_GE_virgin_CLM2,92,Matusu2026_92_7,150.0,0.1,4.693392701330106,49361.994730743645,=,1,10000000,0.061802981238033655,0.015037593984962405,0.015037593984962405,0
SYN:Romano_2018_transfer:29:Matusu_2026:92:12,Romano_2018_transfer,29,True,True,Matusu_2026,Matusu_2026_GE_virgin_CLM2,92,Matusu2026_92_26,140.0,0.1,2.0885915022642183,122.6285243645261,=,1,10000000,0.061802981238033655,0.015037593984962405,0.015037593984962405,0
SYN:Romano_2018_transfer:29:Matusu_2026:92:13,Romano_2018_transfer,29,True,True,Matusu_2026,Matusu_2026_GE_virgin_CLM2,92,Matusu2026_92_31,60.0,0.1,6.726570445675869,5328076.425301312,=,1,10000000,0.061802981238033655,0.015037593984962405,0.015037593984962405,0
SYN:Romano_2018_transfer:29:Matusu_2026:93:0,Romano_2018_transfer,29,True,True,Matusu_2026,Matusu_2026_GE_virgin_CLM2,93,Matusu2026_93_35,60.0,0.1,4.6233986549508215,42014.44731715649,=,1,10000000,0.061802981238033655,0.015037593984962405,0.015037593984962405,0
SYN:Romano_2018_transfer:29:Matusu_2026:93:1,Romano_2018_transfer,29,True,True,Matusu_2026,Matusu_2026_GE_virgin_CLM2,93,Matusu2026_93_2,130.0,0.1,4.2019796959717945,15921.342902425975,=,1,10000000,0.061802981238033655,0.015037593984962405,0.015037593984962405,0
SYN:Romano_2018_transfer:29:Matusu_2026:93:2,Romano_2018_transfer,29,True,True,Matusu_2026,Matusu_2026_GE_virgin_CLM2,93,Matusu2026_93_35,60.0,0.1,5.711022400583755,514070.16625235736,=,1,10000000,0.061802981238033655,0.015037593984962405,0.015037593984962405,0
SYN:Romano_2018_transfer:29:Matusu_2026:93:3,Romano_2018_transfer,29,True,True,Matusu_2026,Matusu_2026_GE_virgin_CLM2,93,Matusu2026_93_2,130.0,0.1,3.9784306048582128,9515.4778983807,=,1,10000000,0.061802981238033655,0.015037593984962405,0.015037593984962405,0
SYN:Romano_2018_transfer:29:Matusu_2026:93:4,Romano_2018_transfer,29,True,True,Matusu_2026,Matusu_2026_GE_virgin_CLM2,93,Matusu2026_93_26,70.0,0.1,4.896898336988653,78867.54767527583,=,1,10000000,0.061802981238033655,0.015037593984962405,0.015037593984962405,0
SYN:Romano_2018_transfer:29:Matusu_2026:93:5,Romano_2018_transfer,29,True,True,Matusu_2026,Matusu_2026_GE_virgin_CLM2,93,Matusu2026_93_28,140.0,0.1,2.054344804857415,113.32997810346615,=,1,10000000,0.061802981238033655,0.015037593984962405,0.015037593984962405,0
SYN:Romano_2018_transfer:29:Matusu_2026:93:6,Romano_2018_transfer,29,True,True,Matusu_2026,Matusu_2026_GE_virgin_CLM2,93,Matusu2026_93_26,70.0,0.1,6.19739641132751,1575420.205967618,=,1,10000000,0.061802981238033655,0.015037593984962405,0.015037593984962405,0
SYN:Romano_2018_transfer:29:Matusu_2026:93:7,Romano_2018_transfer,29,True,True,Matusu_2026,Matusu_2026_GE_virgin_CLM2,93,Matusu2026_93_14,80.0,0.1,3.785356688125309,6100.377184306422,=,1,10000000,0.061802981238033655,0.015037593984962405,0.015037593984962405,0
SYN:Romano_2018_transfer:29:Matusu_2026:93:8,Romano_2018_transfer,29,True,True,Matusu_2026,Matusu_2026_GE_virgin_CLM2,93,Matusu2026_93_8,130.0,0.1,4.6569718783869,45391.22237894745,=,1,10000000,0.061802981238033655,0.015037593984962405,0.015037593984962405,0
SYN:Romano_2018_transfer:29:Matusu_2026:93:9,Romano_2018_transfer,29,True,True,Matusu_2026,Matusu_2026_GE_virgin_CLM2,93,Matusu2026_93_15,100.0,0.1,4.049761784037745,11214.03181885806,=,1,10000000,0.061802981238033655,0.015037593984962405,0.015037593984962405,0
SYN:Romano_2018_transfer:29:Matusu_2026:93:10,Romano_2018_transfer,29,True,True,Matusu_2026,Matusu_2026_GE_virgin_CLM2,93,Matusu2026_93_35,60.0,0.1,5.913998522146571,820348.7527740174,=,1,10000000,0.061802981238033655,0.015037593984962405,0.015037593984962405,0
SYN:Romano_2018_transfer:29:Matusu_2026:93:11,Romano_2018_transfer,29,True,True,Matusu_2026,Matusu_2026_GE_virgin_CLM2,93,Matusu2026_93_7,90.0,0.1,5.07647754061267,119255.25918206634,=,1,10000000,0.061802981238033655,0.015037593984962405,0.015037593984962405,0
SYN:Romano_2018_transfer:29:Matusu_2026:93:12,Romano_2018_transfer,29,True,True,Matusu_2026,Matusu_2026_GE_virgin_CLM2,93,Matusu2026_93_17,70.0,0.1,5.4587546330857135,287577.3206507914,=,1,10000000,0.061802981238033655,0.015037593984962405,0.015037593984962405,0
SYN:Romano_2018_transfer:29:Matusu_2026:93:13,Romano_2018_transfer,29,True,True,Matusu_2026,Matusu_2026_GE_virgin_CLM2,93,Matusu2026_93_4,75.0,0.1,4.880259358623469,75903.07292891119,=,1,10000000,0.061802981238033655,0.015037593984962405,0.015037593984962405,0
SYN:Romano_2018_transfer:29:Matusu_2026:93:14,Romano_2018_transfer,29,True,True,Matusu_2026,Matusu_2026_GE_virgin_CLM2,93,Matusu2026_93_15,100.0,0.1,4.835146767467974,68414.28105764807,=,1,10000000,0.061802981238033655,0.015037593984962405,0.015037593984962405,0
SYN:Romano_2018_transfer:29:Matusu_2026:94:0,Romano_2018_transfer,29,True,True,Matusu_2026,Matusu_2026_GE_virgin_CLM2,94,Matusu2026_94_27,100.0,0.1,3.2950270718254577,1972.5456912767522,=,1,10000000,0.061802981238033655,0.015037593984962405,0.015037593984962405,0
SYN:Romano_2018_transfer:29:Matusu_2026:94:1,Romano_2018_transfer,29,True,True,Matusu_2026,Matusu_2026_GE_virgin_CLM2,94,Matusu2026_94_18,140.0,0.1,2.616088902825035,413.1320640790365,=,1,10000000,0.061802981238033655,0.015037593984962405,0.015037593984962405,0
SYN:Romano_2018_transfer:29:Matusu_2026:94:2,Romano_2018_transfer,29,True,True,Matusu_2026,Matusu_2026_GE_virgin_CLM2,94,Matusu2026_94_1,140.0,0.1,4.156899387359194,14351.569132313725,=,1,10000000,0.061802981238033655,0.015037593984962405,0.015037593984962405,0
SYN:Romano_2018_transfer:29:Matusu_2026:94:3,Romano_2018_transfer,29,True,True,Matusu_2026,Matusu_2026_GE_virgin_CLM2,94,Matusu2026_94_13,90.0,0.1,5.695954590016988,496540.40029791335,=,1,10000000,0.061802981238033655,0.015037593984962405,0.015037593984962405,0
SYN:Romano_2018_transfer:29:Matusu_2026:94:4,Romano_2018_transfer,29,True,True,Matusu_2026,Matusu_2026_GE_virgin_CLM2,94,Matusu2026_94_19,90.0,0.1,4.180810471698373,15163.884634695927,=,1,10000000,0.061802981238033655,0.015037593984962405,0.015037593984962405,0
SYN:Romano_2018_transfer:29:Matusu_2026:94:5,Romano_2018_transfer,29,True,True,Matusu_2026,Matusu_2026_GE_virgin_CLM2,94,Matusu2026_94_20,70.0,0.1,6.847965888571778,7046377.213999145,=,1,10000000,0.061802981238033655,0.015037593984962405,0.015037593984962405,0
SYN:Romano_2018_transfer:29:Matusu_2026:94:6,Romano_2018_transfer,29,True,True,Matusu_2026,Matusu_2026_GE_virgin_CLM2,94,Matusu2026_94_20,70.0,0.1,6.292290333120128,1960154.6317268575,=,1,10000000,0.061802981238033655,0.015037593984962405,0.015037593984962405,0
SYN:Romano_2018_transfer:29:Matusu_2026:94:7,Romano_2018_transfer,29,True,True,Matusu_2026,Matusu_2026_GE_virgin_CLM2,94,Matusu2026_94_5,85.0,0.1,5.380439093503218,240125.948589764,=,1,10000000,0.061802981238033655,0.015037593984962405,0.015037593984962405,0
SYN:Romano_2018_transfer:29:Matusu_2026:94:8,Romano_2018_transfer,29,True,True,Matusu_2026,Matusu_2026_GE_virgin_CLM2,94,Matusu2026_94_9,125.0,0.1,4.418522733325842,26213.36249983641,=,1,10000000,0.061802981238033655,0.015037593984962405,0.015037593984962405,0
SYN:Romano_2018_transfer:29:Matusu_2026:94:9,Romano_2018_transfer,29,True,True,Matusu_2026,Matusu_2026_GE_virgin_CLM2,94,Matusu2026_94_9,125.0,0.1,4.414421615133505,25966.990265448596,=,1,10000000,0.061802981238033655,0.015037593984962405,0.015037593984962405,0
SYN:Romano_2018_transfer:29:Matusu_2026:94:10,Romano_2018_transfer,29,True,True,Matusu_2026,Matusu_2026_GE_virgin_CLM2,94,Matusu2026_94_30,75.0,0.1,6.286429984544586,1933882.059704378,=,1,10000000,0.061802981238033655,0.015037593984962405,0.015037593984962405,0
SYN:Romano_2018_transfer:29:Matusu_2026:94:11,Romano_2018_transfer,29,True,True,Matusu_2026,Matusu_2026_GE_virgin_CLM2,94,Matusu2026_94_13,90.0,0.1,2.8283807216134425,673.5668758411528,=,1,10000000,0.061802981238033655,0.015037593984962405,0.015037593984962405,0
SYN:Romano_2018_transfer:29:Matusu_2026:94:12,Romano_2018_transfer,29,True,True,Matusu_2026,Matusu_2026_GE_virgin_CLM2,94,Matusu2026_94_9,125.0,0.1,4.356620827643934,22731.119632677244,=,1,10000000,0.061802981238033655,0.015037593984962405,0.015037593984962405,0
SYN:Romano_2018_transfer:29:Matusu_2026:94:13,Romano_2018_transfer,29,True,True,Matusu_2026,Matusu_2026_GE_virgin_CLM2,94,Matusu2026_94_19,90.0,0.1,5.007524211116583,101747.60870153054,=,1,10000000,0.061802981238033655,0.015037593984962405,0.015037593984962405,0
SYN:Romano_2018_transfer:29:Matusu_2026:94:14,Romano_2018_transfer,29,True,True,Matusu_2026,Matusu_2026_GE_virgin_CLM2,94,Matusu2026_94_21,110.0,0.1,4.213378434033037,16344.755712540747,=,1,10000000,0.061802981238033655,0.015037593984962405,0.015037593984962405,0
SYN:Romano_2018_transfer:29:Matusu_2026:C01:0,Romano_2018_transfer,29,True,True,Matusu_2026,Matusu_2026_Aconity_TWO,C01,Matusu2026_C01_4,90.0,0.1,5.36180620527991,230041.5076808441,=,1,10000000,0.061802981238033655,0.015037593984962405,0.015037593984962405,0
SYN:Romano_2018_transfer:29:Matusu_2026:C01:1,Romano_2018_transfer,29,True,True,Matusu_2026,Matusu_2026_Aconity_TWO,C01,Matusu2026_C01_7,40.0,0.1,7.2386733270892245,10000000,>=,0,10000000,0.061802981238033655,0.015037593984962405,0.015037593984962405,0
SYN:Romano_2018_transfer:29:Matusu_2026:C01:2,Romano_2018_transfer,29,True,True,Matusu_2026,Matusu_2026_Aconity_TWO,C01,Matusu2026_C01_1,60.0,0.1,6.123863491847651,1330036.2930842082,=,1,10000000,0.061802981238033655,0.015037593984962405,0.015037593984962405,0
SYN:Romano_2018_transfer:29:Matusu_2026:C01:3,Romano_2018_transfer,29,True,True,Matusu_2026,Matusu_2026_Aconity_TWO,C01,Matusu2026_C01_10,43.0,0.1,6.335954791162543,2167478.4646468163,=,1,10000000,0.061802981238033655,0.015037593984962405,0.015037593984962405,0
SYN:Romano_2018_transfer:29:Matusu_2026:C01:4,Romano_2018_transfer,29,True,True,Matusu_2026,Matusu_2026_Aconity_TWO,C01,Matusu2026_C01_10,43.0,0.1,8.01788053917856,10000000,>=,0,10000000,0.061802981238033655,0.015037593984962405,0.015037593984962405,0
SYN:Romano_2018_transfer:29:Matusu_2026:C01:5,Romano_2018_transfer,29,True,True,Matusu_2026,Matusu_2026_Aconity_TWO,C01,Matusu2026_C01_2,50.0,0.1,3.038898415454146,1093.7005120778558,=,1,10000000,0.061802981238033655,0.015037593984962405,0.015037593984962405,0
SYN:Romano_2018_transfer:29:Matusu_2026:C01:6,Romano_2018_transfer,29,True,True,Matusu_2026,Matusu_2026_Aconity_TWO,C01,Matusu2026_C01_10,43.0,0.1,5.628404214077222,425014.95719151443,=,1,10000000,0.061802981238033655,0.015037593984962405,0.015037593984962405,0
SYN:Romano_2018_transfer:29:Matusu_2026:C01:7,Romano_2018_transfer,29,True,True,Matusu_2026,Matusu_2026_Aconity_TWO,C01,Matusu2026_C01_3,70.0,0.1,5.758868786280326,573943.0301680857,=,1,10000000,0.061802981238033655,0.015037593984962405,0.015037593984962405,0
SYN:Romano_2018_transfer:29:Matusu_2026:C01:8,Romano_2018_transfer,29,True,True,Matusu_2026,Matusu_2026_Aconity_TWO,C01,Matusu2026_C01_4,90.0,0.1,5.983283436006145,962240.0655512951,=,1,10000000,0.061802981238033655,0.015037593984962405,0.015037593984962405,0
SYN:Romano_2018_transfer:29:Matusu_2026:C01:9,Romano_2018_transfer,29,True,True,Matusu_2026,Matusu_2026_Aconity_TWO,C01,Matusu2026_C01_5,110.0,0.1,1.9256073351526548,84.25726061135373,=,1,10000000,0.061802981238033655,0.015037593984962405,0.015037593984962405,0
SYN:Romano_2018_transfer:29:Matusu_2026:C02:0,Romano_2018_transfer,29,True,True,Matusu_2026,Matusu_2026_Aconity_TWO,C02,Matusu2026_C02_7,70.0,0.1,5.910976709118271,814660.5932232117,=,1,10000000,0.061802981238033655,0.015037593984962405,0.015037593984962405,0
SYN:Romano_2018_transfer:29:Matusu_2026:C02:1,Romano_2018_transfer,29,True,True,Matusu_2026,Matusu_2026_Aconity_TWO,C02,Matusu2026_C02_3,80.0,0.1,5.550618008447059,355318.6541466305,=,1,10000000,0.061802981238033655,0.015037593984962405,0.015037593984962405,0
SYN:Romano_2018_transfer:29:Matusu_2026:C02:2,Romano_2018_transfer,29,True,True,Matusu_2026,Matusu_2026_Aconity_TWO,C02,Matusu2026_C02_10,70.0,0.1,6.408507152578769,2561575.451405721,=,1,10000000,0.061802981238033655,0.015037593984962405,0.015037593984962405,0
SYN:Romano_2018_transfer:29:Matusu_2026:C02:3,Romano_2018_transfer,29,True,True,Matusu_2026,Matusu_2026_Aconity_TWO,C02,Matusu2026_C02_4,90.0,0.1,4.103940127858371,12703.989550454173,=,1,10000000,0.061802981238033655,0.015037593984962405,0.015037593984962405,0
SYN:Romano_2018_transfer:29:Matusu_2026:C02:4,Romano_2018_transfer,29,True,True,Matusu_2026,Matusu_2026_Aconity_TWO,C02,Matusu2026_C02_4,90.0,0.1,5.159625415931877,144419.35995404123,=,1,10000000,0.061802981238033655,0.015037593984962405,0.015037593984962405,0
SYN:Romano_2018_transfer:29:Matusu_2026:C02:5,Romano_2018_transfer,29,True,True,Matusu_2026,Matusu_2026_Aconity_TWO,C02,Matusu2026_C02_2,60.0,0.1,4.407425956554885,25552.062234105557,=,1,10000000,0.061802981238033655,0.015037593984962405,0.015037593984962405,0
SYN:Romano_2018_transfer:29:Matusu_2026:C02:6,Romano_2018_transfer,29,True,True,Matusu_2026,Matusu_2026_Aconity_TWO,C02,Matusu2026_C02_3,80.0,0.1,4.868774663997858,73922.1626464646,=,1,10000000,0.061802981238033655,0.015037593984962405,0.015037593984962405,0
SYN:Romano_2018_transfer:29:Matusu_2026:C02:7,Romano_2018_transfer,29,True,True,Matusu_2026,Matusu_2026_Aconity_TWO,C02,Matusu2026_C02_2,60.0,0.1,5.647382638394231,443999.66086652613,=,1,10000000,0.061802981238033655,0.015037593984962405,0.015037593984962405,0
SYN:Romano_2018_transfer:29:Matusu_2026:C02:8,Romano_2018_transfer,29,True,True,Matusu_2026,Matusu_2026_Aconity_TWO,C02,Matusu2026_C02_10,70.0,0.1,2.807546508735327,642.0169716300936,=,1,10000000,0.061802981238033655,0.015037593984962405,0.015037593984962405,0
SYN:Romano_2018_transfer:29:Matusu_2026:C02:9,Romano_2018_transfer,29,True,True,Matusu_2026,Matusu_2026_Aconity_TWO,C02,Matusu2026_C02_6,75.0,0.1,5.971067284447897,935550.6060605128,=,1,10000000,0.061802981238033655,0.015037593984962405,0.015037593984962405,0
SYN:Romano_2018_transfer:29:Matusu_2026:C03:0,Romano_2018_transfer,29,True,True,Matusu_2026,Matusu_2026_Aconity_TWO,C03,Matusu2026_C03_7,110.0,0.1,3.874284600598499,7486.59949457455,=,1,10000000,0.061802981238033655,0.015037593984962405,0.015037593984962405,0
SYN:Romano_2018_transfer:29:Matusu_2026:C03:1,Romano_2018_transfer,29,True,True,Matusu_2026,Matusu_2026_Aconity_TWO,C03,Matusu2026_C03_7,110.0,0.1,4.714147494660147,51778.26509222469,=,1,10000000,0.061802981238033655,0.015037593984962405,0.015037593984962405,0
SYN:Romano_2018_transfer:29:Matusu_2026:C03:2,Romano_2018_transfer,29,True,True,Matusu_2026,Matusu_2026_Aconity_TWO,C03,Matusu2026_C03_8,60.0,0.1,6.045112543173111,1109462.284327952,=,1,10000000,0.061802981238033655,0.015037593984962405,0.015037593984962405,0
SYN:Romano_2018_transfer:29:Matusu_2026:C03:3,Romano_2018_transfer,29,True,True,Matusu_2026,Matusu_2026_Aconity_TWO,C03,Matusu2026_C03_6,65.0,0.1,6.678238669202427,4766928.843402618,=,1,10000000,0.061802981238033655,0.015037593984962405,0.015037593984962405,0
SYN:Romano_2018_transfer:29:Matusu_2026:C03:4,Romano_2018_transfer,29,True,True,Matusu_2026,Matusu_2026_Aconity_TWO,C03,Matusu2026_C03_2,110.0,0.1,4.601009121213106,39903.328291851765,=,1,10000000,0.061802981238033655,0.015037593984962405,0.015037593984962405,0
SYN:Romano_2018_transfer:29:Matusu_2026:C03:5,Romano_2018_transfer,29,True,True,Matusu_2026,Matusu_2026_Aconity_TWO,C03,Matusu2026_C03_6,65.0,0.1,6.321040836132013,2094309.371715219,=,1,10000000,0.061802981238033655,0.015037593984962405,0.015037593984962405,0
SYN:Romano_2018_transfer:29:Matusu_2026:C03:6,Romano_2018_transfer,29,True,True,Matusu_2026,Matusu_2026_Aconity_TWO,C03,Matusu2026_C03_7,110.0,0.1,3.425075130767369,2661.1853917069443,=,1,10000000,0.061802981238033655,0.015037593984962405,0.015037593984962405,0
SYN:Romano_2018_transfer:29:Matusu_2026:C03:7,Romano_2018_transfer,29,True,True,Matusu_2026,Matusu_2026_Aconity_TWO,C03,Matusu2026_C03_2,110.0,0.1,4.397445589243418,24971.555124353534,=,1,10000000,0.061802981238033655,0.015037593984962405,0.015037593984962405,0
SYN:Romano_2018_transfer:29:Matusu_2026:C03:8,Romano_2018_transfer,29,True,True,Matusu_2026,Matusu_2026_Aconity_TWO,C03,Matusu2026_C03_5,70.0,0.1,6.143489031514976,1391518.650386584,=,1,10000000,0.061802981238033655,0.015037593984962405,0.015037593984962405,0
SYN:Romano_2018_transfer:29:Matusu_2026:C03:9,Romano_2018_transfer,29,True,True,Matusu_2026,Matusu_2026_Aconity_TWO,C03,Matusu2026_C03_6,65.0,0.1,5.941455765842191,873887.980021719,=,1,10000000,0.061802981238033655,0.015037593984962405,0.015037593984962405,0
SYN:Romano_2018_transfer:29:Wu_2021:Horizontal:0,Romano_2018_transfer,29,True,True,Wu_2021,Wu_2021,Horizontal,Wu_2021:H-HCF15,66.15,0.1,6.145647834280655,1398452.8690809014,=,1,10000000,-0.2472704497844375,0.04878048780487805,0.04878048780487805,0
SYN:Romano_2018_transfer:29:Wu_2021:Horizontal:1,Romano_2018_transfer,29,True,True,Wu_2021,Wu_2021,Horizontal,Wu_2021:H-HCF06,66.15,0.1,4.481893395819505,30331.465608907838,=,1,10000000,-0.2472704497844375,0.04878048780487805,0.04878048780487805,0
SYN:Romano_2018_transfer:29:Wu_2021:Horizontal:2,Romano_2018_transfer,29,True,True,Wu_2021,Wu_2021,Horizontal,Wu_2021:H-HCF10,66.15,0.1,2.654526314032038,451.3633727536729,=,1,10000000,-0.2472704497844375,0.04878048780487805,0.04878048780487805,0
SYN:Romano_2018_transfer:29:Wu_2021:Horizontal:3,Romano_2018_transfer,29,True,True,Wu_2021,Wu_2021,Horizontal,Wu_2021:H-HCF09,90.0,0.1,5.016304175082726,103825.53438556912,=,1,10000000,-0.2472704497844375,0.04878048780487805,0.04878048780487805,0
SYN:Romano_2018_transfer:29:Wu_2021:Horizontal:4,Romano_2018_transfer,29,True,True,Wu_2021,Wu_2021,Horizontal,Wu_2021:H-HCF18,90.0,0.1,3.0644248583466274,1159.9115108368665,=,1,10000000,-0.2472704497844375,0.04878048780487805,0.04878048780487805,0
SYN:Romano_2018_transfer:29:Wu_2021:Horizontal:5,Romano_2018_transfer,29,True,True,Wu_2021,Wu_2021,Horizontal,Wu_2021:H-HCF02,72.0,0.1,4.937403453909923,86577.18360484432,=,1,10000000,-0.2472704497844375,0.04878048780487805,0.04878048780487805,0
SYN:Romano_2018_transfer:29:Wu_2021:Horizontal:6,Romano_2018_transfer,29,True,True,Wu_2021,Wu_2021,Horizontal,Wu_2021:H-HCF09,90.0,0.1,5.047763736076237,111625.5819546898,=,1,10000000,-0.2472704497844375,0.04878048780487805,0.04878048780487805,0
SYN:Romano_2018_transfer:29:Wu_2021:Horizontal:7,Romano_2018_transfer,29,True,True,Wu_2021,Wu_2021,Horizontal,Wu_2021:H-HCF16,63.0,0.1,4.5120305152860745,32511.014013572185,=,1,10000000,-0.2472704497844375,0.04878048780487805,0.04878048780487805,0
SYN:Romano_2018_transfer:29:Wu_2021:Horizontal:8,Romano_2018_transfer,29,True,True,Wu_2021,Wu_2021,Horizontal,Wu_2021:H-HCF13,72.0,0.1,5.5145464562568565,326999.0238805547,=,1,10000000,-0.2472704497844375,0.04878048780487805,0.04878048780487805,0
SYN:Romano_2018_transfer:29:Wu_2021:Horizontal:9,Romano_2018_transfer,29,True,True,Wu_2021,Wu_2021,Horizontal,Wu_2021:H-HCF05,81.0,0.1,4.312420484925039,20531.490805124587,=,1,10000000,-0.2472704497844375,0.04878048780487805,0.04878048780487805,0
SYN:Romano_2018_transfer:29:Wu_2021:Horizontal:10,Romano_2018_transfer,29,True,True,Wu_2021,Wu_2021,Horizontal,Wu_2021:H-HCF06,66.15,0.1,6.3376340400354545,2175875.4895333215,=,1,10000000,-0.2472704497844375,0.04878048780487805,0.04878048780487805,0
SYN:Romano_2018_transfer:29:Wu_2021:Horizontal:11,Romano_2018_transfer,29,True,True,Wu_2021,Wu_2021,Horizontal,Wu_2021:H-HCF19,90.0,0.1,4.830539484727487,67692.33339236048,=,1,10000000,-0.2472704497844375,0.04878048780487805,0.04878048780487805,0
SYN:Romano_2018_transfer:29:Wu_2021:Horizontal:12,Romano_2018_transfer,29,True,True,Wu_2021,Wu_2021,Horizontal,Wu_2021:H-HCF02,72.0,0.1,5.81998476196077,660670.2667412438,=,1,10000000,-0.2472704497844375,0.04878048780487805,0.04878048780487805,0
SYN:Romano_2018_transfer:29:Wu_2021:Horizontal:13,Romano_2018_transfer,29,True,True,Wu_2021,Wu_2021,Horizontal,Wu_2021:H-HCF13,72.0,0.1,4.945767218155538,88260.66964175453,=,1,10000000,-0.2472704497844375,0.04878048780487805,0.04878048780487805,0
SYN:Romano_2018_transfer:29:Wu_2021:Horizontal:14,Romano_2018_transfer,29,True,True,Wu_2021,Wu_2021,Horizontal,Wu_2021:H-HCF17,63.0,0.1,6.100745604921497,1261088.6149631885,=,1,10000000,-0.2472704497844375,0.04878048780487805,0.04878048780487805,0
SYN:Romano_2018_transfer:29:Wu_2021:Horizontal:15,Romano_2018_transfer,29,True,True,Wu_2021,Wu_2021,Horizontal,Wu_2021:H-HCF16,63.0,0.1,5.290360441286619,195146.35386379765,=,1,10000000,-0.2472704497844375,0.04878048780487805,0.04878048780487805,0
SYN:Romano_2018_transfer:29:Wu_2021:Horizontal:16,Romano_2018_transfer,29,True,True,Wu_2021,Wu_2021,Horizontal,Wu_2021:H-HCF19,90.0,0.1,4.316968051543283,20747.608840477726,=,1,10000000,-0.2472704497844375,0.04878048780487805,0.04878048780487805,0
SYN:Romano_2018_transfer:29:Wu_2021:Horizontal:17,Romano_2018_transfer,29,True,True,Wu_2021,Wu_2021,Horizontal,Wu_2021:H-HCF15,66.15,0.1,5.227922028575485,169013.74641534826,=,1,10000000,-0.2472704497844375,0.04878048780487805,0.04878048780487805,0
SYN:Romano_2018_transfer:29:Wu_2021:Horizontal:18,Romano_2018_transfer,29,True,True,Wu_2021,Wu_2021,Horizontal,Wu_2021:H-HCF08,57.15,0.1,6.359279262542986,2287068.97493092,=,1,10000000,-0.2472704497844375,0.04878048780487805,0.04878048780487805,0
SYN:Romano_2018_transfer:29:Wu_2021:Vertical:0,Romano_2018_transfer,29,True,True,Wu_2021,Wu_2021,Vertical,Wu_2021:V-HCF06,45.0,0.1,6.3475157557598765,2225951.7985840933,=,1,10000000,-0.2472704497844375,0.04878048780487805,0.04878048780487805,0
SYN:Romano_2018_transfer:29:Wu_2021:Vertical:1,Romano_2018_transfer,29,True,True,Wu_2021,Wu_2021,Vertical,Wu_2021:V-HCF18,36.0,0.1,7.3738590087536995,10000000,>=,0,10000000,-0.2472704497844375,0.04878048780487805,0.04878048780487805,0
SYN:Romano_2018_transfer:29:Wu_2021:Vertical:2,Romano_2018_transfer,29,True,True,Wu_2021,Wu_2021,Vertical,Wu_2021:V-HCF09,63.0,0.1,5.295169685263497,197319.3541360007,=,1,10000000,-0.2472704497844375,0.04878048780487805,0.04878048780487805,0
SYN:Romano_2018_transfer:29:Wu_2021:Vertical:3,Romano_2018_transfer,29,True,True,Wu_2021,Wu_2021,Vertical,Wu_2021:V-HCF05,36.0,0.1,5.573367440824379,374427.24362122733,=,1,10000000,-0.2472704497844375,0.04878048780487805,0.04878048780487805,0
SYN:Romano_2018_transfer:29:Wu_2021:Vertical:4,Romano_2018_transfer,29,True,True,Wu_2021,Wu_2021,Vertical,Wu_2021:V-HCF07,63.0,0.1,3.6620935144172324,4592.969002505654,=,1,10000000,-0.2472704497844375,0.04878048780487805,0.04878048780487805,0
SYN:Romano_2018_transfer:29:Wu_2021:Vertical:5,Romano_2018_transfer,29,True,True,Wu_2021,Wu_2021,Vertical,Wu_2021:V-HCF03,27.0,0.1,7.739490697235707,10000000,>=,0,10000000,-0.2472704497844375,0.04878048780487805,0.04878048780487805,0
SYN:Romano_2018_transfer:29:Wu_2021:Vertical:6,Romano_2018_transfer,29,True,True,Wu_2021,Wu_2021,Vertical,Wu_2021:V-HCF17,27.0,0.1,8.03661405947569,10000000,>=,0,10000000,-0.2472704497844375,0.04878048780487805,0.04878048780487805,0
SYN:Romano_2018_transfer:29:Wu_2021:Vertical:7,Romano_2018_transfer,29,True,True,Wu_2021,Wu_2021,Vertical,Wu_2021:V-HCF07,63.0,0.1,6.2174309571051705,1649798.7001912273,=,1,10000000,-0.2472704497844375,0.04878048780487805,0.04878048780487805,0
SYN:Romano_2018_transfer:29:Wu_2021:Vertical:8,Romano_2018_transfer,29,True,True,Wu_2021,Wu_2021,Vertical,Wu_2021:V-HCF12,45.0,0.1,5.62430050545236,421017.846445723,=,1,10000000,-0.2472704497844375,0.04878048780487805,0.04878048780487805,0
SYN:Romano_2018_transfer:29:Wu_2021:Vertical:9,Romano_2018_transfer,29,True,True,Wu_2021,Wu_2021,Vertical,Wu_2021:V-HCF03,27.0,0.1,7.0191717448112865,10000000,>=,0,10000000,-0.2472704497844375,0.04878048780487805,0.04878048780487805,0
SYN:Romano_2018_transfer:29:Wu_2021:Vertical:10,Romano_2018_transfer,29,True,True,Wu_2021,Wu_2021,Vertical,Wu_2021:V-HCF01,36.0,0.1,6.998621246337295,9968303.363932915,=,1,10000000,-0.2472704497844375,0.04878048780487805,0.04878048780487805,0
SYN:Romano_2018_transfer:29:Wu_2021:Vertical:11,Romano_2018_transfer,29,True,True,Wu_2021,Wu_2021,Vertical,Wu_2021:V-HCF21,45.0,0.1,4.7574661496493835,57209.23621406167,=,1,10000000,-0.2472704497844375,0.04878048780487805,0.04878048780487805,0
SYN:Romano_2018_transfer:29:Wu_2021:Vertical:12,Romano_2018_transfer,29,True,True,Wu_2021,Wu_2021,Vertical,Wu_2021:V-HCF22,63.0,0.1,4.138646637706483,13760.893626334328,=,1,10000000,-0.2472704497844375,0.04878048780487805,0.04878048780487805,0
SYN:Romano_2018_transfer:29:Wu_2021:Vertical:13,Romano_2018_transfer,29,True,True,Wu_2021,Wu_2021,Vertical,Wu_2021:V-HCF03,27.0,0.1,7.515783809602726,10000000,>=,0,10000000,-0.2472704497844375,0.04878048780487805,0.04878048780487805,0
SYN:Romano_2018_transfer:29:Wu_2021:Vertical:14,Romano_2018_transfer,29,True,True,Wu_2021,Wu_2021,Vertical,Wu_2021:V-HCF01,36.0,0.1,6.483511034876572,3044465.345075177,=,1,10000000,-0.2472704497844375,0.04878048780487805,0.04878048780487805,0
SYN:Romano_2018_transfer:29:Wu_2021:Vertical:15,Romano_2018_transfer,29,True,True,Wu_2021,Wu_2021,Vertical,Wu_2021:V-HCF09,63.0,0.1,6.246187255041747,1762735.9226064477,=,1,10000000,-0.2472704497844375,0.04878048780487805,0.04878048780487805,0
SYN:Romano_2018_transfer:29:Wu_2021:Vertical:16,Romano_2018_transfer,29,True,True,Wu_2021,Wu_2021,Vertical,Wu_2021:V-HCF15,27.0,0.1,6.2378659377317245,1729282.464991017,=,1,10000000,-0.2472704497844375,0.04878048780487805,0.04878048780487805,0
SYN:Romano_2018_transfer:29:Wu_2021:Vertical:17,Romano_2018_transfer,29,True,True,Wu_2021,Wu_2021,Vertical,Wu_2021:V-HCF18,36.0,0.1,6.726428834201503,5326339.369480073,=,1,10000000,-0.2472704497844375,0.04878048780487805,0.04878048780487805,0
SYN:Romano_2018_transfer:29:Wu_2021:Vertical:18,Romano_2018_transfer,29,True,True,Wu_2021,Wu_2021,Vertical,Wu_2021:V-HCF13,45.0,0.1,6.131730515395603,1354348.7629411712,=,1,10000000,-0.2472704497844375,0.04878048780487805,0.04878048780487805,0
SYN:Romano_2018_transfer:29:Wu_2021:Vertical:19,Romano_2018_transfer,29,True,True,Wu_2021,Wu_2021,Vertical,Wu_2021:V-HCF02,63.0,0.1,5.564504107961894,366863.1645585909,=,1,10000000,-0.2472704497844375,0.04878048780487805,0.04878048780487805,0
SYN:Romano_2018_transfer:29:Wu_2021:Vertical:20,Romano_2018_transfer,29,True,True,Wu_2021,Wu_2021,Vertical,Wu_2021:V-HCF09,63.0,0.1,5.3581029378293366,228088.26298330518,=,1,10000000,-0.2472704497844375,0.04878048780487805,0.04878048780487805,0
SYN:Romano_2018_transfer:29:Wu_2021:Vertical:21,Romano_2018_transfer,29,True,True,Wu_2021,Wu_2021,Vertical,Wu_2021:V-HCF16,22.5,0.1,8.816328308280347,10000000,>=,0,10000000,-0.2472704497844375,0.04878048780487805,0.04878048780487805,0
SYN:Romano_2018_transfer:47:Chen_2024:L10:0,Romano_2018_transfer,47,True,True,Chen_2024,Chen_2024,L10,Chen_2024:Chen2024-L10-T4-r08,81.0,0.1,5.126683477672515,133870.06605249995,=,1,10000000,0.12361181063782514,0.1111111111111111,0.0,0
SYN:Romano_2018_transfer:47:Chen_2024:L10:1,Romano_2018_transfer,47,True,True,Chen_2024,Chen_2024,L10,Chen_2024:Chen2024-L10-T4-r04,90.0,0.1,5.735073186681583,543341.8869712946,=,1,10000000,0.12361181063782514,0.1111111111111111,0.0,0
SYN:Romano_2018_transfer:47:Chen_2024:L10:2,Romano_2018_transfer,47,True,True,Chen_2024,Chen_2024,L10,Chen_2024:Chen2024-L10-T4-r09,72.0,0.1,5.762006426341153,578104.6016703033,=,1,10000000,0.12361181063782514,0.1111111111111111,0.0,0
SYN:Romano_2018_transfer:47:Chen_2024:L10:3,Romano_2018_transfer,47,True,True,Chen_2024,Chen_2024,L10,Chen_2024:Chen2024-L10-T4-r08,81.0,0.1,3.3879444438693156,2443.1180024071678,=,1,10000000,0.12361181063782514,0.1111111111111111,0.0,0
SYN:Romano_2018_transfer:47:Chen_2024:L10:4,Romano_2018_transfer,47,True,True,Chen_2024,Chen_2024,L10,Chen_2024:Chen2024-L10-T4-r07,81.0,0.1,6.121196017304261,1321892.1309798555,=,1,10000000,0.12361181063782514,0.1111111111111111,0.0,0
SYN:Romano_2018_transfer:47:Chen_2024:L10:5,Romano_2018_transfer,47,True,True,Chen_2024,Chen_2024,L10,Chen_2024:Chen2024-L10-T4-r07,81.0,0.1,5.0170045422682295,103993.10423684334,=,1,10000000,0.12361181063782514,0.1111111111111111,0.0,0
SYN:Romano_2018_transfer:47:Chen_2024:L10:6,Romano_2018_transfer,47,True,True,Chen_2024,Chen_2024,L10,Chen_2024:Chen2024-L10-T4-r07,81.0,0.1,5.4672333918862535,293246.8744293729,=,1,10000000,0.12361181063782514,0.1111111111111111,0.0,0
SYN:Romano_2018_transfer:47:Chen_2024:L10:7,Romano_2018_transfer,47,True,True,Chen_2024,Chen_2024,L10,Chen_2024:Chen2024-L10-T4-r07,81.0,0.1,5.491075328550743,309795.6594422547,=,1,10000000,0.12361181063782514,0.1111111111111111,0.0,0
SYN:Romano_2018_transfer:47:Chen_2024:L10:8,Romano_2018_transfer,47,True,True,Chen_2024,Chen_2024,L10,Chen_2024:Chen2024-L10-T4-r04,90.0,0.1,4.966905633464597,92662.84572061039,=,1,10000000,0.12361181063782514,0.1111111111111111,0.0,0
SYN:Romano_2018_transfer:47:Chen_2024:L40:0,Romano_2018_transfer,47,True,True,Chen_2024,Chen_2024,L40,Chen_2024:Chen2024-L40-T3-r01,99.0,0.1,5.187075882890537,153842.34206414464,=,1,10000000,0.12361181063782514,0.1111111111111111,0.0,0
SYN:Romano_2018_transfer:47:Chen_2024:L40:1,Romano_2018_transfer,47,True,True,Chen_2024,Chen_2024,L40,Chen_2024:Chen2024-L40-T3-r07,72.0,0.1,6.500081211933117,3162869.05311918,=,1,10000000,0.12361181063782514,0.1111111111111111,0.0,0
SYN:Romano_2018_transfer:47:Chen_2024:L40:2,Romano_2018_transfer,47,True,True,Chen_2024,Chen_2024,L40,Chen_2024:Chen2024-L40-T3-r04,81.0,0.1,5.384803322920653,242551.14153722534,=,1,10000000,0.12361181063782514,0.1111111111111111,0.0,0
SYN:Romano_2018_transfer:47:Chen_2024:L40:3,Romano_2018_transfer,47,True,True,Chen_2024,Chen_2024,L40,Chen_2024:Chen2024-L40-T3-r02,90.0,0.1,2.495590722406465,313.03343177760826,=,1,10000000,0.12361181063782514,0.1111111111111111,0.0,0
SYN:Romano_2018_transfer:47:Chen_2024:L40:4,Romano_2018_transfer,47,True,True,Chen_2024,Chen_2024,L40,Chen_2024:Chen2024-L40-T3-r02,90.0,0.1,5.461128035726244,289153.2218454363,=,1,10000000,0.12361181063782514,0.1111111111111111,0.0,0
SYN:Romano_2018_transfer:47:Chen_2024:L40:5,Romano_2018_transfer,47,True,True,Chen_2024,Chen_2024,L40,Chen_2024:Chen2024-L40-T3-r08,72.0,0.1,5.316007320995861,207017.62459049086,=,1,10000000,0.12361181063782514,0.1111111111111111,0.0,0
SYN:Romano_2018_transfer:47:Chen_2024:L40:6,Romano_2018_transfer,47,True,True,Chen_2024,Chen_2024,L40,Chen_2024:Chen2024-L40-T3-r01,99.0,0.1,5.3861389528402075,243298.23190464647,=,1,10000000,0.12361181063782514,0.1111111111111111,0.0,0
SYN:Romano_2018_transfer:47:Chen_2024:L40:7,Romano_2018_transfer,47,True,True,Chen_2024,Chen_2024,L40,Chen_2024:Chen2024-L40-T3-r06,72.0,0.1,5.0352705506826645,108460.23739737451,=,1,10000000,0.12361181063782514,0.1111111111111111,0.0,0
SYN:Romano_2018_transfer:47:Chen_2024:L40:8,Romano_2018_transfer,47,True,True,Chen_2024,Chen_2024,L40,Chen_2024:Chen2024-L40-T3-r03,90.0,0.1,4.522538400495775,33307.22113879799,=,1,10000000,0.12361181063782514,0.1111111111111111,0.0,0
SYN:Romano_2018_transfer:47:Matusu_2026:71:0,Romano_2018_transfer,47,True,True,Matusu_2026,Matusu_2026_Eckart_CLM2,71,Matusu2026_71_11,70.0,0.1,4.864079141111357,73127.23304725728,=,1,10000000,0.0,0.015037593984962405,0.015037593984962405,0
SYN:Romano_2018_transfer:47:Matusu_2026:71:1,Romano_2018_transfer,47,True,True,Matusu_2026,Matusu_2026_Eckart_CLM2,71,Matusu2026_71_19,40.0,0.1,6.245487518037115,1759898.0822280543,=,1,10000000,0.0,0.015037593984962405,0.015037593984962405,0
SYN:Romano_2018_transfer:47:Matusu_2026:71:2,Romano_2018_transfer,47,True,True,Matusu_2026,Matusu_2026_Eckart_CLM2,71,Matusu2026_71_4,80.0,0.1,4.35976243372601,22896.148529048234,=,1,10000000,0.0,0.015037593984962405,0.015037593984962405,0
SYN:Romano_2018_transfer:47:Matusu_2026:71:3,Romano_2018_transfer,47,True,True,Matusu_2026,Matusu_2026_Eckart_CLM2,71,Matusu2026_71_19,40.0,0.1,7.050075224779501,10000000,>=,0,10000000,0.0,0.015037593984962405,0.015037593984962405,0
SYN:Romano_2018_transfer:47:Matusu_2026:71:4,Romano_2018_transfer,47,True,True,Matusu_2026,Matusu_2026_Eckart_CLM2,71,Matusu2026_71_4,80.0,0.1,3.3406734271229213,2191.1566495213974,=,1,10000000,0.0,0.015037593984962405,0.015037593984962405,0
SYN:Romano_2018_transfer:47:Matusu_2026:71:5,Romano_2018_transfer,47,True,True,Matusu_2026,Matusu_2026_Eckart_CLM2,71,Matusu2026_71_32,60.0,0.1,5.152223856109452,141978.91602269447,=,1,10000000,0.0,0.015037593984962405,0.015037593984962405,0
SYN:Romano_2018_transfer:47:Matusu_2026:71:6,Romano_2018_transfer,47,True,True,Matusu_2026,Matusu_2026_Eckart_CLM2,71,Matusu2026_71_52,110.0,0.1,4.953527492948288,89851.947141327,=,1,10000000,0.0,0.015037593984962405,0.015037593984962405,0
SYN:Romano_2018_transfer:47:Matusu_2026:71:7,Romano_2018_transfer,47,True,True,Matusu_2026,Matusu_2026_Eckart_CLM2,71,Matusu2026_71_12,50.0,0.1,4.737333310460141,54617.687775801496,=,1,10000000,0.0,0.015037593984962405,0.015037593984962405,0
SYN:Romano_2018_transfer:47:Matusu_2026:71:8,Romano_2018_transfer,47,True,True,Matusu_2026,Matusu_2026_Eckart_CLM2,71,Matusu2026_71_12,50.0,0.1,6.856164464236047,7180661.663472028,=,1,10000000,0.0,0.015037593984962405,0.015037593984962405,0
SYN:Romano_2018_transfer:47:Matusu_2026:71:9,Romano_2018_transfer,47,True,True,Matusu_2026,Matusu_2026_Eckart_CLM2,71,Matusu2026_71_3,90.0,0.1,5.085771510067199,121834.8435826862,=,1,10000000,0.0,0.015037593984962405,0.015037593984962405,0
SYN:Romano_2018_transfer:47:Matusu_2026:71:10,Romano_2018_transfer,47,True,True,Matusu_2026,Matusu_2026_Eckart_CLM2,71,Matusu2026_71_16,40.0,0.1,5.7448922036682015,555766.2932714409,=,1,10000000,0.0,0.015037593984962405,0.015037593984962405,0
SYN:Romano_2018_transfer:47:Matusu_2026:72:0,Romano_2018_transfer,47,True,True,Matusu_2026,Matusu_2026_Eckart_CLM2,72,Matusu2026_72_2,90.0,0.1,4.880121012673424,75878.8976036302,=,1,10000000,0.0,0.015037593984962405,0.015037593984962405,0
SYN:Romano_2018_transfer:47:Matusu_2026:72:1,Romano_2018_transfer,47,True,True,Matusu_2026,Matusu_2026_Eckart_CLM2,72,Matusu2026_72_50,50.0,0.1,6.741349486274872,5512511.218072123,=,1,10000000,0.0,0.015037593984962405,0.015037593984962405,0
SYN:Romano_2018_transfer:47:Matusu_2026:72:2,Romano_2018_transfer,47,True,True,Matusu_2026,Matusu_2026_Eckart_CLM2,72,Matusu2026_72_10,60.0,0.1,5.067719246696969,116874.36026685796,=,1,10000000,0.0,0.015037593984962405,0.015037593984962405,0
SYN:Romano_2018_transfer:47:Matusu_2026:72:3,Romano_2018_transfer,47,True,True,Matusu_2026,Matusu_2026_Eckart_CLM2,72,Matusu2026_72_50,50.0,0.1,7.275708608355623,10000000,>=,0,10000000,0.0,0.015037593984962405,0.015037593984962405,0
SYN:Romano_2018_transfer:47:Matusu_2026:72:4,Romano_2018_transfer,47,True,True,Matusu_2026,Matusu_2026_Eckart_CLM2,72,Matusu2026_72_53,47.5,0.1,7.496137137211897,10000000,>=,0,10000000,0.0,0.015037593984962405,0.015037593984962405,0
SYN:Romano_2018_transfer:47:Matusu_2026:72:5,Romano_2018_transfer,47,True,True,Matusu_2026,Matusu_2026_Eckart_CLM2,72,Matusu2026_72_53,47.5,0.1,6.451598744877094,2828777.2127149664,=,1,10000000,0.0,0.015037593984962405,0.015037593984962405,0
SYN:Romano_2018_transfer:47:Matusu_2026:72:6,Romano_2018_transfer,47,True,True,Matusu_2026,Matusu_2026_Eckart_CLM2,72,Matusu2026_72_1,80.0,0.1,5.0097239728131555,102264.281836559,=,1,10000000,0.0,0.015037593984962405,0.015037593984962405,0
SYN:Romano_2018_transfer:47:Matusu_2026:72:7,Romano_2018_transfer,47,True,True,Matusu_2026,Matusu_2026_Eckart_CLM2,72,Matusu2026_72_24,110.0,0.1,3.391345300616094,2462.3245810672984,=,1,10000000,0.0,0.015037593984962405,0.015037593984962405,0
SYN:Romano_2018_transfer:47:Matusu_2026:72:8,Romano_2018_transfer,47,True,True,Matusu_2026,Matusu_2026_Eckart_CLM2,72,Matusu2026_72_24,110.0,0.1,4.002696463263891,10062.28150891596,=,1,10000000,0.0,0.015037593984962405,0.015037593984962405,0
SYN:Romano_2018_transfer:47:Matusu_2026:72:9,Romano_2018_transfer,47,True,True,Matusu_2026,Matusu_2026_Eckart_CLM2,72,Matusu2026_72_23,100.0,0.1,5.533206629358459,341355.28358255554,=,1,10000000,0.0,0.015037593984962405,0.015037593984962405,0
SYN:Romano_2018_transfer:47:Matusu_2026:72:10,Romano_2018_transfer,47,True,True,Matusu_2026,Matusu_2026_Eckart_CLM2,72,Matusu2026_72_9,70.0,0.1,4.117327682655031,13101.700960238171,=,1,10000000,0.0,0.015037593984962405,0.015037593984962405,0
SYN:Romano_2018_transfer:47:Matusu_2026:73:0,Romano_2018_transfer,47,True,True,Matusu_2026,Matusu_2026_Eckart_CLM2,73,Matusu2026_73_22,100.0,0.1,3.7485916891669726,5605.207431946209,=,1,10000000,0.0,0.015037593984962405,0.015037593984962405,0
SYN:Romano_2018_transfer:47:Matusu_2026:73:1,Romano_2018_transfer,47,True,True,Matusu_2026,Matusu_2026_Eckart_CLM2,73,Matusu2026_73_8,70.0,0.1,6.179363009506883,1511342.897848492,=,1,10000000,0.0,0.015037593984962405,0.015037593984962405,0
SYN:Romano_2018_transfer:47:Matusu_2026:73:2,Romano_2018_transfer,47,True,True,Matusu_2026,Matusu_2026_Eckart_CLM2,73,Matusu2026_73_47,35.0,0.1,8.019020143486836,10000000,>=,0,10000000,0.0,0.015037593984962405,0.015037593984962405,0
SYN:Romano_2018_transfer:47:Matusu_2026:73:3,Romano_2018_transfer,47,True,True,Matusu_2026,Matusu_2026_Eckart_CLM2,73,Matusu2026_73_14,60.0,0.1,6.351899981354838,2248536.7049572812,=,1,10000000,0.0,0.015037593984962405,0.015037593984962405,0
SYN:Romano_2018_transfer:47:Matusu_2026:73:4,Romano_2018_transfer,47,True,True,Matusu_2026,Matusu_2026_Eckart_CLM2,73,Matusu2026_73_47,35.0,0.1,7.742779805487288,10000000,>=,0,10000000,0.0,0.015037593984962405,0.015037593984962405,0
SYN:Romano_2018_transfer:47:Matusu_2026:73:5,Romano_2018_transfer,47,True,True,Matusu_2026,Matusu_2026_Eckart_CLM2,73,Matusu2026_73_14,60.0,0.1,5.882803190129065,763489.7134095002,=,1,10000000,0.0,0.015037593984962405,0.015037593984962405,0
SYN:Romano_2018_transfer:47:Matusu_2026:73:6,Romano_2018_transfer,47,True,True,Matusu_2026,Matusu_2026_Eckart_CLM2,73,Matusu2026_73_15,50.0,0.1,6.533601181785137,3416655.425394523,=,1,10000000,0.0,0.015037593984962405,0.015037593984962405,0
SYN:Romano_2018_transfer:47:Matusu_2026:73:7,Romano_2018_transfer,47,True,True,Matusu_2026,Matusu_2026_Eckart_CLM2,73,Matusu2026_73_22,100.0,0.1,2.4714295055344833,296.0939308181263,=,1,10000000,0.0,0.015037593984962405,0.015037593984962405,0
SYN:Romano_2018_transfer:47:Matusu_2026:73:8,Romano_2018_transfer,47,True,True,Matusu_2026,Matusu_2026_Eckart_CLM2,73,Matusu2026_73_8,70.0,0.1,5.463958551284374,291043.93348247,=,1,10000000,0.0,0.015037593984962405,0.015037593984962405,0
SYN:Romano_2018_transfer:47:Matusu_2026:73:9,Romano_2018_transfer,47,True,True,Matusu_2026,Matusu_2026_Eckart_CLM2,73,Matusu2026_73_5,80.0,0.1,5.576882055705719,377469.6650103806,=,1,10000000,0.0,0.015037593984962405,0.015037593984962405,0
SYN:Romano_2018_transfer:47:Matusu_2026:73:10,Romano_2018_transfer,47,True,True,Matusu_2026,Matusu_2026_Eckart_CLM2,73,Matusu2026_73_15,50.0,0.1,7.195954598795375,10000000,>=,0,10000000,0.0,0.015037593984962405,0.015037593984962405,0
SYN:Romano_2018_transfer:47:Matusu_2026:74:0,Romano_2018_transfer,47,True,True,Matusu_2026,Matusu_2026_Eckart_CLM2,74,Matusu2026_74_38,50.0,0.1,5.932290202049712,855638.272155323,=,1,10000000,0.0,0.015037593984962405,0.015037593984962405,0
SYN:Romano_2018_transfer:47:Matusu_2026:74:1,Romano_2018_transfer,47,True,True,Matusu_2026,Matusu_2026_Eckart_CLM2,74,Matusu2026_74_39,90.0,0.1,5.483139671266374,304186.31467074546,=,1,10000000,0.0,0.015037593984962405,0.015037593984962405,0
SYN:Romano_2018_transfer:47:Matusu_2026:74:2,Romano_2018_transfer,47,True,True,Matusu_2026,Matusu_2026_Eckart_CLM2,74,Matusu2026_74_7,100.0,0.1,4.494732954947233,31241.5775066567,=,1,10000000,0.0,0.015037593984962405,0.015037593984962405,0
SYN:Romano_2018_transfer:47:Matusu_2026:74:3,Romano_2018_transfer,47,True,True,Matusu_2026,Matusu_2026_Eckart_CLM2,74,Matusu2026_74_48,40.0,0.1,7.479122267861971,10000000,>=,0,10000000,0.0,0.015037593984962405,0.015037593984962405,0
SYN:Romano_2018_transfer:47:Matusu_2026:74:4,Romano_2018_transfer,47,True,True,Matusu_2026,Matusu_2026_Eckart_CLM2,74,Matusu2026_74_48,40.0,0.1,7.286723525129718,10000000,>=,0,10000000,0.0,0.015037593984962405,0.015037593984962405,0
SYN:Romano_2018_transfer:47:Matusu_2026:74:5,Romano_2018_transfer,47,True,True,Matusu_2026,Matusu_2026_Eckart_CLM2,74,Matusu2026_74_40,110.0,0.1,3.9251183166063544,8416.243975618288,=,1,10000000,0.0,0.015037593984962405,0.015037593984962405,0
SYN:Romano_2018_transfer:47:Matusu_2026:74:6,Romano_2018_transfer,47,True,True,Matusu_2026,Matusu_2026_Eckart_CLM2,74,Matusu2026_74_39,90.0,0.1,4.1517367380301655,14181.975736888478,=,1,10000000,0.0,0.015037593984962405,0.015037593984962405,0
SYN:Romano_2018_transfer:47:Matusu_2026:74:7,Romano_2018_transfer,47,True,True,Matusu_2026,Matusu_2026_Eckart_CLM2,74,Matusu2026_74_41,125.0,0.1,3.448635776921736,2809.5436053339413,=,1,10000000,0.0,0.015037593984962405,0.015037593984962405,0
SYN:Romano_2018_transfer:47:Matusu_2026:74:8,Romano_2018_transfer,47,True,True,Matusu_2026,Matusu_2026_Eckart_CLM2,74,Matusu2026_74_48,40.0,0.1,6.910670898159554,8140871.471996251,=,1,10000000,0.0,0.015037593984962405,0.015037593984962405,0
SYN:Romano_2018_transfer:47:Matusu_2026:74:9,Romano_2018_transfer,47,True,True,Matusu_2026,Matusu_2026_Eckart_CLM2,74,Matusu2026_74_13,80.0,0.1,5.254415150800792,179645.00689423023,=,1,10000000,0.0,0.015037593984962405,0.015037593984962405,0
SYN:Romano_2018_transfer:47:Matusu_2026:74:10,Romano_2018_transfer,47,True,True,Matusu_2026,Matusu_2026_Eckart_CLM2,74,Matusu2026_74_25,60.0,0.1,3.8044710076466,6374.86522696613,=,1,10000000,0.0,0.015037593984962405,0.015037593984962405,0
SYN:Romano_2018_transfer:47:Matusu_2026:91:0,Romano_2018_transfer,47,True,True,Matusu_2026,Matusu_2026_GE_virgin_CLM2,91,Matusu2026_91_5,45.0,0.1,7.1888953208954645,10000000,>=,0,10000000,0.0,0.015037593984962405,0.015037593984962405,0
SYN:Romano_2018_transfer:47:Matusu_2026:91:1,Romano_2018_transfer,47,True,True,Matusu_2026,Matusu_2026_GE_virgin_CLM2,91,Matusu2026_91_1,55.0,0.1,6.102120699201183,1265087.8920746471,=,1,10000000,0.0,0.015037593984962405,0.015037593984962405,0
SYN:Romano_2018_transfer:47:Matusu_2026:91:2,Romano_2018_transfer,47,True,True,Matusu_2026,Matusu_2026_GE_virgin_CLM2,91,Matusu2026_91_19,100.0,0.1,3.7608358574866783,5765.485144834401,=,1,10000000,0.0,0.015037593984962405,0.015037593984962405,0
SYN:Romano_2018_transfer:47:Matusu_2026:91:3,Romano_2018_transfer,47,True,True,Matusu_2026,Matusu_2026_GE_virgin_CLM2,91,Matusu2026_91_21,50.0,0.1,6.374975176619847,2371238.1666871808,=,1,10000000,0.0,0.015037593984962405,0.015037593984962405,0
SYN:Romano_2018_transfer:47:Matusu_2026:91:4,Romano_2018_transfer,47,True,True,Matusu_2026,Matusu_2026_GE_virgin_CLM2,91,Matusu2026_91_20,110.0,0.1,3.7422062475233524,5523.396844873346,=,1,10000000,0.0,0.015037593984962405,0.015037593984962405,0
SYN:Romano_2018_transfer:47:Matusu_2026:91:5,Romano_2018_transfer,47,True,True,Matusu_2026,Matusu_2026_GE_virgin_CLM2,91,Matusu2026_91_27,140.0,0.1,3.596905839733795,3952.809091224062,=,1,10000000,0.0,0.015037593984962405,0.015037593984962405,0
SYN:Romano_2018_transfer:47:Matusu_2026:91:6,Romano_2018_transfer,47,True,True,Matusu_2026,Matusu_2026_GE_virgin_CLM2,91,Matusu2026_91_18,90.0,0.1,4.30626390388301,20242.48862410468,=,1,10000000,0.0,0.015037593984962405,0.015037593984962405,0
SYN:Romano_2018_transfer:47:Matusu_2026:91:7,Romano_2018_transfer,47,True,True,Matusu_2026,Matusu_2026_GE_virgin_CLM2,91,Matusu2026_91_20,110.0,0.1,3.4392142975736,2749.250404178038,=,1,10000000,0.0,0.015037593984962405,0.015037593984962405,0
SYN:Romano_2018_transfer:47:Matusu_2026:91:8,Romano_2018_transfer,47,True,True,Matusu_2026,Matusu_2026_GE_virgin_CLM2,91,Matusu2026_91_5,45.0,0.1,4.603930384651492,40172.6410846601,=,1,10000000,0.0,0.015037593984962405,0.015037593984962405,0
SYN:Romano_2018_transfer:47:Matusu_2026:91:9,Romano_2018_transfer,47,True,True,Matusu_2026,Matusu_2026_GE_virgin_CLM2,91,Matusu2026_91_3,130.0,0.1,4.018049776489904,10424.36901038802,=,1,10000000,0.0,0.015037593984962405,0.015037593984962405,0
SYN:Romano_2018_transfer:47:Matusu_2026:91:10,Romano_2018_transfer,47,True,True,Matusu_2026,Matusu_2026_GE_virgin_CLM2,91,Matusu2026_91_5,45.0,0.1,6.49281829406833,3110414.687942264,=,1,10000000,0.0,0.015037593984962405,0.015037593984962405,0
SYN:Romano_2018_transfer:47:Matusu_2026:91:11,Romano_2018_transfer,47,True,True,Matusu_2026,Matusu_2026_GE_virgin_CLM2,91,Matusu2026_91_27,140.0,0.1,0.6720952320800362,4.699971582682013,=,1,10000000,0.0,0.015037593984962405,0.015037593984962405,0
SYN:Romano_2018_transfer:47:Matusu_2026:91:12,Romano_2018_transfer,47,True,True,Matusu_2026,Matusu_2026_GE_virgin_CLM2,91,Matusu2026_91_9,120.0,0.1,2.8503300919469114,708.4840735939453,=,1,10000000,0.0,0.015037593984962405,0.015037593984962405,0
SYN:Romano_2018_transfer:47:Matusu_2026:91:13,Romano_2018_transfer,47,True,True,Matusu_2026,Matusu_2026_GE_virgin_CLM2,91,Matusu2026_91_33,80.0,0.1,2.9763840822119105,947.0743666060208,=,1,10000000,0.0,0.015037593984962405,0.015037593984962405,0
SYN:Romano_2018_transfer:47:Matusu_2026:91:14,Romano_2018_transfer,47,True,True,Matusu_2026,Matusu_2026_GE_virgin_CLM2,91,Matusu2026_91_33,80.0,0.1,5.424450684474265,265736.1780502335,=,1,10000000,0.0,0.015037593984962405,0.015037593984962405,0
SYN:Romano_2018_transfer:47:Matusu_2026:92:0,Romano_2018_transfer,47,True,True,Matusu_2026,Matusu_2026_GE_virgin_CLM2,92,Matusu2026_92_28,160.0,0.1,3.2743920463345857,1881.0140797275417,=,1,10000000,0.0,0.015037593984962405,0.015037593984962405,0
SYN:Romano_2018_transfer:47:Matusu_2026:92:1,Romano_2018_transfer,47,True,True,Matusu_2026,Matusu_2026_GE_virgin_CLM2,92,Matusu2026_92_23,70.0,0.1,4.836811464667719,68677.02355263579,=,1,10000000,0.0,0.015037593984962405,0.015037593984962405,0
SYN:Romano_2018_transfer:47:Matusu_2026:92:2,Romano_2018_transfer,47,True,True,Matusu_2026,Matusu_2026_GE_virgin_CLM2,92,Matusu2026_92_28,160.0,0.1,3.6909780740688882,4908.830926450518,=,1,10000000,0.0,0.015037593984962405,0.015037593984962405,0
SYN:Romano_2018_transfer:47:Matusu_2026:92:3,Romano_2018_transfer,47,True,True,Matusu_2026,Matusu_2026_GE_virgin_CLM2,92,Matusu2026_92_16,120.0,0.1,3.493701242186028,3116.7447900676307,=,1,10000000,0.0,0.015037593984962405,0.015037593984962405,0
SYN:Romano_2018_transfer:47:Matusu_2026:92:4,Romano_2018_transfer,47,True,True,Matusu_2026,Matusu_2026_GE_virgin_CLM2,92,Matusu2026_92_8,130.0,0.1,4.653876375887782,45068.83955580957,=,1,10000000,0.0,0.015037593984962405,0.015037593984962405,0
SYN:Romano_2018_transfer:47:Matusu_2026:92:5,Romano_2018_transfer,47,True,True,Matusu_2026,Matusu_2026_GE_virgin_CLM2,92,Matusu2026_92_26,140.0,0.1,1.9983493646234904,99.62064852144057,=,1,10000000,0.0,0.015037593984962405,0.015037593984962405,0
SYN:Romano_2018_transfer:47:Matusu_2026:92:6,Romano_2018_transfer,47,True,True,Matusu_2026,Matusu_2026_GE_virgin_CLM2,92,Matusu2026_92_7,150.0,0.1,3.050031371617481,1122.099507151092,=,1,10000000,0.0,0.015037593984962405,0.015037593984962405,0
SYN:Romano_2018_transfer:47:Matusu_2026:92:7,Romano_2018_transfer,47,True,True,Matusu_2026,Matusu_2026_GE_virgin_CLM2,92,Matusu2026_92_23,70.0,0.1,5.138956638771385,137707.1971145221,=,1,10000000,0.0,0.015037593984962405,0.015037593984962405,0
SYN:Romano_2018_transfer:47:Matusu_2026:92:8,Romano_2018_transfer,47,True,True,Matusu_2026,Matusu_2026_GE_virgin_CLM2,92,Matusu2026_92_2,90.0,0.1,3.4906781036289143,3095.1243618824647,=,1,10000000,0.0,0.015037593984962405,0.015037593984962405,0
SYN:Romano_2018_transfer:47:Matusu_2026:92:9,Romano_2018_transfer,47,True,True,Matusu_2026,Matusu_2026_GE_virgin_CLM2,92,Matusu2026_92_8,130.0,0.1,4.7516515035672064,56448.38271027749,=,1,10000000,0.0,0.015037593984962405,0.015037593984962405,0
SYN:Romano_2018_transfer:47:Matusu_2026:92:10,Romano_2018_transfer,47,True,True,Matusu_2026,Matusu_2026_GE_virgin_CLM2,92,Matusu2026_92_2,90.0,0.1,6.32042315303489,2091332.819969436,=,1,10000000,0.0,0.015037593984962405,0.015037593984962405,0
SYN:Romano_2018_transfer:47:Matusu_2026:92:11,Romano_2018_transfer,47,True,True,Matusu_2026,Matusu_2026_GE_virgin_CLM2,92,Matusu2026_92_26,140.0,0.1,3.381823330213178,2408.925285237052,=,1,10000000,0.0,0.015037593984962405,0.015037593984962405,0
SYN:Romano_2018_transfer:47:Matusu_2026:92:12,Romano_2018_transfer,47,True,True,Matusu_2026,Matusu_2026_GE_virgin_CLM2,92,Matusu2026_92_28,160.0,0.1,3.704709497063088,5066.516916679402,=,1,10000000,0.0,0.015037593984962405,0.015037593984962405,0
SYN:Romano_2018_transfer:47:Matusu_2026:92:13,Romano_2018_transfer,47,True,True,Matusu_2026,Matusu_2026_GE_virgin_CLM2,92,Matusu2026_92_14,80.0,0.1,4.762596946745462,57889.11987271834,=,1,10000000,0.0,0.015037593984962405,0.015037593984962405,0
SYN:Romano_2018_transfer:47:Matusu_2026:93:0,Romano_2018_transfer,47,True,True,Matusu_2026,Matusu_2026_GE_virgin_CLM2,93,Matusu2026_93_16,120.0,0.1,4.238740120617139,17327.668095181667,=,1,10000000,0.0,0.015037593984962405,0.015037593984962405,0
SYN:Romano_2018_transfer:47:Matusu_2026:93:1,Romano_2018_transfer,47,True,True,Matusu_2026,Matusu_2026_GE_virgin_CLM2,93,Matusu2026_93_15,100.0,0.1,4.619038085523627,41594.70854404383,=,1,10000000,0.0,0.015037593984962405,0.015037593984962405,0
SYN:Romano_2018_transfer:47:Matusu_2026:93:2,Romano_2018_transfer,47,True,True,Matusu_2026,Matusu_2026_GE_virgin_CLM2,93,Matusu2026_93_2,130.0,0.1,4.366767078613069,23268.4298747089,=,1,10000000,0.0,0.015037593984962405,0.015037593984962405,0
SYN:Romano_2018_transfer:47:Matusu_2026:93:3,Romano_2018_transfer,47,True,True,Matusu_2026,Matusu_2026_GE_virgin_CLM2,93,Matusu2026_93_16,120.0,0.1,4.960692538776538,91346.63188779262,=,1,10000000,0.0,0.015037593984962405,0.015037593984962405,0
SYN:Romano_2018_transfer:47:Matusu_2026:93:4,Romano_2018_transfer,47,True,True,Matusu_2026,Matusu_2026_GE_virgin_CLM2,93,Matusu2026_93_22,120.0,0.1,4.001432149371257,10033.03089008707,=,1,10000000,0.0,0.015037593984962405,0.015037593984962405,0
SYN:Romano_2018_transfer:47:Matusu_2026:93:5,Romano_2018_transfer,47,True,True,Matusu_2026,Matusu_2026_GE_virgin_CLM2,93,Matusu2026_93_31,110.0,0.1,5.074242523879034,118643.11041480098,=,1,10000000,0.0,0.015037593984962405,0.015037593984962405,0
SYN:Romano_2018_transfer:47:Matusu_2026:93:6,Romano_2018_transfer,47,True,True,Matusu_2026,Matusu_2026_GE_virgin_CLM2,93,Matusu2026_93_15,100.0,0.1,5.13444276938513,136283.3402422513,=,1,10000000,0.0,0.015037593984962405,0.015037593984962405,0
SYN:Romano_2018_transfer:47:Matusu_2026:93:7,Romano_2018_transfer,47,True,True,Matusu_2026,Matusu_2026_GE_virgin_CLM2,93,Matusu2026_93_35,60.0,0.1,6.495445897518073,3129290.6141239414,=,1,10000000,0.0,0.015037593984962405,0.015037593984962405,0
SYN:Romano_2018_transfer:47:Matusu_2026:93:8,Romano_2018_transfer,47,True,True,Matusu_2026,Matusu_2026_GE_virgin_CLM2,93,Matusu2026_93_8,130.0,0.1,4.6686258715928775,46625.75438694554,=,1,10000000,0.0,0.015037593984962405,0.015037593984962405,0
SYN:Romano_2018_transfer:47:Matusu_2026:93:9,Romano_2018_transfer,47,True,True,Matusu_2026,Matusu_2026_GE_virgin_CLM2,93,Matusu2026_93_16,120.0,0.1,4.071501882459943,11789.676334964519,=,1,10000000,0.0,0.015037593984962405,0.015037593984962405,0
SYN:Romano_2018_transfer:47:Matusu_2026:93:10,Romano_2018_transfer,47,True,True,Matusu_2026,Matusu_2026_GE_virgin_CLM2,93,Matusu2026_93_17,70.0,0.1,5.790590517021752,617433.9660078796,=,1,10000000,0.0,0.015037593984962405,0.015037593984962405,0
SYN:Romano_2018_transfer:47:Matusu_2026:93:11,Romano_2018_transfer,47,True,True,Matusu_2026,Matusu_2026_GE_virgin_CLM2,93,Matusu2026_93_31,110.0,0.1,5.54625329825965,351765.5447264919,=,1,10000000,0.0,0.015037593984962405,0.015037593984962405,0
SYN:Romano_2018_transfer:47:Matusu_2026:93:12,Romano_2018_transfer,47,True,True,Matusu_2026,Matusu_2026_GE_virgin_CLM2,93,Matusu2026_93_23,140.0,0.1,3.0371410047380185,1089.2836995560715,=,1,10000000,0.0,0.015037593984962405,0.015037593984962405,0
SYN:Romano_2018_transfer:47:Matusu_2026:93:13,Romano_2018_transfer,47,True,True,Matusu_2026,Matusu_2026_GE_virgin_CLM2,93,Matusu2026_93_8,130.0,0.1,2.660328115935373,457.43365702162157,=,1,10000000,0.0,0.015037593984962405,0.015037593984962405,0
SYN:Romano_2018_transfer:47:Matusu_2026:93:14,Romano_2018_transfer,47,True,True,Matusu_2026,Matusu_2026_GE_virgin_CLM2,93,Matusu2026_93_26,70.0,0.1,5.3519283379107,224868.3524318252,=,1,10000000,0.0,0.015037593984962405,0.015037593984962405,0
SYN:Romano_2018_transfer:47:Matusu_2026:94:0,Romano_2018_transfer,47,True,True,Matusu_2026,Matusu_2026_GE_virgin_CLM2,94,Matusu2026_94_33,70.0,0.1,0.9862541391050614,9.688446359269191,=,1,10000000,0.0,0.015037593984962405,0.015037593984962405,0
SYN:Romano_2018_transfer:47:Matusu_2026:94:1,Romano_2018_transfer,47,True,True,Matusu_2026,Matusu_2026_GE_virgin_CLM2,94,Matusu2026_94_36,125.0,0.1,4.600902904137466,39893.570174363354,=,1,10000000,0.0,0.015037593984962405,0.015037593984962405,1
SYN:Romano_2018_transfer:47:Matusu_2026:94:2,Romano_2018_transfer,47,True,True,Matusu_2026,Matusu_2026_GE_virgin_CLM2,94,Matusu2026_94_27,100.0,0.1,4.332081564272067,21482.338932118786,=,1,10000000,0.0,0.015037593984962405,0.015037593984962405,0
SYN:Romano_2018_transfer:47:Matusu_2026:94:3,Romano_2018_transfer,47,True,True,Matusu_2026,Matusu_2026_GE_virgin_CLM2,94,Matusu2026_94_27,100.0,0.1,2.717106886102048,521.3230003864069,=,1,10000000,0.0,0.015037593984962405,0.015037593984962405,0
SYN:Romano_2018_transfer:47:Matusu_2026:94:4,Romano_2018_transfer,47,True,True,Matusu_2026,Matusu_2026_GE_virgin_CLM2,94,Matusu2026_94_18,140.0,0.1,2.899834110156874,794.0248787566147,=,1,10000000,0.0,0.015037593984962405,0.015037593984962405,0
SYN:Romano_2018_transfer:47:Matusu_2026:94:5,Romano_2018_transfer,47,True,True,Matusu_2026,Matusu_2026_GE_virgin_CLM2,94,Matusu2026_94_21,110.0,0.1,3.922578584817284,8367.169845149996,=,1,10000000,0.0,0.015037593984962405,0.015037593984962405,0
SYN:Romano_2018_transfer:47:Matusu_2026:94:6,Romano_2018_transfer,47,True,True,Matusu_2026,Matusu_2026_GE_virgin_CLM2,94,Matusu2026_94_13,90.0,0.1,6.134162788252455,1361955.0936081205,=,1,10000000,0.0,0.015037593984962405,0.015037593984962405,0
SYN:Romano_2018_transfer:47:Matusu_2026:94:7,Romano_2018_transfer,47,True,True,Matusu_2026,Matusu_2026_GE_virgin_CLM2,94,Matusu2026_94_1,140.0,0.1,3.522153198228328,3327.769203018879,=,1,10000000,0.0,0.015037593984962405,0.015037593984962405,0
SYN:Romano_2018_transfer:47:Matusu_2026:94:8,Romano_2018_transfer,47,True,True,Matusu_2026,Matusu_2026_GE_virgin_CLM2,94,Matusu2026_94_11,85.0,0.1,5.8276923615352425,672500.1128241138,=,1,10000000,0.0,0.015037593984962405,0.015037593984962405,0
SYN:Romano_2018_transfer:47:Matusu_2026:94:9,Romano_2018_transfer,47,True,True,Matusu_2026,Matusu_2026_GE_virgin_CLM2,94,Matusu2026_94_18,140.0,0.1,4.330320921058879,21395.42516265846,=,1,10000000,0.0,0.015037593984962405,0.015037593984962405,0
SYN:Romano_2018_transfer:47:Matusu_2026:94:10,Romano_2018_transfer,47,True,True,Matusu_2026,Matusu_2026_GE_virgin_CLM2,94,Matusu2026_94_9,125.0,0.1,1.8872366068816318,77.13235774683216,=,1,10000000,0.0,0.015037593984962405,0.015037593984962405,0
SYN:Romano_2018_transfer:47:Matusu_2026:94:11,Romano_2018_transfer,47,True,True,Matusu_2026,Matusu_2026_GE_virgin_CLM2,94,Matusu2026_94_19,90.0,0.1,4.7200167305699114,52482.76780913445,=,1,10000000,0.0,0.015037593984962405,0.015037593984962405,0
SYN:Romano_2018_transfer:47:Matusu_2026:94:12,Romano_2018_transfer,47,True,True,Matusu_2026,Matusu_2026_GE_virgin_CLM2,94,Matusu2026_94_20,70.0,0.1,4.541821881102915,34819.447938136145,=,1,10000000,0.0,0.015037593984962405,0.015037593984962405,0
SYN:Romano_2018_transfer:47:Matusu_2026:94:13,Romano_2018_transfer,47,True,True,Matusu_2026,Matusu_2026_GE_virgin_CLM2,94,Matusu2026_94_33,70.0,0.1,4.739896899606159,54941.04297506845,=,1,10000000,0.0,0.015037593984962405,0.015037593984962405,0
SYN:Romano_2018_transfer:47:Matusu_2026:94:14,Romano_2018_transfer,47,True,True,Matusu_2026,Matusu_2026_GE_virgin_CLM2,94,Matusu2026_94_13,90.0,0.1,4.590151742332026,38918.110097475736,=,1,10000000,0.0,0.015037593984962405,0.015037593984962405,0
SYN:Romano_2018_transfer:47:Matusu_2026:C01:0,Romano_2018_transfer,47,True,True,Matusu_2026,Matusu_2026_Aconity_TWO,C01,Matusu2026_C01_5,110.0,0.1,3.5350147749878493,3427.7944793345923,=,1,10000000,0.0,0.015037593984962405,0.015037593984962405,0
SYN:Romano_2018_transfer:47:Matusu_2026:C01:1,Romano_2018_transfer,47,True,True,Matusu_2026,Matusu_2026_Aconity_TWO,C01,Matusu2026_C01_4,90.0,0.1,4.155648411834918,14310.289240434773,=,1,10000000,0.0,0.015037593984962405,0.015037593984962405,0
SYN:Romano_2018_transfer:47:Matusu_2026:C01:2,Romano_2018_transfer,47,True,True,Matusu_2026,Matusu_2026_Aconity_TWO,C01,Matusu2026_C01_5,110.0,0.1,4.369698214922829,23426.004098008427,=,1,10000000,0.0,0.015037593984962405,0.015037593984962405,0
SYN:Romano_2018_transfer:47:Matusu_2026:C01:3,Romano_2018_transfer,47,True,True,Matusu_2026,Matusu_2026_Aconity_TWO,C01,Matusu2026_C01_2,50.0,0.1,5.73615261133302,544694.0250128548,=,1,10000000,0.0,0.015037593984962405,0.015037593984962405,0
SYN:Romano_2018_transfer:47:Matusu_2026:C01:4,Romano_2018_transfer,47,True,True,Matusu_2026,Matusu_2026_Aconity_TWO,C01,Matusu2026_C01_3,70.0,0.1,6.324650208265539,2111787.4677699264,=,1,10000000,0.0,0.015037593984962405,0.015037593984962405,0
SYN:Romano_2018_transfer:47:Matusu_2026:C01:5,Romano_2018_transfer,47,True,True,Matusu_2026,Matusu_2026_Aconity_TWO,C01,Matusu2026_C01_1,60.0,0.1,6.383951131815303,2420756.640239178,=,1,10000000,0.0,0.015037593984962405,0.015037593984962405,0
SYN:Romano_2018_transfer:47:Matusu_2026:C01:6,Romano_2018_transfer,47,True,True,Matusu_2026,Matusu_2026_Aconity_TWO,C01,Matusu2026_C01_7,40.0,0.1,7.354505876083155,10000000,>=,0,10000000,0.0,0.015037593984962405,0.015037593984962405,0
SYN:Romano_2018_transfer:47:Matusu_2026:C01:7,Romano_2018_transfer,47,True,True,Matusu_2026,Matusu_2026_Aconity_TWO,C01,Matusu2026_C01_9,110.0,0.1,3.9738146650746597,9414.8773142242,=,1,10000000,0.0,0.015037593984962405,0.015037593984962405,0
SYN:Romano_2018_transfer:47:Matusu_2026:C01:8,Romano_2018_transfer,47,True,True,Matusu_2026,Matusu_2026_Aconity_TWO,C01,Matusu2026_C01_8,80.0,0.1,4.70543455386011,50749.825566121974,=,1,10000000,0.0,0.015037593984962405,0.015037593984962405,0
SYN:Romano_2018_transfer:47:Matusu_2026:C01:9,Romano_2018_transfer,47,True,True,Matusu_2026,Matusu_2026_Aconity_TWO,C01,Matusu2026_C01_5,110.0,0.1,3.2840764632282555,1923.4303441893771,=,1,10000000,0.0,0.015037593984962405,0.015037593984962405,0
SYN:Romano_2018_transfer:47:Matusu_2026:C02:0,Romano_2018_transfer,47,True,True,Matusu_2026,Matusu_2026_Aconity_TWO,C02,Matusu2026_C02_5,70.0,0.1,5.838048638786429,688729.4262390332,=,1,10000000,0.0,0.015037593984962405,0.015037593984962405,0
SYN:Romano_2018_transfer:47:Matusu_2026:C02:1,Romano_2018_transfer,47,True,True,Matusu_2026,Matusu_2026_Aconity_TWO,C02,Matusu2026_C02_1,100.0,0.1,4.760343931388502,57589.58267207085,=,1,10000000,0.0,0.015037593984962405,0.015037593984962405,0
SYN:Romano_2018_transfer:47:Matusu_2026:C02:2,Romano_2018_transfer,47,True,True,Matusu_2026,Matusu_2026_Aconity_TWO,C02,Matusu2026_C02_8,110.0,0.1,4.09065743911124,12321.325737269628,=,1,10000000,0.0,0.015037593984962405,0.015037593984962405,0
SYN:Romano_2018_transfer:47:Matusu_2026:C02:3,Romano_2018_transfer,47,True,True,Matusu_2026,Matusu_2026_Aconity_TWO,C02,Matusu2026_C02_9,65.0,0.1,5.148095365707012,140635.63087104462,=,1,10000000,0.0,0.015037593984962405,0.015037593984962405,0
SYN:Romano_2018_transfer:47:Matusu_2026:C02:4,Romano_2018_transfer,47,True,True,Matusu_2026,Matusu_2026_Aconity_TWO,C02,Matusu2026_C02_5,70.0,0.1,6.0605232140277385,1149537.6871813461,=,1,10000000,0.0,0.015037593984962405,0.015037593984962405,0
SYN:Romano_2018_transfer:47:Matusu_2026:C02:5,Romano_2018_transfer,47,True,True,Matusu_2026,Matusu_2026_Aconity_TWO,C02,Matusu2026_C02_7,70.0,0.1,4.098379425626025,12542.36472386637,=,1,10000000,0.0,0.015037593984962405,0.015037593984962405,0
SYN:Romano_2018_transfer:47:Matusu_2026:C02:6,Romano_2018_transfer,47,True,True,Matusu_2026,Matusu_2026_Aconity_TWO,C02,Matusu2026_C02_10,70.0,0.1,3.973528587544841,9408.67760858161,=,1,10000000,0.0,0.015037593984962405,0.015037593984962405,0
SYN:Romano_2018_transfer:47:Matusu_2026:C02:7,Romano_2018_transfer,47,True,True,Matusu_2026,Matusu_2026_Aconity_TWO,C02,Matusu2026_C02_7,70.0,0.1,5.603096768629311,400956.0479007495,=,1,10000000,0.0,0.015037593984962405,0.015037593984962405,0
SYN:Romano_2018_transfer:47:Matusu_2026:C02:8,Romano_2018_transfer,47,True,True,Matusu_2026,Matusu_2026_Aconity_TWO,C02,Matusu2026_C02_6,75.0,0.1,4.340471384376759,21901.37515355828,=,1,10000000,0.0,0.015037593984962405,0.015037593984962405,0
SYN:Romano_2018_transfer:47:Matusu_2026:C02:9,Romano_2018_transfer,47,True,True,Matusu_2026,Matusu_2026_Aconity_TWO,C02,Matusu2026_C02_10,70.0,0.1,5.476310089795773,299440.1900840695,=,1,10000000,0.0,0.015037593984962405,0.015037593984962405,0
SYN:Romano_2018_transfer:47:Matusu_2026:C03:0,Romano_2018_transfer,47,True,True,Matusu_2026,Matusu_2026_Aconity_TWO,C03,Matusu2026_C03_3,80.0,0.1,4.568056293812312,36987.61204941397,=,1,10000000,0.0,0.015037593984962405,0.015037593984962405,0
SYN:Romano_2018_transfer:47:Matusu_2026:C03:1,Romano_2018_transfer,47,True,True,Matusu_2026,Matusu_2026_Aconity_TWO,C03,Matusu2026_C03_5,70.0,0.1,5.333582597206278,215567.15855006466,=,1,10000000,0.0,0.015037593984962405,0.015037593984962405,0
SYN:Romano_2018_transfer:47:Matusu_2026:C03:2,Romano_2018_transfer,47,True,True,Matusu_2026,Matusu_2026_Aconity_TWO,C03,Matusu2026_C03_6,65.0,0.1,6.1455079933825445,1398002.6459446854,=,1,10000000,0.0,0.015037593984962405,0.015037593984962405,0
SYN:Romano_2018_transfer:47:Matusu_2026:C03:3,Romano_2018_transfer,47,True,True,Matusu_2026,Matusu_2026_Aconity_TWO,C03,Matusu2026_C03_9,75.0,0.1,5.391287868387884,246199.8978410785,=,1,10000000,0.0,0.015037593984962405,0.015037593984962405,0
SYN:Romano_2018_transfer:47:Matusu_2026:C03:4,Romano_2018_transfer,47,True,True,Matusu_2026,Matusu_2026_Aconity_TWO,C03,Matusu2026_C03_9,75.0,0.1,5.324615284196226,211161.76538541724,=,1,10000000,0.0,0.015037593984962405,0.015037593984962405,0
SYN:Romano_2018_transfer:47:Matusu_2026:C03:5,Romano_2018_transfer,47,True,True,Matusu_2026,Matusu_2026_Aconity_TWO,C03,Matusu2026_C03_5,70.0,0.1,4.700625558952059,50190.96652520479,=,1,10000000,0.0,0.015037593984962405,0.015037593984962405,0
SYN:Romano_2018_transfer:47:Matusu_2026:C03:6,Romano_2018_transfer,47,True,True,Matusu_2026,Matusu_2026_Aconity_TWO,C03,Matusu2026_C03_2,110.0,0.1,2.121726040457513,132.35063839198182,=,1,10000000,0.0,0.015037593984962405,0.015037593984962405,0
SYN:Romano_2018_transfer:47:Matusu_2026:C03:7,Romano_2018_transfer,47,True,True,Matusu_2026,Matusu_2026_Aconity_TWO,C03,Matusu2026_C03_9,75.0,0.1,5.221838099478348,166662.57957527778,=,1,10000000,0.0,0.015037593984962405,0.015037593984962405,0
SYN:Romano_2018_transfer:47:Matusu_2026:C03:8,Romano_2018_transfer,47,True,True,Matusu_2026,Matusu_2026_Aconity_TWO,C03,Matusu2026_C03_10,85.0,0.1,4.266303185663192,18463.0389404528,=,1,10000000,0.0,0.015037593984962405,0.015037593984962405,0
SYN:Romano_2018_transfer:47:Matusu_2026:C03:9,Romano_2018_transfer,47,True,True,Matusu_2026,Matusu_2026_Aconity_TWO,C03,Matusu2026_C03_9,75.0,0.1,6.180446707073751,1515118.8697853554,=,1,10000000,0.0,0.015037593984962405,0.015037593984962405,0
SYN:Romano_2018_transfer:47:Wu_2021:Horizontal:0,Romano_2018_transfer,47,True,True,Wu_2021,Wu_2021,Horizontal,Wu_2021:H-HCF10,66.15,0.1,6.028374294425593,1067515.7577484897,=,1,10000000,0.0,0.04878048780487805,0.04878048780487805,0
SYN:Romano_2018_transfer:47:Wu_2021:Horizontal:1,Romano_2018_transfer,47,True,True,Wu_2021,Wu_2021,Horizontal,Wu_2021:H-HCF16,63.0,0.1,4.737305811771303,54614.22959865302,=,1,10000000,0.0,0.04878048780487805,0.04878048780487805,0
SYN:Romano_2018_transfer:47:Wu_2021:Horizontal:2,Romano_2018_transfer,47,True,True,Wu_2021,Wu_2021,Horizontal,Wu_2021:H-HCF18,90.0,0.1,5.303369780700851,201080.4186229294,=,1,10000000,0.0,0.04878048780487805,0.04878048780487805,0
SYN:Romano_2018_transfer:47:Wu_2021:Horizontal:3,Romano_2018_transfer,47,True,True,Wu_2021,Wu_2021,Horizontal,Wu_2021:H-HCF08,57.15,0.1,5.366740993881486,232670.32360934548,=,1,10000000,0.0,0.04878048780487805,0.04878048780487805,0
SYN:Romano_2018_transfer:47:Wu_2021:Horizontal:4,Romano_2018_transfer,47,True,True,Wu_2021,Wu_2021,Horizontal,Wu_2021:H-HCF01,72.0,0.1,5.047698733748604,111608.87582562154,=,1,10000000,0.0,0.04878048780487805,0.04878048780487805,0
SYN:Romano_2018_transfer:47:Wu_2021:Horizontal:5,Romano_2018_transfer,47,True,True,Wu_2021,Wu_2021,Horizontal,Wu_2021:H-HCF07,59.85,0.1,4.809637690504008,64511.58176140565,=,1,10000000,0.0,0.04878048780487805,0.04878048780487805,0
SYN:Romano_2018_transfer:47:Wu_2021:Horizontal:6,Romano_2018_transfer,47,True,True,Wu_2021,Wu_2021,Horizontal,Wu_2021:H-HCF11,81.0,0.1,6.011173748512437,1026062.34166318,=,1,10000000,0.0,0.04878048780487805,0.04878048780487805,0
SYN:Romano_2018_transfer:47:Wu_2021:Horizontal:7,Romano_2018_transfer,47,True,True,Wu_2021,Wu_2021,Horizontal,Wu_2021:H-HCF16,63.0,0.1,3.984996815891739,9660.437962396598,=,1,10000000,0.0,0.04878048780487805,0.04878048780487805,0
SYN:Romano_2018_transfer:47:Wu_2021:Horizontal:8,Romano_2018_transfer,47,True,True,Wu_2021,Wu_2021,Horizontal,Wu_2021:H-HCF04,66.15,0.1,6.389591850413831,2452403.0660131387,=,1,10000000,0.0,0.04878048780487805,0.04878048780487805,0
SYN:Romano_2018_transfer:47:Wu_2021:Horizontal:9,Romano_2018_transfer,47,True,True,Wu_2021,Wu_2021,Horizontal,Wu_2021:H-HCF04,66.15,0.1,5.068985054844674,117215.5028078709,=,1,10000000,0.0,0.04878048780487805,0.04878048780487805,0
SYN:Romano_2018_transfer:47:Wu_2021:Horizontal:10,Romano_2018_transfer,47,True,True,Wu_2021,Wu_2021,Horizontal,Wu_2021:H-HCF11,81.0,0.1,5.7274468714214315,533883.9579139156,=,1,10000000,0.0,0.04878048780487805,0.04878048780487805,0
SYN:Romano_2018_transfer:47:Wu_2021:Horizontal:11,Romano_2018_transfer,47,True,True,Wu_2021,Wu_2021,Horizontal,Wu_2021:H-HCF11,81.0,0.1,5.466720764237795,292900.9391792457,=,1,10000000,0.0,0.04878048780487805,0.04878048780487805,0
SYN:Romano_2018_transfer:47:Wu_2021:Horizontal:12,Romano_2018_transfer,47,True,True,Wu_2021,Wu_2021,Horizontal,Wu_2021:H-HCF10,66.15,0.1,5.983571823074433,962879.2395625247,=,1,10000000,0.0,0.04878048780487805,0.04878048780487805,0
SYN:Romano_2018_transfer:47:Wu_2021:Horizontal:13,Romano_2018_transfer,47,True,True,Wu_2021,Wu_2021,Horizontal,Wu_2021:H-HCF05,81.0,0.1,3.8021299668213215,6340.594312809583,=,1,10000000,0.0,0.04878048780487805,0.04878048780487805,0
SYN:Romano_2018_transfer:47:Wu_2021:Horizontal:14,Romano_2018_transfer,47,True,True,Wu_2021,Wu_2021,Horizontal,Wu_2021:H-HCF02,72.0,0.1,4.895016503130683,78526.54740233159,=,1,10000000,0.0,0.04878048780487805,0.04878048780487805,0
SYN:Romano_2018_transfer:47:Wu_2021:Horizontal:15,Romano_2018_transfer,47,True,True,Wu_2021,Wu_2021,Horizontal,Wu_2021:H-HCF10,66.15,0.1,5.826976395131664,671392.3602703365,=,1,10000000,0.0,0.04878048780487805,0.04878048780487805,0
SYN:Romano_2018_transfer:47:Wu_2021:Horizontal:16,Romano_2018_transfer,47,True,True,Wu_2021,Wu_2021,Horizontal,Wu_2021:H-HCF08,57.15,0.1,5.985045458539975,966152.0029109395,=,1,10000000,0.0,0.04878048780487805,0.04878048780487805,0
SYN:Romano_2018_transfer:47:Wu_2021:Horizontal:17,Romano_2018_transfer,47,True,True,Wu_2021,Wu_2021,Horizontal,Wu_2021:H-HCF08,57.15,0.1,7.227038085223784,10000000,>=,0,10000000,0.0,0.04878048780487805,0.04878048780487805,0
SYN:Romano_2018_transfer:47:Wu_2021:Horizontal:18,Romano_2018_transfer,47,True,True,Wu_2021,Wu_2021,Horizontal,Wu_2021:H-HCF07,59.85,0.1,6.782092159101589,6054693.442443273,=,1,10000000,0.0,0.04878048780487805,0.04878048780487805,0
SYN:Romano_2018_transfer:47:Wu_2021:Vertical:0,Romano_2018_transfer,47,True,True,Wu_2021,Wu_2021,Vertical,Wu_2021:V-HCF14,27.0,0.1,8.264863170954005,10000000,>=,0,10000000,0.0,0.04878048780487805,0.04878048780487805,0
SYN:Romano_2018_transfer:47:Wu_2021:Vertical:1,Romano_2018_transfer,47,True,True,Wu_2021,Wu_2021,Vertical,Wu_2021:V-HCF01,36.0,0.1,7.95058953548072,10000000,>=,0,10000000,0.0,0.04878048780487805,0.04878048780487805,0
SYN:Romano_2018_transfer:47:Wu_2021:Vertical:2,Romano_2018_transfer,47,True,True,Wu_2021,Wu_2021,Vertical,Wu_2021:V-HCF13,45.0,0.1,6.760265947698129,5757924.257985329,=,1,10000000,0.0,0.04878048780487805,0.04878048780487805,0
SYN:Romano_2018_transfer:47:Wu_2021:Vertical:3,Romano_2018_transfer,47,True,True,Wu_2021,Wu_2021,Vertical,Wu_2021:V-HCF15,27.0,0.1,7.850864849166612,10000000,>=,0,10000000,0.0,0.04878048780487805,0.04878048780487805,0
SYN:Romano_2018_transfer:47:Wu_2021:Vertical:4,Romano_2018_transfer,47,True,True,Wu_2021,Wu_2021,Vertical,Wu_2021:V-HCF16,22.5,0.1,9.018237462225821,10000000,>=,0,10000000,0.0,0.04878048780487805,0.04878048780487805,0
SYN:Romano_2018_transfer:47:Wu_2021:Vertical:5,Romano_2018_transfer,47,True,True,Wu_2021,Wu_2021,Vertical,Wu_2021:V-HCF20,36.0,0.1,6.49302371183996,3111886.2368794703,=,1,10000000,0.0,0.04878048780487805,0.04878048780487805,0
SYN:Romano_2018_transfer:47:Wu_2021:Vertical:6,Romano_2018_transfer,47,True,True,Wu_2021,Wu_2021,Vertical,Wu_2021:V-HCF21,45.0,0.1,7.086023742199007,10000000,>=,0,10000000,0.0,0.04878048780487805,0.04878048780487805,0
SYN:Romano_2018_transfer:47:Wu_2021:Vertical:7,Romano_2018_transfer,47,True,True,Wu_2021,Wu_2021,Vertical,Wu_2021:V-HCF01,36.0,0.1,7.486619757896286,10000000,>=,0,10000000,0.0,0.04878048780487805,0.04878048780487805,0
SYN:Romano_2018_transfer:47:Wu_2021:Vertical:8,Romano_2018_transfer,47,True,True,Wu_2021,Wu_2021,Vertical,Wu_2021:V-HCF08,22.5,0.1,6.159348890754007,1443274.3413040882,=,1,10000000,0.0,0.04878048780487805,0.04878048780487805,0
SYN:Romano_2018_transfer:47:Wu_2021:Vertical:9,Romano_2018_transfer,47,True,True,Wu_2021,Wu_2021,Vertical,Wu_2021:V-HCF09,63.0,0.1,4.955789713210454,90321.20296456353,=,1,10000000,0.0,0.04878048780487805,0.04878048780487805,0
SYN:Romano_2018_transfer:47:Wu_2021:Vertical:10,Romano_2018_transfer,47,True,True,Wu_2021,Wu_2021,Vertical,Wu_2021:V-HCF11,36.0,0.1,4.850635462857861,70898.241404354,=,1,10000000,0.0,0.04878048780487805,0.04878048780487805,0
SYN:Romano_2018_transfer:47:Wu_2021:Vertical:11,Romano_2018_transfer,47,True,True,Wu_2021,Wu_2021,Vertical,Wu_2021:V-HCF22,63.0,0.1,6.778379374405864,6003152.477723849,=,1,10000000,0.0,0.04878048780487805,0.04878048780487805,0
SYN:Romano_2018_transfer:47:Wu_2021:Vertical:12,Romano_2018_transfer,47,True,True,Wu_2021,Wu_2021,Vertical,Wu_2021:V-HCF09,63.0,0.1,6.269471485078796,1859822.446931012,=,1,10000000,0.0,0.04878048780487805,0.04878048780487805,0
SYN:Romano_2018_transfer:47:Wu_2021:Vertical:13,Romano_2018_transfer,47,True,True,Wu_2021,Wu_2021,Vertical,Wu_2021:V-HCF13,45.0,0.1,6.654584314143079,4514236.564437085,=,1,10000000,0.0,0.04878048780487805,0.04878048780487805,0
SYN:Romano_2018_transfer:47:Wu_2021:Vertical:14,Romano_2018_transfer,47,True,True,Wu_2021,Wu_2021,Vertical,Wu_2021:V-HCF02,63.0,0.1,5.74724445284829,558784.6312869791,=,1,10000000,0.0,0.04878048780487805,0.04878048780487805,0
SYN:Romano_2018_transfer:47:Wu_2021:Vertical:15,Romano_2018_transfer,47,True,True,Wu_2021,Wu_2021,Vertical,Wu_2021:V-HCF04,63.0,0.1,5.57344393322937,374493.19740134664,=,1,10000000,0.0,0.04878048780487805,0.04878048780487805,0
SYN:Romano_2018_transfer:47:Wu_2021:Vertical:16,Romano_2018_transfer,47,True,True,Wu_2021,Wu_2021,Vertical,Wu_2021:V-HCF03,27.0,0.1,7.063883946344555,10000000,>=,0,10000000,0.0,0.04878048780487805,0.04878048780487805,0
SYN:Romano_2018_transfer:47:Wu_2021:Vertical:17,Romano_2018_transfer,47,True,True,Wu_2021,Wu_2021,Vertical,Wu_2021:V-HCF02,63.0,0.1,5.441786876216132,276558.4141626004,=,1,10000000,0.0,0.04878048780487805,0.04878048780487805,0
SYN:Romano_2018_transfer:47:Wu_2021:Vertical:18,Romano_2018_transfer,47,True,True,Wu_2021,Wu_2021,Vertical,Wu_2021:V-HCF18,36.0,0.1,6.545489659315938,3511475.6348617463,=,1,10000000,0.0,0.04878048780487805,0.04878048780487805,0
SYN:Romano_2018_transfer:47:Wu_2021:Vertical:19,Romano_2018_transfer,47,True,True,Wu_2021,Wu_2021,Vertical,Wu_2021:V-HCF13,45.0,0.1,6.4938354453247005,3117708.0571228266,=,1,10000000,0.0,0.04878048780487805,0.04878048780487805,0
SYN:Romano_2018_transfer:47:Wu_2021:Vertical:20,Romano_2018_transfer,47,True,True,Wu_2021,Wu_2021,Vertical,Wu_2021:V-HCF22,63.0,0.1,4.819402222135084,65978.46723959415,=,1,10000000,0.0,0.04878048780487805,0.04878048780487805,0
SYN:Romano_2018_transfer:47:Wu_2021:Vertical:21,Romano_2018_transfer,47,True,True,Wu_2021,Wu_2021,Vertical,Wu_2021:V-HCF19,45.0,0.1,6.880462220330365,7593853.601754363,=,1,10000000,0.0,0.04878048780487805,0.04878048780487805,0
SYN:Romano_2018_transfer:71:Chen_2024:L10:0,Romano_2018_transfer,71,True,True,Chen_2024,Chen_2024,L10,Chen_2024:Chen2024-L10-T4-r02,99.0,0.1,4.5541492023244805,35821.948264395745,=,1,10000000,0.0,0.1111111111111111,0.0,0
SYN:Romano_2018_transfer:71:Chen_2024:L10:1,Romano_2018_transfer,71,True,True,Chen_2024,Chen_2024,L10,Chen_2024:Chen2024-L10-T4-r08,81.0,0.1,5.744190367889441,554868.8799211258,=,1,10000000,0.0,0.1111111111111111,0.0,0
SYN:Romano_2018_transfer:71:Chen_2024:L10:2,Romano_2018_transfer,71,True,True,Chen_2024,Chen_2024,L10,Chen_2024:Chen2024-L10-T4-r01,99.0,0.1,5.729051700384202,535860.4449734349,=,1,10000000,0.0,0.1111111111111111,0.0,0
SYN:Romano_2018_transfer:71:Chen_2024:L10:3,Romano_2018_transfer,71,True,True,Chen_2024,Chen_2024,L10,Chen_2024:Chen2024-L10-T4-r03,90.0,0.1,1.581416560957058,38.14315045220797,=,1,10000000,0.0,0.1111111111111111,0.0,0
SYN:Romano_2018_transfer:71:Chen_2024:L10:4,Romano_2018_transfer,71,True,True,Chen_2024,Chen_2024,L10,Chen_2024:Chen2024-L10-T4-r05,85.5,0.1,4.916213477029567,82454.33188813324,=,1,10000000,0.0,0.1111111111111111,0.0,0
SYN:Romano_2018_transfer:71:Chen_2024:L10:5,Romano_2018_transfer,71,True,True,Chen_2024,Chen_2024,L10,Chen_2024:Chen2024-L10-T4-r08,81.0,0.1,5.791766267051544,619107.7877768083,=,1,10000000,0.0,0.1111111111111111,0.0,0
SYN:Romano_2018_transfer:71:Chen_2024:L10:6,Romano_2018_transfer,71,True,True,Chen_2024,Chen_2024,L10,Chen_2024:Chen2024-L10-T4-r02,99.0,0.1,2.5361345891839835,343.66443405468004,=,1,10000000,0.0,0.1111111111111111,0.0,0
SYN:Romano_2018_transfer:71:Chen_2024:L10:7,Romano_2018_transfer,71,True,True,Chen_2024,Chen_2024,L10,Chen_2024:Chen2024-L10-T4-r08,81.0,0.1,4.12933382699483,13468.952675883345,=,1,10000000,0.0,0.1111111111111111,0.0,0
SYN:Romano_2018_transfer:71:Chen_2024:L10:8,Romano_2018_transfer,71,True,True,Chen_2024,Chen_2024,L10,Chen_2024:Chen2024-L10-T4-r09,72.0,0.1,6.049338658670381,1120311.1508273324,=,1,10000000,0.0,0.1111111111111111,0.0,0
SYN:Romano_2018_transfer:71:Chen_2024:L40:0,Romano_2018_transfer,71,True,True,Chen_2024,Chen_2024,L40,Chen_2024:Chen2024-L40-T3-r06,72.0,0.1,5.778648648936577,600687.5751615713,=,1,10000000,0.0,0.1111111111111111,0.0,0
SYN:Romano_2018_transfer:71:Chen_2024:L40:1,Romano_2018_transfer,71,True,True,Chen_2024,Chen_2024,L40,Chen_2024:Chen2024-L40-T3-r01,99.0,0.1,4.896449363551044,78786.05657039756,=,1,10000000,0.0,0.1111111111111111,0.0,0
SYN:Romano_2018_transfer:71:Chen_2024:L40:2,Romano_2018_transfer,71,True,True,Chen_2024,Chen_2024,L40,Chen_2024:Chen2024-L40-T3-r04,81.0,0.1,4.946664366205911,88443.18342848905,=,1,10000000,0.0,0.1111111111111111,0.0,0
SYN:Romano_2018_transfer:71:Chen_2024:L40:3,Romano_2018_transfer,71,True,True,Chen_2024,Chen_2024,L40,Chen_2024:Chen2024-L40-T3-r09,67.5,0.1,4.552038943358301,35648.3097973754,=,1,10000000,0.0,0.1111111111111111,0.0,0
SYN:Romano_2018_transfer:71:Chen_2024:L40:4,Romano_2018_transfer,71,True,True,Chen_2024,Chen_2024,L40,Chen_2024:Chen2024-L40-T3-r03,90.0,0.1,5.417797419389478,261696.20177384568,=,1,10000000,0.0,0.1111111111111111,0.0,0
SYN:Romano_2018_transfer:71:Chen_2024:L40:5,Romano_2018_transfer,71,True,True,Chen_2024,Chen_2024,L40,Chen_2024:Chen2024-L40-T3-r09,67.5,0.1,5.164127943749577,145924.4092267194,=,1,10000000,0.0,0.1111111111111111,0.0,0
SYN:Romano_2018_transfer:71:Chen_2024:L40:6,Romano_2018_transfer,71,True,True,Chen_2024,Chen_2024,L40,Chen_2024:Chen2024-L40-T3-r03,90.0,0.1,4.4979742050266855,31475.613587614065,=,1,10000000,0.0,0.1111111111111111,0.0,0
SYN:Romano_2018_transfer:71:Chen_2024:L40:7,Romano_2018_transfer,71,True,True,Chen_2024,Chen_2024,L40,Chen_2024:Chen2024-L40-T3-r04,81.0,0.1,3.662224684009013,4594.356422524343,=,1,10000000,0.0,0.1111111111111111,0.0,0
SYN:Romano_2018_transfer:71:Chen_2024:L40:8,Romano_2018_transfer,71,True,True,Chen_2024,Chen_2024,L40,Chen_2024:Chen2024-L40-T3-r04,81.0,0.1,5.72138258373964,526480.8557963844,=,1,10000000,0.0,0.1111111111111111,0.0,0
SYN:Romano_2018_transfer:71:Matusu_2026:71:0,Romano_2018_transfer,71,True,True,Matusu_2026,Matusu_2026_Eckart_CLM2,71,Matusu2026_71_19,40.0,0.1,4.976788861258266,94795.7487579443,=,1,10000000,0.061802981238033655,0.015037593984962405,0.015037593984962405,0
SYN:Romano_2018_transfer:71:Matusu_2026:71:1,Romano_2018_transfer,71,True,True,Matusu_2026,Matusu_2026_Eckart_CLM2,71,Matusu2026_71_32,60.0,0.1,6.567549080041323,3694443.9326900057,=,1,10000000,0.061802981238033655,0.015037593984962405,0.015037593984962405,0
SYN:Romano_2018_transfer:71:Matusu_2026:71:2,Romano_2018_transfer,71,True,True,Matusu_2026,Matusu_2026_Eckart_CLM2,71,Matusu2026_71_3,90.0,0.1,4.939445003651525,86985.12735424643,=,1,10000000,0.061802981238033655,0.015037593984962405,0.015037593984962405,0
SYN:Romano_2018_transfer:71:Matusu_2026:71:3,Romano_2018_transfer,71,True,True,Matusu_2026,Matusu_2026_Eckart_CLM2,71,Matusu2026_71_12,50.0,0.1,6.397498003320173,2497456.907006671,=,1,10000000,0.061802981238033655,0.015037593984962405,0.015037593984962405,0
SYN:Romano_2018_transfer:71:Matusu_2026:71:4,Romano_2018_transfer,71,True,True,Matusu_2026,Matusu_2026_Eckart_CLM2,71,Matusu2026_71_11,70.0,0.1,5.9071984128873165,807603.9099657781,=,1,10000000,0.061802981238033655,0.015037593984962405,0.015037593984962405,0
SYN:Romano_2018_transfer:71:Matusu_2026:71:5,Romano_2018_transfer,71,True,True,Matusu_2026,Matusu_2026_Eckart_CLM2,71,Matusu2026_71_19,40.0,0.1,6.567194651412716,3691430.1192810247,=,1,10000000,0.061802981238033655,0.015037593984962405,0.015037593984962405,0
SYN:Romano_2018_transfer:71:Matusu_2026:71:6,Romano_2018_transfer,71,True,True,Matusu_2026,Matusu_2026_Eckart_CLM2,71,Matusu2026_71_51,30.0,0.1,7.748497044170753,10000000,>=,0,10000000,0.061802981238033655,0.015037593984962405,0.015037593984962405,0
SYN:Romano_2018_transfer:71:Matusu_2026:71:7,Romano_2018_transfer,71,True,True,Matusu_2026,Matusu_2026_Eckart_CLM2,71,Matusu2026_71_3,90.0,0.1,3.9538319193906935,8991.495254177806,=,1,10000000,0.061802981238033655,0.015037593984962405,0.015037593984962405,0
SYN:Romano_2018_transfer:71:Matusu_2026:71:8,Romano_2018_transfer,71,True,True,Matusu_2026,Matusu_2026_Eckart_CLM2,71,Matusu2026_71_51,30.0,0.1,7.531221230529662,10000000,>=,0,10000000,0.061802981238033655,0.015037593984962405,0.015037593984962405,0
SYN:Romano_2018_transfer:71:Matusu_2026:71:9,Romano_2018_transfer,71,True,True,Matusu_2026,Matusu_2026_Eckart_CLM2,71,Matusu2026_71_11,70.0,0.1,6.067887856833635,1169197.442828509,=,1,10000000,0.061802981238033655,0.015037593984962405,0.015037593984962405,0
SYN:Romano_2018_transfer:71:Matusu_2026:71:10,Romano_2018_transfer,71,True,True,Matusu_2026,Matusu_2026_Eckart_CLM2,71,Matusu2026_71_12,50.0,0.1,5.284823762382655,192674.28781995337,=,1,10000000,0.061802981238033655,0.015037593984962405,0.015037593984962405,0
SYN:Romano_2018_transfer:71:Matusu_2026:72:0,Romano_2018_transfer,71,True,True,Matusu_2026,Matusu_2026_Eckart_CLM2,72,Matusu2026_72_23,100.0,0.1,5.011129110610473,102595.68857607471,=,1,10000000,0.061802981238033655,0.015037593984962405,0.015037593984962405,0
SYN:Romano_2018_transfer:71:Matusu_2026:72:1,Romano_2018_transfer,71,True,True,Matusu_2026,Matusu_2026_Eckart_CLM2,72,Matusu2026_72_1,80.0,0.1,4.575101243115572,37592.50300514339,=,1,10000000,0.061802981238033655,0.015037593984962405,0.015037593984962405,0
SYN:Romano_2018_transfer:71:Matusu_2026:72:2,Romano_2018_transfer,71,True,True,Matusu_2026,Matusu_2026_Eckart_CLM2,72,Matusu2026_72_9,70.0,0.1,4.80607022007142,63983.82810929208,=,1,10000000,0.061802981238033655,0.015037593984962405,0.015037593984962405,0
SYN:Romano_2018_transfer:71:Matusu_2026:72:3,Romano_2018_transfer,71,True,True,Matusu_2026,Matusu_2026_Eckart_CLM2,72,Matusu2026_72_2,90.0,0.1,4.658443258098521,45545.26759940244,=,1,10000000,0.061802981238033655,0.015037593984962405,0.015037593984962405,0
SYN:Romano_2018_transfer:71:Matusu_2026:72:4,Romano_2018_transfer,71,True,True,Matusu_2026,Matusu_2026_Eckart_CLM2,72,Matusu2026_72_2,90.0,0.1,4.769525544550313,58820.07102095037,=,1,10000000,0.061802981238033655,0.015037593984962405,0.015037593984962405,0
SYN:Romano_2018_transfer:71:Matusu_2026:72:5,Romano_2018_transfer,71,True,True,Matusu_2026,Matusu_2026_Eckart_CLM2,72,Matusu2026_72_26,45.0,0.1,5.578944994341311,379266.94579697785,=,1,10000000,0.061802981238033655,0.015037593984962405,0.015037593984962405,0
SYN:Romano_2018_transfer:71:Matusu_2026:72:6,Romano_2018_transfer,71,True,True,Matusu_2026,Matusu_2026_Eckart_CLM2,72,Matusu2026_72_23,100.0,0.1,2.988110154868995,972.9939836088066,=,1,10000000,0.061802981238033655,0.015037593984962405,0.015037593984962405,0
SYN:Romano_2018_transfer:71:Matusu_2026:72:7,Romano_2018_transfer,71,True,True,Matusu_2026,Matusu_2026_Eckart_CLM2,72,Matusu2026_72_2,90.0,0.1,5.584338172268771,384006.1433325286,=,1,10000000,0.061802981238033655,0.015037593984962405,0.015037593984962405,0
SYN:Romano_2018_transfer:71:Matusu_2026:72:8,Romano_2018_transfer,71,True,True,Matusu_2026,Matusu_2026_Eckart_CLM2,72,Matusu2026_72_18,40.0,0.1,6.153180379079382,1422919.6572685621,=,1,10000000,0.061802981238033655,0.015037593984962405,0.015037593984962405,0
SYN:Romano_2018_transfer:71:Matusu_2026:72:9,Romano_2018_transfer,71,True,True,Matusu_2026,Matusu_2026_Eckart_CLM2,72,Matusu2026_72_50,50.0,0.1,5.703300043510794,505010.0762659127,=,1,10000000,0.061802981238033655,0.015037593984962405,0.015037593984962405,0
SYN:Romano_2018_transfer:71:Matusu_2026:72:10,Romano_2018_transfer,71,True,True,Matusu_2026,Matusu_2026_Eckart_CLM2,72,Matusu2026_72_23,100.0,0.1,1.6038588937405063,40.166028653564005,=,1,10000000,0.061802981238033655,0.015037593984962405,0.015037593984962405,0
SYN:Romano_2018_transfer:71:Matusu_2026:73:0,Romano_2018_transfer,71,True,True,Matusu_2026,Matusu_2026_Eckart_CLM2,73,Matusu2026_73_8,70.0,0.1,5.764413254837464,581317.3094863148,=,1,10000000,0.061802981238033655,0.015037593984962405,0.015037593984962405,0
SYN:Romano_2018_transfer:71:Matusu_2026:73:1,Romano_2018_transfer,71,True,True,Matusu_2026,Matusu_2026_Eckart_CLM2,73,Matusu2026_73_15,50.0,0.1,6.008503231296663,1019772.3474649168,=,1,10000000,0.061802981238033655,0.015037593984962405,0.015037593984962405,0
SYN:Romano_2018_transfer:71:Matusu_2026:73:2,Romano_2018_transfer,71,True,True,Matusu_2026,Matusu_2026_Eckart_CLM2,73,Matusu2026_73_31,40.0,0.1,7.706323674974798,10000000,>=,0,10000000,0.061802981238033655,0.015037593984962405,0.015037593984962405,0
SYN:Romano_2018_transfer:71:Matusu_2026:73:3,Romano_2018_transfer,71,True,True,Matusu_2026,Matusu_2026_Eckart_CLM2,73,Matusu2026_73_6,90.0,0.1,5.225846202185219,168207.82769044043,=,1,10000000,0.061802981238033655,0.015037593984962405,0.015037593984962405,0
SYN:Romano_2018_transfer:71:Matusu_2026:73:4,Romano_2018_transfer,71,True,True,Matusu_2026,Matusu_2026_Eckart_CLM2,73,Matusu2026_73_8,70.0,0.1,5.666790421850449,464291.1674573022,=,1,10000000,0.061802981238033655,0.015037593984962405,0.015037593984962405,0
SYN:Romano_2018_transfer:71:Matusu_2026:73:5,Romano_2018_transfer,71,True,True,Matusu_2026,Matusu_2026_Eckart_CLM2,73,Matusu2026_73_15,50.0,0.1,3.4757975001988175,2990.869749553229,=,1,10000000,0.061802981238033655,0.015037593984962405,0.015037593984962405,0
SYN:Romano_2018_transfer:71:Matusu_2026:73:6,Romano_2018_transfer,71,True,True,Matusu_2026,Matusu_2026_Eckart_CLM2,73,Matusu2026_73_14,60.0,0.1,6.543118709155025,3492357.6181392255,=,1,10000000,0.061802981238033655,0.015037593984962405,0.015037593984962405,0
SYN:Romano_2018_transfer:71:Matusu_2026:73:7,Romano_2018_transfer,71,True,True,Matusu_2026,Matusu_2026_Eckart_CLM2,73,Matusu2026_73_8,70.0,0.1,5.997101899162788,993349.0920609382,=,1,10000000,0.061802981238033655,0.015037593984962405,0.015037593984962405,0
SYN:Romano_2018_transfer:71:Matusu_2026:73:8,Romano_2018_transfer,71,True,True,Matusu_2026,Matusu_2026_Eckart_CLM2,73,Matusu2026_73_5,80.0,0.1,4.672373790744861,47029.87135083863,=,1,10000000,0.061802981238033655,0.015037593984962405,0.015037593984962405,0
SYN:Romano_2018_transfer:71:Matusu_2026:73:9,Romano_2018_transfer,71,True,True,Matusu_2026,Matusu_2026_Eckart_CLM2,73,Matusu2026_73_22,100.0,0.1,6.163848036539491,1458303.8976251923,=,1,10000000,0.061802981238033655,0.015037593984962405,0.015037593984962405,0
SYN:Romano_2018_transfer:71:Matusu_2026:73:10,Romano_2018_transfer,71,True,True,Matusu_2026,Matusu_2026_Eckart_CLM2,73,Matusu2026_73_14,60.0,0.1,5.496589209149839,313753.9551173376,=,1,10000000,0.061802981238033655,0.015037593984962405,0.015037593984962405,0
SYN:Romano_2018_transfer:71:Matusu_2026:74:0,Romano_2018_transfer,71,True,True,Matusu_2026,Matusu_2026_Eckart_CLM2,74,Matusu2026_74_13,80.0,0.1,6.2107607378589735,1624653.4527338604,=,1,10000000,0.061802981238033655,0.015037593984962405,0.015037593984962405,0
SYN:Romano_2018_transfer:71:Matusu_2026:74:1,Romano_2018_transfer,71,True,True,Matusu_2026,Matusu_2026_Eckart_CLM2,74,Matusu2026_74_56,35.0,0.1,7.535156097879196,10000000,>=,0,10000000,0.061802981238033655,0.015037593984962405,0.015037593984962405,0
SYN:Romano_2018_transfer:71:Matusu_2026:74:2,Romano_2018_transfer,71,True,True,Matusu_2026,Matusu_2026_Eckart_CLM2,74,Matusu2026_74_40,110.0,0.1,3.4906516815219195,3094.9360628761315,=,1,10000000,0.061802981238033655,0.015037593984962405,0.015037593984962405,0
SYN:Romano_2018_transfer:71:Matusu_2026:74:3,Romano_2018_transfer,71,True,True,Matusu_2026,Matusu_2026_Eckart_CLM2,74,Matusu2026_74_38,50.0,0.1,4.981173658313262,95757.68943626058,=,1,10000000,0.061802981238033655,0.015037593984962405,0.015037593984962405,0
SYN:Romano_2018_transfer:71:Matusu_2026:74:4,Romano_2018_transfer,71,True,True,Matusu_2026,Matusu_2026_Eckart_CLM2,74,Matusu2026_74_13,80.0,0.1,3.589345571984029,3884.593436028251,=,1,10000000,0.061802981238033655,0.015037593984962405,0.015037593984962405,0
SYN:Romano_2018_transfer:71:Matusu_2026:74:5,Romano_2018_transfer,71,True,True,Matusu_2026,Matusu_2026_Eckart_CLM2,74,Matusu2026_74_20,70.0,0.1,6.491716373651498,3102532.7435060707,=,1,10000000,0.061802981238033655,0.015037593984962405,0.015037593984962405,0
SYN:Romano_2018_transfer:71:Matusu_2026:74:6,Romano_2018_transfer,71,True,True,Matusu_2026,Matusu_2026_Eckart_CLM2,74,Matusu2026_74_13,80.0,0.1,5.347608622787678,222642.78341760597,=,1,10000000,0.061802981238033655,0.015037593984962405,0.015037593984962405,0
SYN:Romano_2018_transfer:71:Matusu_2026:74:7,Romano_2018_transfer,71,True,True,Matusu_2026,Matusu_2026_Eckart_CLM2,74,Matusu2026_74_55,30.0,0.1,8.450009143291528,10000000,>=,0,10000000,0.061802981238033655,0.015037593984962405,0.015037593984962405,0
SYN:Romano_2018_transfer:71:Matusu_2026:74:8,Romano_2018_transfer,71,True,True,Matusu_2026,Matusu_2026_Eckart_CLM2,74,Matusu2026_74_38,50.0,0.1,7.112338848784808,10000000,>=,0,10000000,0.061802981238033655,0.015037593984962405,0.015037593984962405,0
SYN:Romano_2018_transfer:71:Matusu_2026:74:9,Romano_2018_transfer,71,True,True,Matusu_2026,Matusu_2026_Eckart_CLM2,74,Matusu2026_74_55,30.0,0.1,8.123637173283065,10000000,>=,0,10000000,0.061802981238033655,0.015037593984962405,0.015037593984962405,0
SYN:Romano_2018_transfer:71:Matusu_2026:74:10,Romano_2018_transfer,71,True,True,Matusu_2026,Matusu_2026_Eckart_CLM2,74,Matusu2026_74_56,35.0,0.1,7.238366903970101,10000000,>=,0,10000000,0.061802981238033655,0.015037593984962405,0.015037593984962405,0
SYN:Romano_2018_transfer:71:Matusu_2026:91:0,Romano_2018_transfer,71,True,True,Matusu_2026,Matusu_2026_GE_virgin_CLM2,91,Matusu2026_91_11,40.0,0.1,6.46119029128829,2891946.745633359,=,1,10000000,0.061802981238033655,0.015037593984962405,0.015037593984962405,0
SYN:Romano_2018_transfer:71:Matusu_2026:91:1,Romano_2018_transfer,71,True,True,Matusu_2026,Matusu_2026_GE_virgin_CLM2,91,Matusu2026_91_20,110.0,0.1,4.152459293687913,14205.590579783171,=,1,10000000,0.061802981238033655,0.015037593984962405,0.015037593984962405,0
SYN:Romano_2018_transfer:71:Matusu_2026:91:2,Romano_2018_transfer,71,True,True,Matusu_2026,Matusu_2026_GE_virgin_CLM2,91,Matusu2026_91_34,140.0,0.1,3.226493288694613,1684.586394066824,=,1,10000000,0.061802981238033655,0.015037593984962405,0.015037593984962405,0
SYN:Romano_2018_transfer:71:Matusu_2026:91:3,Romano_2018_transfer,71,True,True,Matusu_2026,Matusu_2026_GE_virgin_CLM2,91,Matusu2026_91_11,40.0,0.1,7.4101323004484945,10000000,>=,0,10000000,0.061802981238033655,0.015037593984962405,0.015037593984962405,0
SYN:Romano_2018_transfer:71:Matusu_2026:91:4,Romano_2018_transfer,71,True,True,Matusu_2026,Matusu_2026_GE_virgin_CLM2,91,Matusu2026_91_21,50.0,0.1,7.181474927185496,10000000,>=,0,10000000,0.061802981238033655,0.015037593984962405,0.015037593984962405,0
SYN:Romano_2018_transfer:71:Matusu_2026:91:5,Romano_2018_transfer,71,True,True,Matusu_2026,Matusu_2026_GE_virgin_CLM2,91,Matusu2026_91_1,55.0,0.1,5.291900216105237,195839.4659273813,=,1,10000000,0.061802981238033655,0.015037593984962405,0.015037593984962405,0
SYN:Romano_2018_transfer:71:Matusu_2026:91:6,Romano_2018_transfer,71,True,True,Matusu_2026,Matusu_2026_GE_virgin_CLM2,91,Matusu2026_91_13,60.0,0.1,5.5564547070248285,360126.1905410557,=,1,10000000,0.061802981238033655,0.015037593984962405,0.015037593984962405,0
SYN:Romano_2018_transfer:71:Matusu_2026:91:7,Romano_2018_transfer,71,True,True,Matusu_2026,Matusu_2026_GE_virgin_CLM2,91,Matusu2026_91_30,70.0,0.1,7.098530026448774,10000000,>=,0,10000000,0.061802981238033655,0.015037593984962405,0.015037593984962405,0
SYN:Romano_2018_transfer:71:Matusu_2026:91:8,Romano_2018_transfer,71,True,True,Matusu_2026,Matusu_2026_GE_virgin_CLM2,91,Matusu2026_91_5,45.0,0.1,7.078120228690071,10000000,>=,0,10000000,0.061802981238033655,0.015037593984962405,0.015037593984962405,0
SYN:Romano_2018_transfer:71:Matusu_2026:91:9,Romano_2018_transfer,71,True,True,Matusu_2026,Matusu_2026_GE_virgin_CLM2,91,Matusu2026_91_33,80.0,0.1,6.599939758408647,3980519.5238419324,=,1,10000000,0.061802981238033655,0.015037593984962405,0.015037593984962405,0
SYN:Romano_2018_transfer:71:Matusu_2026:91:10,Romano_2018_transfer,71,True,True,Matusu_2026,Matusu_2026_GE_virgin_CLM2,91,Matusu2026_91_5,45.0,0.1,6.721674499604393,5268348.547161587,=,1,10000000,0.061802981238033655,0.015037593984962405,0.015037593984962405,0
SYN:Romano_2018_transfer:71:Matusu_2026:91:11,Romano_2018_transfer,71,True,True,Matusu_2026,Matusu_2026_GE_virgin_CLM2,91,Matusu2026_91_5,45.0,0.1,4.794046064735284,62236.62947995577,=,1,10000000,0.061802981238033655,0.015037593984962405,0.015037593984962405,0
SYN:Romano_2018_transfer:71:Matusu_2026:91:12,Romano_2018_transfer,71,True,True,Matusu_2026,Matusu_2026_GE_virgin_CLM2,91,Matusu2026_91_9,120.0,0.1,4.170231374832218,14798.966082549392,=,1,10000000,0.061802981238033655,0.015037593984962405,0.015037593984962405,0
SYN:Romano_2018_transfer:71:Matusu_2026:91:13,Romano_2018_transfer,71,True,True,Matusu_2026,Matusu_2026_GE_virgin_CLM2,91,Matusu2026_91_11,40.0,0.1,7.087373705691735,10000000,>=,0,10000000,0.061802981238033655,0.015037593984962405,0.015037593984962405,0
SYN:Romano_2018_transfer:71:Matusu_2026:91:14,Romano_2018_transfer,71,True,True,Matusu_2026,Matusu_2026_GE_virgin_CLM2,91,Matusu2026_91_5,45.0,0.1,7.806291739855588,10000000,>=,0,10000000,0.061802981238033655,0.015037593984962405,0.015037593984962405,0
SYN:Romano_2018_transfer:71:Matusu_2026:92:0,Romano_2018_transfer,71,True,True,Matusu_2026,Matusu_2026_GE_virgin_CLM2,92,Matusu2026_92_17,50.0,0.1,5.018503444950427,104352.64102514663,=,1,10000000,0.061802981238033655,0.015037593984962405,0.015037593984962405,0
SYN:Romano_2018_transfer:71:Matusu_2026:92:1,Romano_2018_transfer,71,True,True,Matusu_2026,Matusu_2026_GE_virgin_CLM2,92,Matusu2026_92_28,160.0,0.1,4.2487142341192055,17730.224477515712,=,1,10000000,0.061802981238033655,0.015037593984962405,0.015037593984962405,0
SYN:Romano_2018_transfer:71:Matusu_2026:92:2,Romano_2018_transfer,71,True,True,Matusu_2026,Matusu_2026_GE_virgin_CLM2,92,Matusu2026_92_16,120.0,0.1,4.119427609226708,13165.204490151176,=,1,10000000,0.061802981238033655,0.015037593984962405,0.015037593984962405,0
SYN:Romano_2018_transfer:71:Matusu_2026:92:3,Romano_2018_transfer,71,True,True,Matusu_2026,Matusu_2026_GE_virgin_CLM2,92,Matusu2026_92_14,80.0,0.1,5.6552202704059065,452085.1799309735,=,1,10000000,0.061802981238033655,0.015037593984962405,0.015037593984962405,0
SYN:Romano_2018_transfer:71:Matusu_2026:92:4,Romano_2018_transfer,71,True,True,Matusu_2026,Matusu_2026_GE_virgin_CLM2,92,Matusu2026_92_23,70.0,0.1,5.799361345235305,630030.167678176,=,1,10000000,0.061802981238033655,0.015037593984962405,0.015037593984962405,0
SYN:Romano_2018_transfer:71:Matusu_2026:92:5,Romano_2018_transfer,71,True,True,Matusu_2026,Matusu_2026_GE_virgin_CLM2,92,Matusu2026_92_17,50.0,0.1,6.425604647688103,2664432.0415176223,=,1,10000000,0.061802981238033655,0.015037593984962405,0.015037593984962405,0
SYN:Romano_2018_transfer:71:Matusu_2026:92:6,Romano_2018_transfer,71,True,True,Matusu_2026,Matusu_2026_GE_virgin_CLM2,92,Matusu2026_92_29,55.0,0.1,6.236842244744994,1725211.104025927,=,1,10000000,0.061802981238033655,0.015037593984962405,0.015037593984962405,0
SYN:Romano_2018_transfer:71:Matusu_2026:92:7,Romano_2018_transfer,71,True,True,Matusu_2026,Matusu_2026_GE_virgin_CLM2,92,Matusu2026_92_17,50.0,0.1,6.49085855915434,3096410.697241037,=,1,10000000,0.061802981238033655,0.015037593984962405,0.015037593984962405,0
SYN:Romano_2018_transfer:71:Matusu_2026:92:8,Romano_2018_transfer,71,True,True,Matusu_2026,Matusu_2026_GE_virgin_CLM2,92,Matusu2026_92_31,60.0,0.1,6.363426079667676,2309011.413589996,=,1,10000000,0.061802981238033655,0.015037593984962405,0.015037593984962405,0
SYN:Romano_2018_transfer:71:Matusu_2026:92:9,Romano_2018_transfer,71,True,True,Matusu_2026,Matusu_2026_GE_virgin_CLM2,92,Matusu2026_92_7,150.0,0.1,3.870092423820172,7414.680190720899,=,1,10000000,0.061802981238033655,0.015037593984962405,0.015037593984962405,0
SYN:Romano_2018_transfer:71:Matusu_2026:92:10,Romano_2018_transfer,71,True,True,Matusu_2026,Matusu_2026_GE_virgin_CLM2,92,Matusu2026_92_2,90.0,0.1,4.916205010601939,82452.72448380702,=,1,10000000,0.061802981238033655,0.015037593984962405,0.015037593984962405,0
SYN:Romano_2018_transfer:71:Matusu_2026:92:11,Romano_2018_transfer,71,True,True,Matusu_2026,Matusu_2026_GE_virgin_CLM2,92,Matusu2026_92_23,70.0,0.1,5.671241518253983,469074.1694307248,=,1,10000000,0.061802981238033655,0.015037593984962405,0.015037593984962405,0
SYN:Romano_2018_transfer:71:Matusu_2026:92:12,Romano_2018_transfer,71,True,True,Matusu_2026,Matusu_2026_GE_virgin_CLM2,92,Matusu2026_92_29,55.0,0.1,7.148041935021936,10000000,>=,0,10000000,0.061802981238033655,0.015037593984962405,0.015037593984962405,0
SYN:Romano_2018_transfer:71:Matusu_2026:92:13,Romano_2018_transfer,71,True,True,Matusu_2026,Matusu_2026_GE_virgin_CLM2,92,Matusu2026_92_35,110.0,0.1,4.690208635630236,49001.41662720407,=,1,10000000,0.061802981238033655,0.015037593984962405,0.015037593984962405,0
SYN:Romano_2018_transfer:71:Matusu_2026:93:0,Romano_2018_transfer,71,True,True,Matusu_2026,Matusu_2026_GE_virgin_CLM2,93,Matusu2026_93_8,130.0,0.1,4.49621867388055,31348.63778612648,=,1,10000000,0.061802981238033655,0.015037593984962405,0.015037593984962405,0
SYN:Romano_2018_transfer:71:Matusu_2026:93:1,Romano_2018_transfer,71,True,True,Matusu_2026,Matusu_2026_GE_virgin_CLM2,93,Matusu2026_93_31,110.0,0.1,5.1246471022274,133243.8283248422,=,1,10000000,0.061802981238033655,0.015037593984962405,0.015037593984962405,0
SYN:Romano_2018_transfer:71:Matusu_2026:93:2,Romano_2018_transfer,71,True,True,Matusu_2026,Matusu_2026_GE_virgin_CLM2,93,Matusu2026_93_28,140.0,0.1,3.370450449606281,2346.6615074189526,=,1,10000000,0.061802981238033655,0.015037593984962405,0.015037593984962405,0
SYN:Romano_2018_transfer:71:Matusu_2026:93:3,Romano_2018_transfer,71,True,True,Matusu_2026,Matusu_2026_GE_virgin_CLM2,93,Matusu2026_93_29,65.0,0.1,4.748311775188861,56015.95895392796,=,1,10000000,0.061802981238033655,0.015037593984962405,0.015037593984962405,0
SYN:Romano_2018_transfer:71:Matusu_2026:93:4,Romano_2018_transfer,71,True,True,Matusu_2026,Matusu_2026_GE_virgin_CLM2,93,Matusu2026_93_29,65.0,0.1,5.272925890487014,187467.45798149685,=,1,10000000,0.061802981238033655,0.015037593984962405,0.015037593984962405,0
SYN:Romano_2018_transfer:71:Matusu_2026:93:5,Romano_2018_transfer,71,True,True,Matusu_2026,Matusu_2026_GE_virgin_CLM2,93,Matusu2026_93_8,130.0,0.1,3.6845117033261476,4836.282968955164,=,1,10000000,0.061802981238033655,0.015037593984962405,0.015037593984962405,0
SYN:Romano_2018_transfer:71:Matusu_2026:93:6,Romano_2018_transfer,71,True,True,Matusu_2026,Matusu_2026_GE_virgin_CLM2,93,Matusu2026_93_14,80.0,0.1,5.470509369747277,295467.26337912853,=,1,10000000,0.061802981238033655,0.015037593984962405,0.015037593984962405,0
SYN:Romano_2018_transfer:71:Matusu_2026:93:7,Romano_2018_transfer,71,True,True,Matusu_2026,Matusu_2026_GE_virgin_CLM2,93,Matusu2026_93_29,65.0,0.1,7.156741247247157,10000000,>=,0,10000000,0.061802981238033655,0.015037593984962405,0.015037593984962405,0
SYN:Romano_2018_transfer:71:Matusu_2026:93:8,Romano_2018_transfer,71,True,True,Matusu_2026,Matusu_2026_GE_virgin_CLM2,93,Matusu2026_93_28,140.0,0.1,3.932619437159728,8562.871704926742,=,1,10000000,0.061802981238033655,0.015037593984962405,0.015037593984962405,0
SYN:Romano_2018_transfer:71:Matusu_2026:93:9,Romano_2018_transfer,71,True,True,Matusu_2026,Matusu_2026_GE_virgin_CLM2,93,Matusu2026_93_22,120.0,0.1,4.161767785588911,14513.353905699469,=,1,10000000,0.061802981238033655,0.015037593984962405,0.015037593984962405,0
SYN:Romano_2018_transfer:71:Matusu_2026:93:10,Romano_2018_transfer,71,True,True,Matusu_2026,Matusu_2026_GE_virgin_CLM2,93,Matusu2026_93_2,130.0,0.1,4.011330918509282,10264.337380454657,=,1,10000000,0.061802981238033655,0.015037593984962405,0.015037593984962405,0
SYN:Romano_2018_transfer:71:Matusu_2026:93:11,Romano_2018_transfer,71,True,True,Matusu_2026,Matusu_2026_GE_virgin_CLM2,93,Matusu2026_93_8,130.0,0.1,3.8993244923450323,7930.936859473904,=,1,10000000,0.061802981238033655,0.015037593984962405,0.015037593984962405,0
SYN:Romano_2018_transfer:71:Matusu_2026:93:12,Romano_2018_transfer,71,True,True,Matusu_2026,Matusu_2026_GE_virgin_CLM2,93,Matusu2026_93_31,110.0,0.1,4.5182120470307545,32977.06855014511,=,1,10000000,0.061802981238033655,0.015037593984962405,0.015037593984962405,0
SYN:Romano_2018_transfer:71:Matusu_2026:93:13,Romano_2018_transfer,71,True,True,Matusu_2026,Matusu_2026_GE_virgin_CLM2,93,Matusu2026_93_17,70.0,0.1,5.390643101375509,245834.65305635746,=,1,10000000,0.061802981238033655,0.015037593984962405,0.015037593984962405,0
SYN:Romano_2018_transfer:71:Matusu_2026:93:14,Romano_2018_transfer,71,True,True,Matusu_2026,Matusu_2026_GE_virgin_CLM2,93,Matusu2026_93_17,70.0,0.1,5.9392961460659786,869553.1767958775,=,1,10000000,0.061802981238033655,0.015037593984962405,0.015037593984962405,0
SYN:Romano_2018_transfer:71:Matusu_2026:94:0,Romano_2018_transfer,71,True,True,Matusu_2026,Matusu_2026_GE_virgin_CLM2,94,Matusu2026_94_21,110.0,0.1,3.479377919761917,3015.62906026759,=,1,10000000,0.061802981238033655,0.015037593984962405,0.015037593984962405,0
SYN:Romano_2018_transfer:71:Matusu_2026:94:1,Romano_2018_transfer,71,True,True,Matusu_2026,Matusu_2026_GE_virgin_CLM2,94,Matusu2026_94_27,100.0,0.1,4.399114515763582,25067.701567897653,=,1,10000000,0.061802981238033655,0.015037593984962405,0.015037593984962405,0
SYN:Romano_2018_transfer:71:Matusu_2026:94:2,Romano_2018_transfer,71,True,True,Matusu_2026,Matusu_2026_GE_virgin_CLM2,94,Matusu2026_94_19,90.0,0.1,6.302341208121643,2006047.481135516,=,1,10000000,0.061802981238033655,0.015037593984962405,0.015037593984962405,0
SYN:Romano_2018_transfer:71:Matusu_2026:94:3,Romano_2018_transfer,71,True,True,Matusu_2026,Matusu_2026_GE_virgin_CLM2,94,Matusu2026_94_3,75.0,0.1,5.9794789230306105,953847.4500558967,=,1,10000000,0.061802981238033655,0.015037593984962405,0.015037593984962405,0
SYN:Romano_2018_transfer:71:Matusu_2026:94:4,Romano_2018_transfer,71,True,True,Matusu_2026,Matusu_2026_GE_virgin_CLM2,94,Matusu2026_94_21,110.0,0.1,3.2275862826538586,1688.831351607775,=,1,10000000,0.061802981238033655,0.015037593984962405,0.015037593984962405,0
SYN:Romano_2018_transfer:71:Matusu_2026:94:5,Romano_2018_transfer,71,True,True,Matusu_2026,Matusu_2026_GE_virgin_CLM2,94,Matusu2026_94_9,125.0,0.1,2.06579216919919,116.35690723825142,=,1,10000000,0.061802981238033655,0.015037593984962405,0.015037593984962405,0
SYN:Romano_2018_transfer:71:Matusu_2026:94:6,Romano_2018_transfer,71,True,True,Matusu_2026,Matusu_2026_GE_virgin_CLM2,94,Matusu2026_94_1,140.0,0.1,4.619040379156584,41594.92821813656,=,1,10000000,0.061802981238033655,0.015037593984962405,0.015037593984962405,0
SYN:Romano_2018_transfer:71:Matusu_2026:94:7,Romano_2018_transfer,71,True,True,Matusu_2026,Matusu_2026_GE_virgin_CLM2,94,Matusu2026_94_21,110.0,0.1,3.5182705145726123,3298.150843600101,=,1,10000000,0.061802981238033655,0.015037593984962405,0.015037593984962405,0
SYN:Romano_2018_transfer:71:Matusu_2026:94:8,Romano_2018_transfer,71,True,True,Matusu_2026,Matusu_2026_GE_virgin_CLM2,94,Matusu2026_94_21,110.0,0.1,2.9652348198387015,923.0703896343938,=,1,10000000,0.061802981238033655,0.015037593984962405,0.015037593984962405,0
SYN:Romano_2018_transfer:71:Matusu_2026:94:9,Romano_2018_transfer,71,True,True,Matusu_2026,Matusu_2026_GE_virgin_CLM2,94,Matusu2026_94_13,90.0,0.1,4.432042976339698,27042.259520886797,=,1,10000000,0.061802981238033655,0.015037593984962405,0.015037593984962405,0
SYN:Romano_2018_transfer:71:Matusu_2026:94:10,Romano_2018_transfer,71,True,True,Matusu_2026,Matusu_2026_GE_virgin_CLM2,94,Matusu2026_94_20,70.0,0.1,4.472935991738625,29712.28086593416,=,1,10000000,0.061802981238033655,0.015037593984962405,0.015037593984962405,0
SYN:Romano_2018_transfer:71:Matusu_2026:94:11,Romano_2018_transfer,71,True,True,Matusu_2026,Matusu_2026_GE_virgin_CLM2,94,Matusu2026_94_36,125.0,0.1,1.9021427011204879,79.82569366203766,=,1,10000000,0.061802981238033655,0.015037593984962405,0.015037593984962405,0
SYN:Romano_2018_transfer:71:Matusu_2026:94:12,Romano_2018_transfer,71,True,True,Matusu_2026,Matusu_2026_GE_virgin_CLM2,94,Matusu2026_94_27,100.0,0.1,4.173115746723455,14897.580701808605,=,1,10000000,0.061802981238033655,0.015037593984962405,0.015037593984962405,0
SYN:Romano_2018_transfer:71:Matusu_2026:94:13,Romano_2018_transfer,71,True,True,Matusu_2026,Matusu_2026_GE_virgin_CLM2,94,Matusu2026_94_21,110.0,0.1,3.350852330583188,2243.119085612449,=,1,10000000,0.061802981238033655,0.015037593984962405,0.015037593984962405,0
SYN:Romano_2018_transfer:71:Matusu_2026:94:14,Romano_2018_transfer,71,True,True,Matusu_2026,Matusu_2026_GE_virgin_CLM2,94,Matusu2026_94_5,85.0,0.1,5.551078470337243,355695.581487249,=,1,10000000,0.061802981238033655,0.015037593984962405,0.015037593984962405,0
SYN:Romano_2018_transfer:71:Matusu_2026:C01:0,Romano_2018_transfer,71,True,True,Matusu_2026,Matusu_2026_Aconity_TWO,C01,Matusu2026_C01_9,110.0,0.1,3.315928576794005,2069.800925459045,=,1,10000000,0.061802981238033655,0.015037593984962405,0.015037593984962405,0
SYN:Romano_2018_transfer:71:Matusu_2026:C01:1,Romano_2018_transfer,71,True,True,Matusu_2026,Matusu_2026_Aconity_TWO,C01,Matusu2026_C01_4,90.0,0.1,5.050119686798797,112232.77129014136,=,1,10000000,0.061802981238033655,0.015037593984962405,0.015037593984962405,0
SYN:Romano_2018_transfer:71:Matusu_2026:C01:2,Romano_2018_transfer,71,True,True,Matusu_2026,Matusu_2026_Aconity_TWO,C01,Matusu2026_C01_5,110.0,0.1,4.009226887299881,10214.729897273395,=,1,10000000,0.061802981238033655,0.015037593984962405,0.015037593984962405,0
SYN:Romano_2018_transfer:71:Matusu_2026:C01:3,Romano_2018_transfer,71,True,True,Matusu_2026,Matusu_2026_Aconity_TWO,C01,Matusu2026_C01_9,110.0,0.1,4.105659952827743,12754.397642867749,=,1,10000000,0.061802981238033655,0.015037593984962405,0.015037593984962405,0
SYN:Romano_2018_transfer:71:Matusu_2026:C01:4,Romano_2018_transfer,71,True,True,Matusu_2026,Matusu_2026_Aconity_TWO,C01,Matusu2026_C01_8,80.0,0.1,6.399055298689971,2506428.376087433,=,1,10000000,0.061802981238033655,0.015037593984962405,0.015037593984962405,0
SYN:Romano_2018_transfer:71:Matusu_2026:C01:5,Romano_2018_transfer,71,True,True,Matusu_2026,Matusu_2026_Aconity_TWO,C01,Matusu2026_C01_7,40.0,0.1,7.449862775621123,10000000,>=,0,10000000,0.061802981238033655,0.015037593984962405,0.015037593984962405,0
SYN:Romano_2018_transfer:71:Matusu_2026:C01:6,Romano_2018_transfer,71,True,True,Matusu_2026,Matusu_2026_Aconity_TWO,C01,Matusu2026_C01_10,43.0,0.1,4.532830001534926,34105.93825924775,=,1,10000000,0.061802981238033655,0.015037593984962405,0.015037593984962405,0
SYN:Romano_2018_transfer:71:Matusu_2026:C01:7,Romano_2018_transfer,71,True,True,Matusu_2026,Matusu_2026_Aconity_TWO,C01,Matusu2026_C01_9,110.0,0.1,4.5526074034022335,35695.0014060886,=,1,10000000,0.061802981238033655,0.015037593984962405,0.015037593984962405,0
SYN:Romano_2018_transfer:71:Matusu_2026:C01:8,Romano_2018_transfer,71,True,True,Matusu_2026,Matusu_2026_Aconity_TWO,C01,Matusu2026_C01_5,110.0,0.1,3.284052760067455,1923.325369025051,=,1,10000000,0.061802981238033655,0.015037593984962405,0.015037593984962405,0
SYN:Romano_2018_transfer:71:Matusu_2026:C01:9,Romano_2018_transfer,71,True,True,Matusu_2026,Matusu_2026_Aconity_TWO,C01,Matusu2026_C01_3,70.0,0.1,5.839162265037036,690497.7456704258,=,1,10000000,0.061802981238033655,0.015037593984962405,0.015037593984962405,0
SYN:Romano_2018_transfer:71:Matusu_2026:C02:0,Romano_2018_transfer,71,True,True,Matusu_2026,Matusu_2026_Aconity_TWO,C02,Matusu2026_C02_6,75.0,0.1,5.090772828015737,123245.99859388017,=,1,10000000,0.061802981238033655,0.015037593984962405,0.015037593984962405,0
SYN:Romano_2018_transfer:71:Matusu_2026:C02:1,Romano_2018_transfer,71,True,True,Matusu_2026,Matusu_2026_Aconity_TWO,C02,Matusu2026_C02_5,70.0,0.1,5.167950299758511,147214.40220510197,=,1,10000000,0.061802981238033655,0.015037593984962405,0.015037593984962405,0
SYN:Romano_2018_transfer:71:Matusu_2026:C02:2,Romano_2018_transfer,71,True,True,Matusu_2026,Matusu_2026_Aconity_TWO,C02,Matusu2026_C02_2,60.0,0.1,6.349515261311395,2236223.7792922547,=,1,10000000,0.061802981238033655,0.015037593984962405,0.015037593984962405,0
SYN:Romano_2018_transfer:71:Matusu_2026:C02:3,Romano_2018_transfer,71,True,True,Matusu_2026,Matusu_2026_Aconity_TWO,C02,Matusu2026_C02_5,70.0,0.1,4.776782342829965,59811.176177538255,=,1,10000000,0.061802981238033655,0.015037593984962405,0.015037593984962405,0
SYN:Romano_2018_transfer:71:Matusu_2026:C02:4,Romano_2018_transfer,71,True,True,Matusu_2026,Matusu_2026_Aconity_TWO,C02,Matusu2026_C02_9,65.0,0.1,6.4239550456938606,2654330.795014412,=,1,10000000,0.061802981238033655,0.015037593984962405,0.015037593984962405,0
SYN:Romano_2018_transfer:71:Matusu_2026:C02:5,Romano_2018_transfer,71,True,True,Matusu_2026,Matusu_2026_Aconity_TWO,C02,Matusu2026_C02_3,80.0,0.1,5.331251099246829,214412.99302405457,=,1,10000000,0.061802981238033655,0.015037593984962405,0.015037593984962405,0
SYN:Romano_2018_transfer:71:Matusu_2026:C02:6,Romano_2018_transfer,71,True,True,Matusu_2026,Matusu_2026_Aconity_TWO,C02,Matusu2026_C02_7,70.0,0.1,5.347982324876481,222834.44572015444,=,1,10000000,0.061802981238033655,0.015037593984962405,0.015037593984962405,0
SYN:Romano_2018_transfer:71:Matusu_2026:C02:7,Romano_2018_transfer,71,True,True,Matusu_2026,Matusu_2026_Aconity_TWO,C02,Matusu2026_C02_4,90.0,0.1,4.741154222433298,55100.33286118993,=,1,10000000,0.061802981238033655,0.015037593984962405,0.015037593984962405,0
SYN:Romano_2018_transfer:71:Matusu_2026:C02:8,Romano_2018_transfer,71,True,True,Matusu_2026,Matusu_2026_Aconity_TWO,C02,Matusu2026_C02_6,75.0,0.1,4.40235928544203,25255.69274810445,=,1,10000000,0.061802981238033655,0.015037593984962405,0.015037593984962405,0
SYN:Romano_2018_transfer:71:Matusu_2026:C02:9,Romano_2018_transfer,71,True,True,Matusu_2026,Matusu_2026_Aconity_TWO,C02,Matusu2026_C02_1,100.0,0.1,4.834013708642764,68236.02327184261,=,1,10000000,0.061802981238033655,0.015037593984962405,0.015037593984962405,0
SYN:Romano_2018_transfer:71:Matusu_2026:C03:0,Romano_2018_transfer,71,True,True,Matusu_2026,Matusu_2026_Aconity_TWO,C03,Matusu2026_C03_10,85.0,0.1,3.9900609774785343,9773.744403949166,=,1,10000000,0.061802981238033655,0.015037593984962405,0.015037593984962405,0
SYN:Romano_2018_transfer:71:Matusu_2026:C03:1,Romano_2018_transfer,71,True,True,Matusu_2026,Matusu_2026_Aconity_TWO,C03,Matusu2026_C03_9,75.0,0.1,6.179127143374175,1510522.3075903244,=,1,10000000,0.061802981238033655,0.015037593984962405,0.015037593984962405,0
SYN:Romano_2018_transfer:71:Matusu_2026:C03:2,Romano_2018_transfer,71,True,True,Matusu_2026,Matusu_2026_Aconity_TWO,C03,Matusu2026_C03_10,85.0,0.1,5.236281513093507,172298.5065537323,=,1,10000000,0.061802981238033655,0.015037593984962405,0.015037593984962405,0
SYN:Romano_2018_transfer:71:Matusu_2026:C03:3,Romano_2018_transfer,71,True,True,Matusu_2026,Matusu_2026_Aconity_TWO,C03,Matusu2026_C03_5,70.0,0.1,6.330474699556513,2140300.2369015412,=,1,10000000,0.061802981238033655,0.015037593984962405,0.015037593984962405,0
SYN:Romano_2018_transfer:71:Matusu_2026:C03:4,Romano_2018_transfer,71,True,True,Matusu_2026,Matusu_2026_Aconity_TWO,C03,Matusu2026_C03_2,110.0,0.1,4.790725392109793,61762.57469228105,=,1,10000000,0.061802981238033655,0.015037593984962405,0.015037593984962405,0
SYN:Romano_2018_transfer:71:Matusu_2026:C03:5,Romano_2018_transfer,71,True,True,Matusu_2026,Matusu_2026_Aconity_TWO,C03,Matusu2026_C03_10,85.0,0.1,4.460078253265962,28845.512085969192,=,1,10000000,0.061802981238033655,0.015037593984962405,0.015037593984962405,0
SYN:Romano_2018_transfer:71:Matusu_2026:C03:6,Romano_2018_transfer,71,True,True,Matusu_2026,Matusu_2026_Aconity_TWO,C03,Matusu2026_C03_1,90.0,0.1,4.037044783494382,10890.423872058225,=,1,10000000,0.061802981238033655,0.015037593984962405,0.015037593984962405,0
SYN:Romano_2018_transfer:71:Matusu_2026:C03:7,Romano_2018_transfer,71,True,True,Matusu_2026,Matusu_2026_Aconity_TWO,C03,Matusu2026_C03_10,85.0,0.1,4.365865764218947,23220.18974188422,=,1,10000000,0.061802981238033655,0.015037593984962405,0.015037593984962405,0
SYN:Romano_2018_transfer:71:Matusu_2026:C03:8,Romano_2018_transfer,71,True,True,Matusu_2026,Matusu_2026_Aconity_TWO,C03,Matusu2026_C03_3,80.0,0.1,3.354286782317948,2260.928260318778,=,1,10000000,0.061802981238033655,0.015037593984962405,0.015037593984962405,0
SYN:Romano_2018_transfer:71:Matusu_2026:C03:9,Romano_2018_transfer,71,True,True,Matusu_2026,Matusu_2026_Aconity_TWO,C03,Matusu2026_C03_6,65.0,0.1,5.310097689154611,204219.72599412687,=,1,10000000,0.061802981238033655,0.015037593984962405,0.015037593984962405,0
SYN:Romano_2018_transfer:71:Wu_2021:Horizontal:0,Romano_2018_transfer,71,True,True,Wu_2021,Wu_2021,Horizontal,Wu_2021:H-HCF01,72.0,0.1,5.527725128262939,337073.90181297855,=,1,10000000,-0.18543234355927507,0.04878048780487805,0.04878048780487805,0
SYN:Romano_2018_transfer:71:Wu_2021:Horizontal:1,Romano_2018_transfer,71,True,True,Wu_2021,Wu_2021,Horizontal,Wu_2021:H-HCF10,66.15,0.1,6.3599718276237285,2290719.0506212325,=,1,10000000,-0.18543234355927507,0.04878048780487805,0.04878048780487805,0
SYN:Romano_2018_transfer:71:Wu_2021:Horizontal:2,Romano_2018_transfer,71,True,True,Wu_2021,Wu_2021,Horizontal,Wu_2021:H-HCF17,63.0,0.1,4.064189879499234,11592.8410026525,=,1,10000000,-0.18543234355927507,0.04878048780487805,0.04878048780487805,0
SYN:Romano_2018_transfer:71:Wu_2021:Horizontal:3,Romano_2018_transfer,71,True,True,Wu_2021,Wu_2021,Horizontal,Wu_2021:H-HCF05,81.0,0.1,5.184127236144586,152801.36579612826,=,1,10000000,-0.18543234355927507,0.04878048780487805,0.04878048780487805,0
SYN:Romano_2018_transfer:71:Wu_2021:Horizontal:4,Romano_2018_transfer,71,True,True,Wu_2021,Wu_2021,Horizontal,Wu_2021:H-HCF06,66.15,0.1,5.875525500405041,750802.1375640809,=,1,10000000,-0.18543234355927507,0.04878048780487805,0.04878048780487805,0
SYN:Romano_2018_transfer:71:Wu_2021:Horizontal:5,Romano_2018_transfer,71,True,True,Wu_2021,Wu_2021,Horizontal,Wu_2021:H-HCF05,81.0,0.1,3.0752469552638098,1189.1782441915154,=,1,10000000,-0.18543234355927507,0.04878048780487805,0.04878048780487805,0
SYN:Romano_2018_transfer:71:Wu_2021:Horizontal:6,Romano_2018_transfer,71,True,True,Wu_2021,Wu_2021,Horizontal,Wu_2021:H-HCF15,66.15,0.1,4.6206655169952615,41750.86877919098,=,1,10000000,-0.18543234355927507,0.04878048780487805,0.04878048780487805,0
SYN:Romano_2018_transfer:71:Wu_2021:Horizontal:7,Romano_2018_transfer,71,True,True,Wu_2021,Wu_2021,Horizontal,Wu_2021:H-HCF04,66.15,0.1,5.077051466061178,119412.96063911742,=,1,10000000,-0.18543234355927507,0.04878048780487805,0.04878048780487805,0
SYN:Romano_2018_transfer:71:Wu_2021:Horizontal:8,Romano_2018_transfer,71,True,True,Wu_2021,Wu_2021,Horizontal,Wu_2021:H-HCF06,66.15,0.1,6.385352848133946,2428582.426758767,=,1,10000000,-0.18543234355927507,0.04878048780487805,0.04878048780487805,0
SYN:Romano_2018_transfer:71:Wu_2021:Horizontal:9,Romano_2018_transfer,71,True,True,Wu_2021,Wu_2021,Horizontal,Wu_2021:H-HCF17,63.0,0.1,5.341858224358658,219714.2497478237,=,1,10000000,-0.18543234355927507,0.04878048780487805,0.04878048780487805,0
SYN:Romano_2018_transfer:71:Wu_2021:Horizontal:10,Romano_2018_transfer,71,True,True,Wu_2021,Wu_2021,Horizontal,Wu_2021:H-HCF04,66.15,0.1,5.8705611940332,742268.7793586366,=,1,10000000,-0.18543234355927507,0.04878048780487805,0.04878048780487805,0
SYN:Romano_2018_transfer:71:Wu_2021:Horizontal:11,Romano_2018_transfer,71,True,True,Wu_2021,Wu_2021,Horizontal,Wu_2021:H-HCF10,66.15,0.1,5.179546693319937,151198.22519117742,=,1,10000000,-0.18543234355927507,0.04878048780487805,0.04878048780487805,0
SYN:Romano_2018_transfer:71:Wu_2021:Horizontal:12,Romano_2018_transfer,71,True,True,Wu_2021,Wu_2021,Horizontal,Wu_2021:H-HCF08,57.15,0.1,5.569553609799103,371153.5422758058,=,1,10000000,-0.18543234355927507,0.04878048780487805,0.04878048780487805,0
SYN:Romano_2018_transfer:71:Wu_2021:Horizontal:13,Romano_2018_transfer,71,True,True,Wu_2021,Wu_2021,Horizontal,Wu_2021:H-HCF05,81.0,0.1,3.4941841652536882,3120.2124489233997,=,1,10000000,-0.18543234355927507,0.04878048780487805,0.04878048780487805,0
SYN:Romano_2018_transfer:71:Wu_2021:Horizontal:14,Romano_2018_transfer,71,True,True,Wu_2021,Wu_2021,Horizontal,Wu_2021:H-HCF03,59.85,0.1,4.938214139979474,86738.94588465859,=,1,10000000,-0.18543234355927507,0.04878048780487805,0.04878048780487805,0
SYN:Romano_2018_transfer:71:Wu_2021:Horizontal:15,Romano_2018_transfer,71,True,True,Wu_2021,Wu_2021,Horizontal,Wu_2021:H-HCF12,63.0,0.1,5.804444631661719,637447.8074354165,=,1,10000000,-0.18543234355927507,0.04878048780487805,0.04878048780487805,0
SYN:Romano_2018_transfer:71:Wu_2021:Horizontal:16,Romano_2018_transfer,71,True,True,Wu_2021,Wu_2021,Horizontal,Wu_2021:H-HCF19,90.0,0.1,4.585120117736719,38469.81676556941,=,1,10000000,-0.18543234355927507,0.04878048780487805,0.04878048780487805,0
SYN:Romano_2018_transfer:71:Wu_2021:Horizontal:17,Romano_2018_transfer,71,True,True,Wu_2021,Wu_2021,Horizontal,Wu_2021:H-HCF10,66.15,0.1,6.213923883858003,1636529.671728598,=,1,10000000,-0.18543234355927507,0.04878048780487805,0.04878048780487805,0
SYN:Romano_2018_transfer:71:Wu_2021:Horizontal:18,Romano_2018_transfer,71,True,True,Wu_2021,Wu_2021,Horizontal,Wu_2021:H-HCF12,63.0,0.1,6.052398779094716,1128232.9499128463,=,1,10000000,-0.18543234355927507,0.04878048780487805,0.04878048780487805,0
SYN:Romano_2018_transfer:71:Wu_2021:Vertical:0,Romano_2018_transfer,71,True,True,Wu_2021,Wu_2021,Vertical,Wu_2021:V-HCF08,22.5,0.1,9.042306799580029,10000000,>=,0,10000000,-0.18543234355927507,0.04878048780487805,0.04878048780487805,0
SYN:Romano_2018_transfer:71:Wu_2021:Vertical:1,Romano_2018_transfer,71,True,True,Wu_2021,Wu_2021,Vertical,Wu_2021:V-HCF04,63.0,0.1,5.456855065954224,286322.22873939626,=,1,10000000,-0.18543234355927507,0.04878048780487805,0.04878048780487805,0
SYN:Romano_2018_transfer:71:Wu_2021:Vertical:2,Romano_2018_transfer,71,True,True,Wu_2021,Wu_2021,Vertical,Wu_2021:V-HCF11,36.0,0.1,7.0577091329419295,10000000,>=,0,10000000,-0.18543234355927507,0.04878048780487805,0.04878048780487805,0
SYN:Romano_2018_transfer:71:Wu_2021:Vertical:3,Romano_2018_transfer,71,True,True,Wu_2021,Wu_2021,Vertical,Wu_2021:V-HCF07,63.0,0.1,6.014724844401894,1034486.5402215093,=,1,10000000,-0.18543234355927507,0.04878048780487805,0.04878048780487805,0
SYN:Romano_2018_transfer:71:Wu_2021:Vertical:4,Romano_2018_transfer,71,True,True,Wu_2021,Wu_2021,Vertical,Wu_2021:V-HCF22,63.0,0.1,3.872418161932213,7454.493869690549,=,1,10000000,-0.18543234355927507,0.04878048780487805,0.04878048780487805,0
SYN:Romano_2018_transfer:71:Wu_2021:Vertical:5,Romano_2018_transfer,71,True,True,Wu_2021,Wu_2021,Vertical,Wu_2021:V-HCF09,63.0,0.1,3.9993274636984206,9984.526263565098,=,1,10000000,-0.18543234355927507,0.04878048780487805,0.04878048780487805,0
SYN:Romano_2018_transfer:71:Wu_2021:Vertical:6,Romano_2018_transfer,71,True,True,Wu_2021,Wu_2021,Vertical,Wu_2021:V-HCF15,27.0,0.1,8.300253121746632,10000000,>=,0,10000000,-0.18543234355927507,0.04878048780487805,0.04878048780487805,0
SYN:Romano_2018_transfer:71:Wu_2021:Vertical:7,Romano_2018_transfer,71,True,True,Wu_2021,Wu_2021,Vertical,Wu_2021:V-HCF19,45.0,0.1,6.908853910517066,8106883.09839228,=,1,10000000,-0.18543234355927507,0.04878048780487805,0.04878048780487805,0
SYN:Romano_2018_transfer:71:Wu_2021:Vertical:8,Romano_2018_transfer,71,True,True,Wu_2021,Wu_2021,Vertical,Wu_2021:V-HCF22,63.0,0.1,6.238669445020049,1732484.8479234166,=,1,10000000,-0.18543234355927507,0.04878048780487805,0.04878048780487805,0
SYN:Romano_2018_transfer:71:Wu_2021:Vertical:9,Romano_2018_transfer,71,True,True,Wu_2021,Wu_2021,Vertical,Wu_2021:V-HCF03,27.0,0.1,8.335592435519533,10000000,>=,0,10000000,-0.18543234355927507,0.04878048780487805,0.04878048780487805,0
SYN:Romano_2018_transfer:71:Wu_2021:Vertical:10,Romano_2018_transfer,71,True,True,Wu_2021,Wu_2021,Vertical,Wu_2021:V-HCF21,45.0,0.1,6.782515037835402,6060591.855058544,=,1,10000000,-0.18543234355927507,0.04878048780487805,0.04878048780487805,0
SYN:Romano_2018_transfer:71:Wu_2021:Vertical:11,Romano_2018_transfer,71,True,True,Wu_2021,Wu_2021,Vertical,Wu_2021:V-HCF16,22.5,0.1,7.376207286377358,10000000,>=,0,10000000,-0.18543234355927507,0.04878048780487805,0.04878048780487805,0
SYN:Romano_2018_transfer:71:Wu_2021:Vertical:12,Romano_2018_transfer,71,True,True,Wu_2021,Wu_2021,Vertical,Wu_2021:V-HCF07,63.0,0.1,6.444672040399392,2784018.0098174857,=,1,10000000,-0.18543234355927507,0.04878048780487805,0.04878048780487805,0
SYN:Romano_2018_transfer:71:Wu_2021:Vertical:13,Romano_2018_transfer,71,True,True,Wu_2021,Wu_2021,Vertical,Wu_2021:V-HCF03,27.0,0.1,8.559908380151555,10000000,>=,0,10000000,-0.18543234355927507,0.04878048780487805,0.04878048780487805,0
SYN:Romano_2018_transfer:71:Wu_2021:Vertical:14,Romano_2018_transfer,71,True,True,Wu_2021,Wu_2021,Vertical,Wu_2021:V-HCF01,36.0,0.1,7.760634787592181,10000000,>=,0,10000000,-0.18543234355927507,0.04878048780487805,0.04878048780487805,0
SYN:Romano_2018_transfer:71:Wu_2021:Vertical:15,Romano_2018_transfer,71,True,True,Wu_2021,Wu_2021,Vertical,Wu_2021:V-HCF09,63.0,0.1,6.848304362401063,7051871.052896943,=,1,10000000,-0.18543234355927507,0.04878048780487805,0.04878048780487805,0
SYN:Romano_2018_transfer:71:Wu_2021:Vertical:16,Romano_2018_transfer,71,True,True,Wu_2021,Wu_2021,Vertical,Wu_2021:V-HCF03,27.0,0.1,6.078426095854411,1197915.2559058059,=,1,10000000,-0.18543234355927507,0.04878048780487805,0.04878048780487805,0
SYN:Romano_2018_transfer:71:Wu_2021:Vertical:17,Romano_2018_transfer,71,True,True,Wu_2021,Wu_2021,Vertical,Wu_2021:V-HCF17,27.0,0.1,8.858718982149695,10000000,>=,0,10000000,-0.18543234355927507,0.04878048780487805,0.04878048780487805,0
SYN:Romano_2018_transfer:71:Wu_2021:Vertical:18,Romano_2018_transfer,71,True,True,Wu_2021,Wu_2021,Vertical,Wu_2021:V-HCF20,36.0,0.1,7.083214311834844,10000000,>=,0,10000000,-0.18543234355927507,0.04878048780487805,0.04878048780487805,0
SYN:Romano_2018_transfer:71:Wu_2021:Vertical:19,Romano_2018_transfer,71,True,True,Wu_2021,Wu_2021,Vertical,Wu_2021:V-HCF06,45.0,0.1,6.71805803823245,5224660.056297321,=,1,10000000,-0.18543234355927507,0.04878048780487805,0.04878048780487805,0
SYN:Romano_2018_transfer:71:Wu_2021:Vertical:20,Romano_2018_transfer,71,True,True,Wu_2021,Wu_2021,Vertical,Wu_2021:V-HCF11,36.0,0.1,5.56778303830747,369643.4698380173,=,1,10000000,-0.18543234355927507,0.04878048780487805,0.04878048780487805,0
SYN:Romano_2018_transfer:71:Wu_2021:Vertical:21,Romano_2018_transfer,71,True,True,Wu_2021,Wu_2021,Vertical,Wu_2021:V-HCF06,45.0,0.1,2.0469397639143434,111.41399930916688,=,1,10000000,-0.18543234355927507,0.04878048780487805,0.04878048780487805,0
SYN:Romano_2018_transfer:101:Chen_2024:L10:0,Romano_2018_transfer,101,True,True,Chen_2024,Chen_2024,L10,Chen_2024:Chen2024-L10-T4-r06,85.5,0.1,6.549766320710056,3546225.274057496,=,1,10000000,0.30913202079345287,0.1111111111111111,0.0,0
SYN:Romano_2018_transfer:101:Chen_2024:L10:1,Romano_2018_transfer,101,True,True,Chen_2024,Chen_2024,L10,Chen_2024:Chen2024-L10-T4-r01,99.0,0.1,6.198951675735351,1581072.1024330049,=,1,10000000,0.30913202079345287,0.1111111111111111,0.0,0
SYN:Romano_2018_transfer:101:Chen_2024:L10:2,Romano_2018_transfer,101,True,True,Chen_2024,Chen_2024,L10,Chen_2024:Chen2024-L10-T4-r07,81.0,0.1,6.119701714430452,1317351.6339023774,=,1,10000000,0.30913202079345287,0.1111111111111111,0.0,0
SYN:Romano_2018_transfer:101:Chen_2024:L10:3,Romano_2018_transfer,101,True,True,Chen_2024,Chen_2024,L10,Chen_2024:Chen2024-L10-T4-r05,85.5,0.1,5.877169402324955,753649.4773857271,=,1,10000000,0.30913202079345287,0.1111111111111111,0.0,0
SYN:Romano_2018_transfer:101:Chen_2024:L10:4,Romano_2018_transfer,101,True,True,Chen_2024,Chen_2024,L10,Chen_2024:Chen2024-L10-T4-r09,72.0,0.1,5.933103138857936,857241.4038875407,=,1,10000000,0.30913202079345287,0.1111111111111111,0.0,0
SYN:Romano_2018_transfer:101:Chen_2024:L10:5,Romano_2018_transfer,101,True,True,Chen_2024,Chen_2024,L10,Chen_2024:Chen2024-L10-T4-r08,81.0,0.1,4.335230294124304,21638.656565288282,=,1,10000000,0.30913202079345287,0.1111111111111111,0.0,0
SYN:Romano_2018_transfer:101:Chen_2024:L10:6,Romano_2018_transfer,101,True,True,Chen_2024,Chen_2024,L10,Chen_2024:Chen2024-L10-T4-r04,90.0,0.1,5.582208522788484,382127.7021544997,=,1,10000000,0.30913202079345287,0.1111111111111111,0.0,0
SYN:Romano_2018_transfer:101:Chen_2024:L10:7,Romano_2018_transfer,101,True,True,Chen_2024,Chen_2024,L10,Chen_2024:Chen2024-L10-T4-r07,81.0,0.1,5.275337003766517,188511.13304873562,=,1,10000000,0.30913202079345287,0.1111111111111111,0.0,0
SYN:Romano_2018_transfer:101:Chen_2024:L10:8,Romano_2018_transfer,101,True,True,Chen_2024,Chen_2024,L10,Chen_2024:Chen2024-L10-T4-r05,85.5,0.1,4.486783042169698,30674.891987972467,=,1,10000000,0.30913202079345287,0.1111111111111111,0.0,0
SYN:Romano_2018_transfer:101:Chen_2024:L40:0,Romano_2018_transfer,101,True,True,Chen_2024,Chen_2024,L40,Chen_2024:Chen2024-L40-T3-r01,99.0,0.1,3.8314884261870814,6784.040410005811,=,1,10000000,0.30913202079345287,0.1111111111111111,0.0,0
SYN:Romano_2018_transfer:101:Chen_2024:L40:1,Romano_2018_transfer,101,True,True,Chen_2024,Chen_2024,L40,Chen_2024:Chen2024-L40-T3-r02,90.0,0.1,3.9301885248118222,8515.075926815343,=,1,10000000,0.30913202079345287,0.1111111111111111,0.0,0
SYN:Romano_2018_transfer:101:Chen_2024:L40:2,Romano_2018_transfer,101,True,True,Chen_2024,Chen_2024,L40,Chen_2024:Chen2024-L40-T3-r05,81.0,0.1,7.07567080949082,10000000,>=,0,10000000,0.30913202079345287,0.1111111111111111,0.0,0
SYN:Romano_2018_transfer:101:Chen_2024:L40:3,Romano_2018_transfer,101,True,True,Chen_2024,Chen_2024,L40,Chen_2024:Chen2024-L40-T3-r07,72.0,0.1,5.639423483185541,435936.7510738211,=,1,10000000,0.30913202079345287,0.1111111111111111,0.0,0
SYN:Romano_2018_transfer:101:Chen_2024:L40:4,Romano_2018_transfer,101,True,True,Chen_2024,Chen_2024,L40,Chen_2024:Chen2024-L40-T3-r02,90.0,0.1,5.047321943097114,111512.08679065236,=,1,10000000,0.30913202079345287,0.1111111111111111,0.0,0
SYN:Romano_2018_transfer:101:Chen_2024:L40:5,Romano_2018_transfer,101,True,True,Chen_2024,Chen_2024,L40,Chen_2024:Chen2024-L40-T3-r07,72.0,0.1,4.793336795461785,62135.070504006944,=,1,10000000,0.30913202079345287,0.1111111111111111,0.0,0
SYN:Romano_2018_transfer:101:Chen_2024:L40:6,Romano_2018_transfer,101,True,True,Chen_2024,Chen_2024,L40,Chen_2024:Chen2024-L40-T3-r03,90.0,0.1,4.417377225763918,26144.31248843695,=,1,10000000,0.30913202079345287,0.1111111111111111,0.0,0
SYN:Romano_2018_transfer:101:Chen_2024:L40:7,Romano_2018_transfer,101,True,True,Chen_2024,Chen_2024,L40,Chen_2024:Chen2024-L40-T3-r02,90.0,0.1,5.076684383171896,119312.07072145777,=,1,10000000,0.30913202079345287,0.1111111111111111,0.0,0
SYN:Romano_2018_transfer:101:Chen_2024:L40:8,Romano_2018_transfer,101,True,True,Chen_2024,Chen_2024,L40,Chen_2024:Chen2024-L40-T3-r05,81.0,0.1,4.807206499895172,64151.45337056834,=,1,10000000,0.30913202079345287,0.1111111111111111,0.0,0
SYN:Romano_2018_transfer:101:Matusu_2026:71:0,Romano_2018_transfer,101,True,True,Matusu_2026,Matusu_2026_Eckart_CLM2,71,Matusu2026_71_52,110.0,0.1,4.581948829657834,38189.92712637286,=,1,10000000,-0.12361181063782514,0.015037593984962405,0.015037593984962405,0
SYN:Romano_2018_transfer:101:Matusu_2026:71:1,Romano_2018_transfer,101,True,True,Matusu_2026,Matusu_2026_Eckart_CLM2,71,Matusu2026_71_19,40.0,0.1,5.387722000294839,244186.69693640267,=,1,10000000,-0.12361181063782514,0.015037593984962405,0.015037593984962405,0
SYN:Romano_2018_transfer:101:Matusu_2026:71:2,Romano_2018_transfer,101,True,True,Matusu_2026,Matusu_2026_Eckart_CLM2,71,Matusu2026_71_19,40.0,0.1,7.537587705779275,10000000,>=,0,10000000,-0.12361181063782514,0.015037593984962405,0.015037593984962405,0
SYN:Romano_2018_transfer:101:Matusu_2026:71:3,Romano_2018_transfer,101,True,True,Matusu_2026,Matusu_2026_Eckart_CLM2,71,Matusu2026_71_12,50.0,0.1,5.626476391518521,423132.5073808682,=,1,10000000,-0.12361181063782514,0.015037593984962405,0.015037593984962405,0
SYN:Romano_2018_transfer:101:Matusu_2026:71:4,Romano_2018_transfer,101,True,True,Matusu_2026,Matusu_2026_Eckart_CLM2,71,Matusu2026_71_32,60.0,0.1,6.357533395971059,2277893.398439732,=,1,10000000,-0.12361181063782514,0.015037593984962405,0.015037593984962405,0
SYN:Romano_2018_transfer:101:Matusu_2026:71:5,Romano_2018_transfer,101,True,True,Matusu_2026,Matusu_2026_Eckart_CLM2,71,Matusu2026_71_19,40.0,0.1,7.352014935112213,10000000,>=,0,10000000,-0.12361181063782514,0.015037593984962405,0.015037593984962405,0
SYN:Romano_2018_transfer:101:Matusu_2026:71:6,Romano_2018_transfer,101,True,True,Matusu_2026,Matusu_2026_Eckart_CLM2,71,Matusu2026_71_4,80.0,0.1,4.258004358151322,18113.582695344754,=,1,10000000,-0.12361181063782514,0.015037593984962405,0.015037593984962405,0
SYN:Romano_2018_transfer:101:Matusu_2026:71:7,Romano_2018_transfer,101,True,True,Matusu_2026,Matusu_2026_Eckart_CLM2,71,Matusu2026_71_32,60.0,0.1,5.576238652241353,376910.8610474415,=,1,10000000,-0.12361181063782514,0.015037593984962405,0.015037593984962405,0
SYN:Romano_2018_transfer:101:Matusu_2026:71:8,Romano_2018_transfer,101,True,True,Matusu_2026,Matusu_2026_Eckart_CLM2,71,Matusu2026_71_11,70.0,0.1,4.38179051395108,24087.432683332398,=,1,10000000,-0.12361181063782514,0.015037593984962405,0.015037593984962405,0
SYN:Romano_2018_transfer:101:Matusu_2026:71:9,Romano_2018_transfer,101,True,True,Matusu_2026,Matusu_2026_Eckart_CLM2,71,Matusu2026_71_16,40.0,0.1,7.286066930465646,10000000,>=,0,10000000,-0.12361181063782514,0.015037593984962405,0.015037593984962405,0
SYN:Romano_2018_transfer:101:Matusu_2026:71:10,Romano_2018_transfer,101,True,True,Matusu_2026,Matusu_2026_Eckart_CLM2,71,Matusu2026_71_19,40.0,0.1,4.8326751889777615,68026.03982251468,=,1,10000000,-0.12361181063782514,0.015037593984962405,0.015037593984962405,0
SYN:Romano_2018_transfer:101:Matusu_2026:72:0,Romano_2018_transfer,101,True,True,Matusu_2026,Matusu_2026_Eckart_CLM2,72,Matusu2026_72_2,90.0,0.1,3.4706476152547783,2955.6133209384125,=,1,10000000,-0.12361181063782514,0.015037593984962405,0.015037593984962405,0
SYN:Romano_2018_transfer:101:Matusu_2026:72:1,Romano_2018_transfer,101,True,True,Matusu_2026,Matusu_2026_Eckart_CLM2,72,Matusu2026_72_53,47.5,0.1,7.012286379772945,10000000,>=,0,10000000,-0.12361181063782514,0.015037593984962405,0.015037593984962405,0
SYN:Romano_2018_transfer:101:Matusu_2026:72:2,Romano_2018_transfer,101,True,True,Matusu_2026,Matusu_2026_Eckart_CLM2,72,Matusu2026_72_23,100.0,0.1,4.209080565051854,16183.802320958777,=,1,10000000,-0.12361181063782514,0.015037593984962405,0.015037593984962405,0
SYN:Romano_2018_transfer:101:Matusu_2026:72:3,Romano_2018_transfer,101,True,True,Matusu_2026,Matusu_2026_Eckart_CLM2,72,Matusu2026_72_26,45.0,0.1,7.618523478744283,10000000,>=,0,10000000,-0.12361181063782514,0.015037593984962405,0.015037593984962405,0
SYN:Romano_2018_transfer:101:Matusu_2026:72:4,Romano_2018_transfer,101,True,True,Matusu_2026,Matusu_2026_Eckart_CLM2,72,Matusu2026_72_23,100.0,0.1,4.423117625062348,26492.17560076195,=,1,10000000,-0.12361181063782514,0.015037593984962405,0.015037593984962405,0
SYN:Romano_2018_transfer:101:Matusu_2026:72:5,Romano_2018_transfer,101,True,True,Matusu_2026,Matusu_2026_Eckart_CLM2,72,Matusu2026_72_17,50.0,0.1,6.372763465540614,2359192.9706506575,=,1,10000000,-0.12361181063782514,0.015037593984962405,0.015037593984962405,0
SYN:Romano_2018_transfer:101:Matusu_2026:72:6,Romano_2018_transfer,101,True,True,Matusu_2026,Matusu_2026_Eckart_CLM2,72,Matusu2026_72_23,100.0,0.1,3.7101587308416533,5130.488646090032,=,1,10000000,-0.12361181063782514,0.015037593984962405,0.015037593984962405,0
SYN:Romano_2018_transfer:101:Matusu_2026:72:7,Romano_2018_transfer,101,True,True,Matusu_2026,Matusu_2026_Eckart_CLM2,72,Matusu2026_72_17,50.0,0.1,6.757706280195718,5724087.71497575,=,1,10000000,-0.12361181063782514,0.015037593984962405,0.015037593984962405,0
SYN:Romano_2018_transfer:101:Matusu_2026:72:8,Romano_2018_transfer,101,True,True,Matusu_2026,Matusu_2026_Eckart_CLM2,72,Matusu2026_72_53,47.5,0.1,5.8925701815269615,780854.6152191368,=,1,10000000,-0.12361181063782514,0.015037593984962405,0.015037593984962405,0
SYN:Romano_2018_transfer:101:Matusu_2026:72:9,Romano_2018_transfer,101,True,True,Matusu_2026,Matusu_2026_Eckart_CLM2,72,Matusu2026_72_23,100.0,0.1,3.343853012935578,2207.257559771348,=,1,10000000,-0.12361181063782514,0.015037593984962405,0.015037593984962405,0
SYN:Romano_2018_transfer:101:Matusu_2026:72:10,Romano_2018_transfer,101,True,True,Matusu_2026,Matusu_2026_Eckart_CLM2,72,Matusu2026_72_24,110.0,0.1,3.0267783477635284,1063.6000467862582,=,1,10000000,-0.12361181063782514,0.015037593984962405,0.015037593984962405,0
SYN:Romano_2018_transfer:101:Matusu_2026:73:0,Romano_2018_transfer,101,True,True,Matusu_2026,Matusu_2026_Eckart_CLM2,73,Matusu2026_73_8,70.0,0.1,5.22864448784574,169295.13881631778,=,1,10000000,-0.12361181063782514,0.015037593984962405,0.015037593984962405,0
SYN:Romano_2018_transfer:101:Matusu_2026:73:1,Romano_2018_transfer,101,True,True,Matusu_2026,Matusu_2026_Eckart_CLM2,73,Matusu2026_73_21,45.0,0.1,6.001843457394363,1004253.7390893858,=,1,10000000,-0.12361181063782514,0.015037593984962405,0.015037593984962405,0
SYN:Romano_2018_transfer:101:Matusu_2026:73:2,Romano_2018_transfer,101,True,True,Matusu_2026,Matusu_2026_Eckart_CLM2,73,Matusu2026_73_5,80.0,0.1,4.7031557459369395,50484.23107817386,=,1,10000000,-0.12361181063782514,0.015037593984962405,0.015037593984962405,0
SYN:Romano_2018_transfer:101:Matusu_2026:73:3,Romano_2018_transfer,101,True,True,Matusu_2026,Matusu_2026_Eckart_CLM2,73,Matusu2026_73_14,60.0,0.1,4.318815345080021,20836.047800133085,=,1,10000000,-0.12361181063782514,0.015037593984962405,0.015037593984962405,0
SYN:Romano_2018_transfer:101:Matusu_2026:73:4,Romano_2018_transfer,101,True,True,Matusu_2026,Matusu_2026_Eckart_CLM2,73,Matusu2026_73_31,40.0,0.1,7.070447682243752,10000000,>=,0,10000000,-0.12361181063782514,0.015037593984962405,0.015037593984962405,0
SYN:Romano_2018_transfer:101:Matusu_2026:73:5,Romano_2018_transfer,101,True,True,Matusu_2026,Matusu_2026_Eckart_CLM2,73,Matusu2026_73_8,70.0,0.1,5.5026564856511895,318167.9909578684,=,1,10000000,-0.12361181063782514,0.015037593984962405,0.015037593984962405,0
SYN:Romano_2018_transfer:101:Matusu_2026:73:6,Romano_2018_transfer,101,True,True,Matusu_2026,Matusu_2026_Eckart_CLM2,73,Matusu2026_73_22,100.0,0.1,5.213875256920908,163634.64435879656,=,1,10000000,-0.12361181063782514,0.015037593984962405,0.015037593984962405,0
SYN:Romano_2018_transfer:101:Matusu_2026:73:7,Romano_2018_transfer,101,True,True,Matusu_2026,Matusu_2026_Eckart_CLM2,73,Matusu2026_73_21,45.0,0.1,5.441479224883372,276362.5713899069,=,1,10000000,-0.12361181063782514,0.015037593984962405,0.015037593984962405,0
SYN:Romano_2018_transfer:101:Matusu_2026:73:8,Romano_2018_transfer,101,True,True,Matusu_2026,Matusu_2026_Eckart_CLM2,73,Matusu2026_73_15,50.0,0.1,5.524457832121235,334547.5333403602,=,1,10000000,-0.12361181063782514,0.015037593984962405,0.015037593984962405,0
SYN:Romano_2018_transfer:101:Matusu_2026:73:9,Romano_2018_transfer,101,True,True,Matusu_2026,Matusu_2026_Eckart_CLM2,73,Matusu2026_73_5,80.0,0.1,5.041242132547852,109961.87398716823,=,1,10000000,-0.12361181063782514,0.015037593984962405,0.015037593984962405,0
SYN:Romano_2018_transfer:101:Matusu_2026:73:10,Romano_2018_transfer,101,True,True,Matusu_2026,Matusu_2026_Eckart_CLM2,73,Matusu2026_73_5,80.0,0.1,3.313053270032089,2056.1427844863933,=,1,10000000,-0.12361181063782514,0.015037593984962405,0.015037593984962405,0
SYN:Romano_2018_transfer:101:Matusu_2026:74:0,Romano_2018_transfer,101,True,True,Matusu_2026,Matusu_2026_Eckart_CLM2,74,Matusu2026_74_55,30.0,0.1,7.893966713586442,10000000,>=,0,10000000,-0.12361181063782514,0.015037593984962405,0.015037593984962405,0
SYN:Romano_2018_transfer:101:Matusu_2026:74:1,Romano_2018_transfer,101,True,True,Matusu_2026,Matusu_2026_Eckart_CLM2,74,Matusu2026_74_55,30.0,0.1,6.939602853259472,8701674.890228717,=,1,10000000,-0.12361181063782514,0.015037593984962405,0.015037593984962405,0
SYN:Romano_2018_transfer:101:Matusu_2026:74:2,Romano_2018_transfer,101,True,True,Matusu_2026,Matusu_2026_Eckart_CLM2,74,Matusu2026_74_38,50.0,0.1,4.7261684924755345,53231.474043505594,=,1,10000000,-0.12361181063782514,0.015037593984962405,0.015037593984962405,0
SYN:Romano_2018_transfer:101:Matusu_2026:74:3,Romano_2018_transfer,101,True,True,Matusu_2026,Matusu_2026_Eckart_CLM2,74,Matusu2026_74_41,125.0,0.1,2.86048600646477,725.2471093060045,=,1,10000000,-0.12361181063782514,0.015037593984962405,0.015037593984962405,0
SYN:Romano_2018_transfer:101:Matusu_2026:74:4,Romano_2018_transfer,101,True,True,Matusu_2026,Matusu_2026_Eckart_CLM2,74,Matusu2026_74_7,100.0,0.1,4.054971036796619,11349.351240521923,=,1,10000000,-0.12361181063782514,0.015037593984962405,0.015037593984962405,0
SYN:Romano_2018_transfer:101:Matusu_2026:74:5,Romano_2018_transfer,101,True,True,Matusu_2026,Matusu_2026_Eckart_CLM2,74,Matusu2026_74_13,80.0,0.1,6.3636395078602614,2310146.4251202173,=,1,10000000,-0.12361181063782514,0.015037593984962405,0.015037593984962405,0
SYN:Romano_2018_transfer:101:Matusu_2026:74:6,Romano_2018_transfer,101,True,True,Matusu_2026,Matusu_2026_Eckart_CLM2,74,Matusu2026_74_7,100.0,0.1,4.20543892559127,16048.665514114693,=,1,10000000,-0.12361181063782514,0.015037593984962405,0.015037593984962405,0
SYN:Romano_2018_transfer:101:Matusu_2026:74:7,Romano_2018_transfer,101,True,True,Matusu_2026,Matusu_2026_Eckart_CLM2,74,Matusu2026_74_41,125.0,0.1,2.4985586433672378,315.1799943251535,=,1,10000000,-0.12361181063782514,0.015037593984962405,0.015037593984962405,0
SYN:Romano_2018_transfer:101:Matusu_2026:74:8,Romano_2018_transfer,101,True,True,Matusu_2026,Matusu_2026_Eckart_CLM2,74,Matusu2026_74_39,90.0,0.1,5.322194990827428,209988.24834813928,=,1,10000000,-0.12361181063782514,0.015037593984962405,0.015037593984962405,0
SYN:Romano_2018_transfer:101:Matusu_2026:74:9,Romano_2018_transfer,101,True,True,Matusu_2026,Matusu_2026_Eckart_CLM2,74,Matusu2026_74_41,125.0,0.1,4.0710691976866755,11777.936206238193,=,1,10000000,-0.12361181063782514,0.015037593984962405,0.015037593984962405,0
SYN:Romano_2018_transfer:101:Matusu_2026:74:10,Romano_2018_transfer,101,True,True,Matusu_2026,Matusu_2026_Eckart_CLM2,74,Matusu2026_74_41,125.0,0.1,3.462005163211174,2897.37803365064,=,1,10000000,-0.12361181063782514,0.015037593984962405,0.015037593984962405,0
SYN:Romano_2018_transfer:101:Matusu_2026:91:0,Romano_2018_transfer,101,True,True,Matusu_2026,Matusu_2026_GE_virgin_CLM2,91,Matusu2026_91_19,100.0,0.1,4.12517280520056,13340.521441571325,=,1,10000000,-0.12361181063782514,0.015037593984962405,0.015037593984962405,0
SYN:Romano_2018_transfer:101:Matusu_2026:91:1,Romano_2018_transfer,101,True,True,Matusu_2026,Matusu_2026_GE_virgin_CLM2,91,Matusu2026_91_20,110.0,0.1,5.1237789190775285,132977.73123542158,=,1,10000000,-0.12361181063782514,0.015037593984962405,0.015037593984962405,0
SYN:Romano_2018_transfer:101:Matusu_2026:91:2,Romano_2018_transfer,101,True,True,Matusu_2026,Matusu_2026_GE_virgin_CLM2,91,Matusu2026_91_27,140.0,0.1,2.7601733693809423,575.6696975234569,=,1,10000000,-0.12361181063782514,0.015037593984962405,0.015037593984962405,0
SYN:Romano_2018_transfer:101:Matusu_2026:91:3,Romano_2018_transfer,101,True,True,Matusu_2026,Matusu_2026_GE_virgin_CLM2,91,Matusu2026_91_19,100.0,0.1,4.091793363845218,12353.595128326791,=,1,10000000,-0.12361181063782514,0.015037593984962405,0.015037593984962405,0
SYN:Romano_2018_transfer:101:Matusu_2026:91:4,Romano_2018_transfer,101,True,True,Matusu_2026,Matusu_2026_GE_virgin_CLM2,91,Matusu2026_91_5,45.0,0.1,6.79315754769955,6210943.058754172,=,1,10000000,-0.12361181063782514,0.015037593984962405,0.015037593984962405,0
SYN:Romano_2018_transfer:101:Matusu_2026:91:5,Romano_2018_transfer,101,True,True,Matusu_2026,Matusu_2026_GE_virgin_CLM2,91,Matusu2026_91_3,130.0,0.1,4.909877106888832,81260.05405524578,=,1,10000000,-0.12361181063782514,0.015037593984962405,0.015037593984962405,0
SYN:Romano_2018_transfer:101:Matusu_2026:91:6,Romano_2018_transfer,101,True,True,Matusu_2026,Matusu_2026_GE_virgin_CLM2,91,Matusu2026_91_19,100.0,0.1,4.206167963909693,16075.62859657973,=,1,10000000,-0.12361181063782514,0.015037593984962405,0.015037593984962405,0
SYN:Romano_2018_transfer:101:Matusu_2026:91:7,Romano_2018_transfer,101,True,True,Matusu_2026,Matusu_2026_GE_virgin_CLM2,91,Matusu2026_91_30,70.0,0.1,5.565638606482218,367822.7664674335,=,1,10000000,-0.12361181063782514,0.015037593984962405,0.015037593984962405,0
SYN:Romano_2018_transfer:101:Matusu_2026:91:8,Romano_2018_transfer,101,True,True,Matusu_2026,Matusu_2026_GE_virgin_CLM2,91,Matusu2026_91_1,55.0,0.1,6.009718780226392,1022630.5913398311,=,1,10000000,-0.12361181063782514,0.015037593984962405,0.015037593984962405,0
SYN:Romano_2018_transfer:101:Matusu_2026:91:9,Romano_2018_transfer,101,True,True,Matusu_2026,Matusu_2026_GE_virgin_CLM2,91,Matusu2026_91_30,70.0,0.1,6.285966502923969,1931819.310302301,=,1,10000000,-0.12361181063782514,0.015037593984962405,0.015037593984962405,0
SYN:Romano_2018_transfer:101:Matusu_2026:91:10,Romano_2018_transfer,101,True,True,Matusu_2026,Matusu_2026_GE_virgin_CLM2,91,Matusu2026_91_20,110.0,0.1,4.628034204763174,42465.30080359689,=,1,10000000,-0.12361181063782514,0.015037593984962405,0.015037593984962405,0
SYN:Romano_2018_transfer:101:Matusu_2026:91:11,Romano_2018_transfer,101,True,True,Matusu_2026,Matusu_2026_GE_virgin_CLM2,91,Matusu2026_91_20,110.0,0.1,4.7369016545579505,54563.42888983766,=,1,10000000,-0.12361181063782514,0.015037593984962405,0.015037593984962405,0
SYN:Romano_2018_transfer:101:Matusu_2026:91:12,Romano_2018_transfer,101,True,True,Matusu_2026,Matusu_2026_GE_virgin_CLM2,91,Matusu2026_91_1,55.0,0.1,4.530702097113478,33939.23876224037,=,1,10000000,-0.12361181063782514,0.015037593984962405,0.015037593984962405,0
SYN:Romano_2018_transfer:101:Matusu_2026:91:13,Romano_2018_transfer,101,True,True,Matusu_2026,Matusu_2026_GE_virgin_CLM2,91,Matusu2026_91_34,140.0,0.1,3.129705261655893,1348.0477058653833,=,1,10000000,-0.12361181063782514,0.015037593984962405,0.015037593984962405,0
SYN:Romano_2018_transfer:101:Matusu_2026:91:14,Romano_2018_transfer,101,True,True,Matusu_2026,Matusu_2026_GE_virgin_CLM2,91,Matusu2026_91_30,70.0,0.1,6.099647711757106,1257904.61874078,=,1,10000000,-0.12361181063782514,0.015037593984962405,0.015037593984962405,0
SYN:Romano_2018_transfer:101:Matusu_2026:92:0,Romano_2018_transfer,101,True,True,Matusu_2026,Matusu_2026_GE_virgin_CLM2,92,Matusu2026_92_16,120.0,0.1,3.760466224618656,5760.580163885509,=,1,10000000,-0.12361181063782514,0.015037593984962405,0.015037593984962405,0
SYN:Romano_2018_transfer:101:Matusu_2026:92:1,Romano_2018_transfer,101,True,True,Matusu_2026,Matusu_2026_GE_virgin_CLM2,92,Matusu2026_92_35,110.0,0.1,4.382146253017222,24107.171251461416,=,1,10000000,-0.12361181063782514,0.015037593984962405,0.015037593984962405,0
SYN:Romano_2018_transfer:101:Matusu_2026:92:2,Romano_2018_transfer,101,True,True,Matusu_2026,Matusu_2026_GE_virgin_CLM2,92,Matusu2026_92_35,110.0,0.1,2.2531235216581957,179.11152090240824,=,1,10000000,-0.12361181063782514,0.015037593984962405,0.015037593984962405,0
SYN:Romano_2018_transfer:101:Matusu_2026:92:3,Romano_2018_transfer,101,True,True,Matusu_2026,Matusu_2026_GE_virgin_CLM2,92,Matusu2026_92_8,130.0,0.1,4.9556935273233655,90301.20118371678,=,1,10000000,-0.12361181063782514,0.015037593984962405,0.015037593984962405,0
SYN:Romano_2018_transfer:101:Matusu_2026:92:4,Romano_2018_transfer,101,True,True,Matusu_2026,Matusu_2026_GE_virgin_CLM2,92,Matusu2026_92_16,120.0,0.1,2.5551959009199505,359.08387314728014,=,1,10000000,-0.12361181063782514,0.015037593984962405,0.015037593984962405,0
SYN:Romano_2018_transfer:101:Matusu_2026:92:5,Romano_2018_transfer,101,True,True,Matusu_2026,Matusu_2026_GE_virgin_CLM2,92,Matusu2026_92_31,60.0,0.1,5.398282555128215,250197.26337567714,=,1,10000000,-0.12361181063782514,0.015037593984962405,0.015037593984962405,0
SYN:Romano_2018_transfer:101:Matusu_2026:92:6,Romano_2018_transfer,101,True,True,Matusu_2026,Matusu_2026_GE_virgin_CLM2,92,Matusu2026_92_15,100.0,0.1,4.47763252034794,30035.33777473626,=,1,10000000,-0.12361181063782514,0.015037593984962405,0.015037593984962405,0
SYN:Romano_2018_transfer:101:Matusu_2026:92:7,Romano_2018_transfer,101,True,True,Matusu_2026,Matusu_2026_GE_virgin_CLM2,92,Matusu2026_92_26,140.0,0.1,3.9749681199415186,9439.915785799218,=,1,10000000,-0.12361181063782514,0.015037593984962405,0.015037593984962405,0
SYN:Romano_2018_transfer:101:Matusu_2026:92:8,Romano_2018_transfer,101,True,True,Matusu_2026,Matusu_2026_GE_virgin_CLM2,92,Matusu2026_92_4,70.0,0.1,3.845197164066052,7001.597873291759,=,1,10000000,-0.12361181063782514,0.015037593984962405,0.015037593984962405,0
SYN:Romano_2018_transfer:101:Matusu_2026:92:9,Romano_2018_transfer,101,True,True,Matusu_2026,Matusu_2026_GE_virgin_CLM2,92,Matusu2026_92_17,50.0,0.1,7.301456518534092,10000000,>=,0,10000000,-0.12361181063782514,0.015037593984962405,0.015037593984962405,0
SYN:Romano_2018_transfer:101:Matusu_2026:92:10,Romano_2018_transfer,101,True,True,Matusu_2026,Matusu_2026_GE_virgin_CLM2,92,Matusu2026_92_16,120.0,0.1,3.6133712700162706,4105.54928536006,=,1,10000000,-0.12361181063782514,0.015037593984962405,0.015037593984962405,0
SYN:Romano_2018_transfer:101:Matusu_2026:92:11,Romano_2018_transfer,101,True,True,Matusu_2026,Matusu_2026_GE_virgin_CLM2,92,Matusu2026_92_4,70.0,0.1,5.76460737108063,581577.1984772325,=,1,10000000,-0.12361181063782514,0.015037593984962405,0.015037593984962405,0
SYN:Romano_2018_transfer:101:Matusu_2026:92:12,Romano_2018_transfer,101,True,True,Matusu_2026,Matusu_2026_GE_virgin_CLM2,92,Matusu2026_92_31,60.0,0.1,5.841368443210353,694014.3385580593,=,1,10000000,-0.12361181063782514,0.015037593984962405,0.015037593984962405,0
SYN:Romano_2018_transfer:101:Matusu_2026:92:13,Romano_2018_transfer,101,True,True,Matusu_2026,Matusu_2026_GE_virgin_CLM2,92,Matusu2026_92_26,140.0,0.1,3.651001939343131,4477.153034457431,=,1,10000000,-0.12361181063782514,0.015037593984962405,0.015037593984962405,0
SYN:Romano_2018_transfer:101:Matusu_2026:93:0,Romano_2018_transfer,101,True,True,Matusu_2026,Matusu_2026_GE_virgin_CLM2,93,Matusu2026_93_26,70.0,0.1,5.826049130306531,669960.3955460662,=,1,10000000,-0.12361181063782514,0.015037593984962405,0.015037593984962405,0
SYN:Romano_2018_transfer:101:Matusu_2026:93:1,Romano_2018_transfer,101,True,True,Matusu_2026,Matusu_2026_GE_virgin_CLM2,93,Matusu2026_93_17,70.0,0.1,4.722520777823844,52786.246054674026,=,1,10000000,-0.12361181063782514,0.015037593984962405,0.015037593984962405,0
SYN:Romano_2018_transfer:101:Matusu_2026:93:2,Romano_2018_transfer,101,True,True,Matusu_2026,Matusu_2026_GE_virgin_CLM2,93,Matusu2026_93_35,60.0,0.1,4.934145529154881,85930.14193825811,=,1,10000000,-0.12361181063782514,0.015037593984962405,0.015037593984962405,0
SYN:Romano_2018_transfer:101:Matusu_2026:93:3,Romano_2018_transfer,101,True,True,Matusu_2026,Matusu_2026_GE_virgin_CLM2,93,Matusu2026_93_29,65.0,0.1,5.494006993570219,311893.98088834394,=,1,10000000,-0.12361181063782514,0.015037593984962405,0.015037593984962405,0
SYN:Romano_2018_transfer:101:Matusu_2026:93:4,Romano_2018_transfer,101,True,True,Matusu_2026,Matusu_2026_GE_virgin_CLM2,93,Matusu2026_93_23,140.0,0.1,2.953691989401028,898.8598654706791,=,1,10000000,-0.12361181063782514,0.015037593984962405,0.015037593984962405,0
SYN:Romano_2018_transfer:101:Matusu_2026:93:5,Romano_2018_transfer,101,True,True,Matusu_2026,Matusu_2026_GE_virgin_CLM2,93,Matusu2026_93_2,130.0,0.1,4.804624404514089,63771.17286608875,=,1,10000000,-0.12361181063782514,0.015037593984962405,0.015037593984962405,0
SYN:Romano_2018_transfer:101:Matusu_2026:93:6,Romano_2018_transfer,101,True,True,Matusu_2026,Matusu_2026_GE_virgin_CLM2,93,Matusu2026_93_2,130.0,0.1,2.7506153256336514,563.1386373646073,=,1,10000000,-0.12361181063782514,0.015037593984962405,0.015037593984962405,0
SYN:Romano_2018_transfer:101:Matusu_2026:93:7,Romano_2018_transfer,101,True,True,Matusu_2026,Matusu_2026_GE_virgin_CLM2,93,Matusu2026_93_17,70.0,0.1,5.305375939260784,202011.4282890099,=,1,10000000,-0.12361181063782514,0.015037593984962405,0.015037593984962405,0
SYN:Romano_2018_transfer:101:Matusu_2026:93:8,Romano_2018_transfer,101,True,True,Matusu_2026,Matusu_2026_GE_virgin_CLM2,93,Matusu2026_93_2,130.0,0.1,3.666574576130917,4640.604706242488,=,1,10000000,-0.12361181063782514,0.015037593984962405,0.015037593984962405,0
SYN:Romano_2018_transfer:101:Matusu_2026:93:9,Romano_2018_transfer,101,True,True,Matusu_2026,Matusu_2026_GE_virgin_CLM2,93,Matusu2026_93_23,140.0,0.1,3.976327970578526,9469.52010787573,=,1,10000000,-0.12361181063782514,0.015037593984962405,0.015037593984962405,0
SYN:Romano_2018_transfer:101:Matusu_2026:93:10,Romano_2018_transfer,101,True,True,Matusu_2026,Matusu_2026_GE_virgin_CLM2,93,Matusu2026_93_14,80.0,0.1,5.4711902829809995,295930.87822493725,=,1,10000000,-0.12361181063782514,0.015037593984962405,0.015037593984962405,0
SYN:Romano_2018_transfer:101:Matusu_2026:93:11,Romano_2018_transfer,101,True,True,Matusu_2026,Matusu_2026_GE_virgin_CLM2,93,Matusu2026_93_15,100.0,0.1,3.5977022667789766,3960.06456542617,=,1,10000000,-0.12361181063782514,0.015037593984962405,0.015037593984962405,0
SYN:Romano_2018_transfer:101:Matusu_2026:93:12,Romano_2018_transfer,101,True,True,Matusu_2026,Matusu_2026_GE_virgin_CLM2,93,Matusu2026_93_14,80.0,0.1,5.705543484842025,507625.5637879005,=,1,10000000,-0.12361181063782514,0.015037593984962405,0.015037593984962405,0
SYN:Romano_2018_transfer:101:Matusu_2026:93:13,Romano_2018_transfer,101,True,True,Matusu_2026,Matusu_2026_GE_virgin_CLM2,93,Matusu2026_93_28,140.0,0.1,3.436600844755846,2732.755926061185,=,1,10000000,-0.12361181063782514,0.015037593984962405,0.015037593984962405,0
SYN:Romano_2018_transfer:101:Matusu_2026:93:14,Romano_2018_transfer,101,True,True,Matusu_2026,Matusu_2026_GE_virgin_CLM2,93,Matusu2026_93_15,100.0,0.1,4.763308391405925,57984.029338872264,=,1,10000000,-0.12361181063782514,0.015037593984962405,0.015037593984962405,0
SYN:Romano_2018_transfer:101:Matusu_2026:94:0,Romano_2018_transfer,101,True,True,Matusu_2026,Matusu_2026_GE_virgin_CLM2,94,Matusu2026_94_34,80.0,0.1,4.493586272642194,31159.198122796588,=,1,10000000,-0.12361181063782514,0.015037593984962405,0.015037593984962405,0
SYN:Romano_2018_transfer:101:Matusu_2026:94:1,Romano_2018_transfer,101,True,True,Matusu_2026,Matusu_2026_GE_virgin_CLM2,94,Matusu2026_94_3,75.0,0.1,4.541593923747793,34801.17631178249,=,1,10000000,-0.12361181063782514,0.015037593984962405,0.015037593984962405,0
SYN:Romano_2018_transfer:101:Matusu_2026:94:2,Romano_2018_transfer,101,True,True,Matusu_2026,Matusu_2026_GE_virgin_CLM2,94,Matusu2026_94_36,125.0,0.1,3.89608204767143,7871.944938054786,=,1,10000000,-0.12361181063782514,0.015037593984962405,0.015037593984962405,0
SYN:Romano_2018_transfer:101:Matusu_2026:94:3,Romano_2018_transfer,101,True,True,Matusu_2026,Matusu_2026_GE_virgin_CLM2,94,Matusu2026_94_19,90.0,0.1,3.2388481872177985,1733.1980319399286,=,1,10000000,-0.12361181063782514,0.015037593984962405,0.015037593984962405,0
SYN:Romano_2018_transfer:101:Matusu_2026:94:4,Romano_2018_transfer,101,True,True,Matusu_2026,Matusu_2026_GE_virgin_CLM2,94,Matusu2026_94_11,85.0,0.1,4.892912631629449,78147.05779092909,=,1,10000000,-0.12361181063782514,0.015037593984962405,0.015037593984962405,0
SYN:Romano_2018_transfer:101:Matusu_2026:94:5,Romano_2018_transfer,101,True,True,Matusu_2026,Matusu_2026_GE_virgin_CLM2,94,Matusu2026_94_36,125.0,0.1,4.789665678519146,61612.05274230043,=,1,10000000,-0.12361181063782514,0.015037593984962405,0.015037593984962405,0
SYN:Romano_2018_transfer:101:Matusu_2026:94:6,Romano_2018_transfer,101,True,True,Matusu_2026,Matusu_2026_GE_virgin_CLM2,94,Matusu2026_94_19,90.0,0.1,3.625655978396829,4223.339345397072,=,1,10000000,-0.12361181063782514,0.015037593984962405,0.015037593984962405,0
SYN:Romano_2018_transfer:101:Matusu_2026:94:7,Romano_2018_transfer,101,True,True,Matusu_2026,Matusu_2026_GE_virgin_CLM2,94,Matusu2026_94_33,70.0,0.1,4.9514519881024714,89423.56673917649,=,1,10000000,-0.12361181063782514,0.015037593984962405,0.015037593984962405,0
SYN:Romano_2018_transfer:101:Matusu_2026:94:8,Romano_2018_transfer,101,True,True,Matusu_2026,Matusu_2026_GE_virgin_CLM2,94,Matusu2026_94_20,70.0,0.1,6.168953010892733,1475546.875752426,=,1,10000000,-0.12361181063782514,0.015037593984962405,0.015037593984962405,0
SYN:Romano_2018_transfer:101:Matusu_2026:94:9,Romano_2018_transfer,101,True,True,Matusu_2026,Matusu_2026_GE_virgin_CLM2,94,Matusu2026_94_13,90.0,0.1,5.67564787894624,473857.6310586714,=,1,10000000,-0.12361181063782514,0.015037593984962405,0.015037593984962405,0
SYN:Romano_2018_transfer:101:Matusu_2026:94:10,Romano_2018_transfer,101,True,True,Matusu_2026,Matusu_2026_GE_virgin_CLM2,94,Matusu2026_94_18,140.0,0.1,4.635622753338327,43213.829424965494,=,1,10000000,-0.12361181063782514,0.015037593984962405,0.015037593984962405,0
SYN:Romano_2018_transfer:101:Matusu_2026:94:11,Romano_2018_transfer,101,True,True,Matusu_2026,Matusu_2026_GE_virgin_CLM2,94,Matusu2026_94_34,80.0,0.1,5.399261819403061,250762.05452057722,=,1,10000000,-0.12361181063782514,0.015037593984962405,0.015037593984962405,0
SYN:Romano_2018_transfer:101:Matusu_2026:94:12,Romano_2018_transfer,101,True,True,Matusu_2026,Matusu_2026_GE_virgin_CLM2,94,Matusu2026_94_18,140.0,0.1,3.16886930009058,1475.262489663599,=,1,10000000,-0.12361181063782514,0.015037593984962405,0.015037593984962405,0
SYN:Romano_2018_transfer:101:Matusu_2026:94:13,Romano_2018_transfer,101,True,True,Matusu_2026,Matusu_2026_GE_virgin_CLM2,94,Matusu2026_94_5,85.0,0.1,4.386433119948592,24346.308452126766,=,1,10000000,-0.12361181063782514,0.015037593984962405,0.015037593984962405,0
SYN:Romano_2018_transfer:101:Matusu_2026:94:14,Romano_2018_transfer,101,True,True,Matusu_2026,Matusu_2026_GE_virgin_CLM2,94,Matusu2026_94_3,75.0,0.1,3.6720247421095955,4699.208796170527,=,1,10000000,-0.12361181063782514,0.015037593984962405,0.015037593984962405,0
SYN:Romano_2018_transfer:101:Matusu_2026:C01:0,Romano_2018_transfer,101,True,True,Matusu_2026,Matusu_2026_Aconity_TWO,C01,Matusu2026_C01_4,90.0,0.1,5.205440189691876,160487.12227020715,=,1,10000000,-0.12361181063782514,0.015037593984962405,0.015037593984962405,0
SYN:Romano_2018_transfer:101:Matusu_2026:C01:1,Romano_2018_transfer,101,True,True,Matusu_2026,Matusu_2026_Aconity_TWO,C01,Matusu2026_C01_3,70.0,0.1,5.984170003688725,964206.3863826118,=,1,10000000,-0.12361181063782514,0.015037593984962405,0.015037593984962405,0
SYN:Romano_2018_transfer:101:Matusu_2026:C01:2,Romano_2018_transfer,101,True,True,Matusu_2026,Matusu_2026_Aconity_TWO,C01,Matusu2026_C01_5,110.0,0.1,4.787471851658906,61301.60588696455,=,1,10000000,-0.12361181063782514,0.015037593984962405,0.015037593984962405,0
SYN:Romano_2018_transfer:101:Matusu_2026:C01:3,Romano_2018_transfer,101,True,True,Matusu_2026,Matusu_2026_Aconity_TWO,C01,Matusu2026_C01_2,50.0,0.1,7.256484302941049,10000000,>=,0,10000000,-0.12361181063782514,0.015037593984962405,0.015037593984962405,0
SYN:Romano_2018_transfer:101:Matusu_2026:C01:4,Romano_2018_transfer,101,True,True,Matusu_2026,Matusu_2026_Aconity_TWO,C01,Matusu2026_C01_9,110.0,0.1,4.544961088959687,35072.04494019793,=,1,10000000,-0.12361181063782514,0.015037593984962405,0.015037593984962405,0
SYN:Romano_2018_transfer:101:Matusu_2026:C01:5,Romano_2018_transfer,101,True,True,Matusu_2026,Matusu_2026_Aconity_TWO,C01,Matusu2026_C01_3,70.0,0.1,6.265688582862591,1843692.898420347,=,1,10000000,-0.12361181063782514,0.015037593984962405,0.015037593984962405,0
SYN:Romano_2018_transfer:101:Matusu_2026:C01:6,Romano_2018_transfer,101,True,True,Matusu_2026,Matusu_2026_Aconity_TWO,C01,Matusu2026_C01_9,110.0,0.1,3.6928283433215947,4929.789135007294,=,1,10000000,-0.12361181063782514,0.015037593984962405,0.015037593984962405,0
SYN:Romano_2018_transfer:101:Matusu_2026:C01:7,Romano_2018_transfer,101,True,True,Matusu_2026,Matusu_2026_Aconity_TWO,C01,Matusu2026_C01_8,80.0,0.1,4.944156506277037,87933.93463985929,=,1,10000000,-0.12361181063782514,0.015037593984962405,0.015037593984962405,0
SYN:Romano_2018_transfer:101:Matusu_2026:C01:8,Romano_2018_transfer,101,True,True,Matusu_2026,Matusu_2026_Aconity_TWO,C01,Matusu2026_C01_3,70.0,0.1,5.043100307408235,110433.36543542598,=,1,10000000,-0.12361181063782514,0.015037593984962405,0.015037593984962405,0
SYN:Romano_2018_transfer:101:Matusu_2026:C01:9,Romano_2018_transfer,101,True,True,Matusu_2026,Matusu_2026_Aconity_TWO,C01,Matusu2026_C01_5,110.0,0.1,4.716963207505191,52115.055847996555,=,1,10000000,-0.12361181063782514,0.015037593984962405,0.015037593984962405,0
SYN:Romano_2018_transfer:101:Matusu_2026:C02:0,Romano_2018_transfer,101,True,True,Matusu_2026,Matusu_2026_Aconity_TWO,C02,Matusu2026_C02_3,80.0,0.1,5.483709345151075,304585.58454112837,=,1,10000000,-0.12361181063782514,0.015037593984962405,0.015037593984962405,0
SYN:Romano_2018_transfer:101:Matusu_2026:C02:1,Romano_2018_transfer,101,True,True,Matusu_2026,Matusu_2026_Aconity_TWO,C02,Matusu2026_C02_8,110.0,0.1,4.511210267643326,32449.66873602701,=,1,10000000,-0.12361181063782514,0.015037593984962405,0.015037593984962405,0
SYN:Romano_2018_transfer:101:Matusu_2026:C02:2,Romano_2018_transfer,101,True,True,Matusu_2026,Matusu_2026_Aconity_TWO,C02,Matusu2026_C02_1,100.0,0.1,4.256578010749246,18054.19008902764,=,1,10000000,-0.12361181063782514,0.015037593984962405,0.015037593984962405,0
SYN:Romano_2018_transfer:101:Matusu_2026:C02:3,Romano_2018_transfer,101,True,True,Matusu_2026,Matusu_2026_Aconity_TWO,C02,Matusu2026_C02_5,70.0,0.1,2.538599053063766,345.6201489786974,=,1,10000000,-0.12361181063782514,0.015037593984962405,0.015037593984962405,0
SYN:Romano_2018_transfer:101:Matusu_2026:C02:4,Romano_2018_transfer,101,True,True,Matusu_2026,Matusu_2026_Aconity_TWO,C02,Matusu2026_C02_5,70.0,0.1,6.329683310011965,2136403.6437593685,=,1,10000000,-0.12361181063782514,0.015037593984962405,0.015037593984962405,0
SYN:Romano_2018_transfer:101:Matusu_2026:C02:5,Romano_2018_transfer,101,True,True,Matusu_2026,Matusu_2026_Aconity_TWO,C02,Matusu2026_C02_3,80.0,0.1,4.313098660914787,20563.57696296843,=,1,10000000,-0.12361181063782514,0.015037593984962405,0.015037593984962405,0
SYN:Romano_2018_transfer:101:Matusu_2026:C02:6,Romano_2018_transfer,101,True,True,Matusu_2026,Matusu_2026_Aconity_TWO,C02,Matusu2026_C02_1,100.0,0.1,5.313395070659707,205776.1657286038,=,1,10000000,-0.12361181063782514,0.015037593984962405,0.015037593984962405,0
SYN:Romano_2018_transfer:101:Matusu_2026:C02:7,Romano_2018_transfer,101,True,True,Matusu_2026,Matusu_2026_Aconity_TWO,C02,Matusu2026_C02_1,100.0,0.1,3.921003373440435,8336.87660374814,=,1,10000000,-0.12361181063782514,0.015037593984962405,0.015037593984962405,0
SYN:Romano_2018_transfer:101:Matusu_2026:C02:8,Romano_2018_transfer,101,True,True,Matusu_2026,Matusu_2026_Aconity_TWO,C02,Matusu2026_C02_10,70.0,0.1,4.563409464684108,36593.9646899195,=,1,10000000,-0.12361181063782514,0.015037593984962405,0.015037593984962405,0
SYN:Romano_2018_transfer:101:Matusu_2026:C02:9,Romano_2018_transfer,101,True,True,Matusu_2026,Matusu_2026_Aconity_TWO,C02,Matusu2026_C02_8,110.0,0.1,3.897604270289495,7899.58488726359,=,1,10000000,-0.12361181063782514,0.015037593984962405,0.015037593984962405,0
SYN:Romano_2018_transfer:101:Matusu_2026:C03:0,Romano_2018_transfer,101,True,True,Matusu_2026,Matusu_2026_Aconity_TWO,C03,Matusu2026_C03_10,85.0,0.1,4.529793767859449,33868.32884119245,=,1,10000000,-0.12361181063782514,0.015037593984962405,0.015037593984962405,0
SYN:Romano_2018_transfer:101:Matusu_2026:C03:1,Romano_2018_transfer,101,True,True,Matusu_2026,Matusu_2026_Aconity_TWO,C03,Matusu2026_C03_7,110.0,0.1,2.378565012834274,239.09198234753165,=,1,10000000,-0.12361181063782514,0.015037593984962405,0.015037593984962405,0
SYN:Romano_2018_transfer:101:Matusu_2026:C03:2,Romano_2018_transfer,101,True,True,Matusu_2026,Matusu_2026_Aconity_TWO,C03,Matusu2026_C03_6,65.0,0.1,5.365799432667314,232166.4349927217,=,1,10000000,-0.12361181063782514,0.015037593984962405,0.015037593984962405,0
SYN:Romano_2018_transfer:101:Matusu_2026:C03:3,Romano_2018_transfer,101,True,True,Matusu_2026,Matusu_2026_Aconity_TWO,C03,Matusu2026_C03_1,90.0,0.1,4.998628642610154,99684.73131043724,=,1,10000000,-0.12361181063782514,0.015037593984962405,0.015037593984962405,0
SYN:Romano_2018_transfer:101:Matusu_2026:C03:4,Romano_2018_transfer,101,True,True,Matusu_2026,Matusu_2026_Aconity_TWO,C03,Matusu2026_C03_5,70.0,0.1,6.297493668239634,1983780.7342590443,=,1,10000000,-0.12361181063782514,0.015037593984962405,0.015037593984962405,0
SYN:Romano_2018_transfer:101:Matusu_2026:C03:5,Romano_2018_transfer,101,True,True,Matusu_2026,Matusu_2026_Aconity_TWO,C03,Matusu2026_C03_8,60.0,0.1,5.843660324700674,697686.5081817104,=,1,10000000,-0.12361181063782514,0.015037593984962405,0.015037593984962405,0
SYN:Romano_2018_transfer:101:Matusu_2026:C03:6,Romano_2018_transfer,101,True,True,Matusu_2026,Matusu_2026_Aconity_TWO,C03,Matusu2026_C03_8,60.0,0.1,4.895961809549904,78697.65824805008,=,1,10000000,-0.12361181063782514,0.015037593984962405,0.015037593984962405,0
SYN:Romano_2018_transfer:101:Matusu_2026:C03:7,Romano_2018_transfer,101,True,True,Matusu_2026,Matusu_2026_Aconity_TWO,C03,Matusu2026_C03_7,110.0,0.1,4.101619506053552,12636.287723107049,=,1,10000000,-0.12361181063782514,0.015037593984962405,0.015037593984962405,0
SYN:Romano_2018_transfer:101:Matusu_2026:C03:8,Romano_2018_transfer,101,True,True,Matusu_2026,Matusu_2026_Aconity_TWO,C03,Matusu2026_C03_4,100.0,0.1,4.888996934444298,77445.63311261039,=,1,10000000,-0.12361181063782514,0.015037593984962405,0.015037593984962405,0
SYN:Romano_2018_transfer:101:Matusu_2026:C03:9,Romano_2018_transfer,101,True,True,Matusu_2026,Matusu_2026_Aconity_TWO,C03,Matusu2026_C03_3,80.0,0.1,5.9011544643539615,796442.5686415914,=,1,10000000,-0.12361181063782514,0.015037593984962405,0.015037593984962405,0
SYN:Romano_2018_transfer:101:Wu_2021:Horizontal:0,Romano_2018_transfer,101,True,True,Wu_2021,Wu_2021,Horizontal,Wu_2021:H-HCF12,63.0,0.1,6.043573290741813,1105537.0220454715,=,1,10000000,0.061802981238033655,0.04878048780487805,0.04878048780487805,0
SYN:Romano_2018_transfer:101:Wu_2021:Horizontal:1,Romano_2018_transfer,101,True,True,Wu_2021,Wu_2021,Horizontal,Wu_2021:H-HCF13,72.0,0.1,5.748717123831225,560682.6584124307,=,1,10000000,0.061802981238033655,0.04878048780487805,0.04878048780487805,0
SYN:Romano_2018_transfer:101:Wu_2021:Horizontal:2,Romano_2018_transfer,101,True,True,Wu_2021,Wu_2021,Horizontal,Wu_2021:H-HCF15,66.15,0.1,5.259720237047564,181852.90248185783,=,1,10000000,0.061802981238033655,0.04878048780487805,0.04878048780487805,0
SYN:Romano_2018_transfer:101:Wu_2021:Horizontal:3,Romano_2018_transfer,101,True,True,Wu_2021,Wu_2021,Horizontal,Wu_2021:H-HCF11,81.0,0.1,6.1319151734920165,1354924.7422610156,=,1,10000000,0.061802981238033655,0.04878048780487805,0.04878048780487805,0
SYN:Romano_2018_transfer:101:Wu_2021:Horizontal:4,Romano_2018_transfer,101,True,True,Wu_2021,Wu_2021,Horizontal,Wu_2021:H-HCF17,63.0,0.1,7.07601508088755,10000000,>=,0,10000000,0.061802981238033655,0.04878048780487805,0.04878048780487805,0
SYN:Romano_2018_transfer:101:Wu_2021:Horizontal:5,Romano_2018_transfer,101,True,True,Wu_2021,Wu_2021,Horizontal,Wu_2021:H-HCF14,81.0,0.1,5.284301698122928,192442.8137180599,=,1,10000000,0.061802981238033655,0.04878048780487805,0.04878048780487805,0
SYN:Romano_2018_transfer:101:Wu_2021:Horizontal:6,Romano_2018_transfer,101,True,True,Wu_2021,Wu_2021,Horizontal,Wu_2021:H-HCF18,90.0,0.1,2.9165230316015465,825.1312428620929,=,1,10000000,0.061802981238033655,0.04878048780487805,0.04878048780487805,0
SYN:Romano_2018_transfer:101:Wu_2021:Horizontal:7,Romano_2018_transfer,101,True,True,Wu_2021,Wu_2021,Horizontal,Wu_2021:H-HCF01,72.0,0.1,7.027397395123822,10000000,>=,0,10000000,0.061802981238033655,0.04878048780487805,0.04878048780487805,0
SYN:Romano_2018_transfer:101:Wu_2021:Horizontal:8,Romano_2018_transfer,101,True,True,Wu_2021,Wu_2021,Horizontal,Wu_2021:H-HCF12,63.0,0.1,5.1019706778345615,126465.095942671,=,1,10000000,0.061802981238033655,0.04878048780487805,0.04878048780487805,0
SYN:Romano_2018_transfer:101:Wu_2021:Horizontal:9,Romano_2018_transfer,101,True,True,Wu_2021,Wu_2021,Horizontal,Wu_2021:H-HCF10,66.15,0.1,6.056924984211784,1140052.8489557374,=,1,10000000,0.061802981238033655,0.04878048780487805,0.04878048780487805,0
SYN:Romano_2018_transfer:101:Wu_2021:Horizontal:10,Romano_2018_transfer,101,True,True,Wu_2021,Wu_2021,Horizontal,Wu_2021:H-HCF01,72.0,0.1,6.040289900405216,1097210.361994706,=,1,10000000,0.061802981238033655,0.04878048780487805,0.04878048780487805,0
SYN:Romano_2018_transfer:101:Wu_2021:Horizontal:11,Romano_2018_transfer,101,True,True,Wu_2021,Wu_2021,Horizontal,Wu_2021:H-HCF17,63.0,0.1,6.203666681375831,1598330.8476204774,=,1,10000000,0.061802981238033655,0.04878048780487805,0.04878048780487805,0
SYN:Romano_2018_transfer:101:Wu_2021:Horizontal:12,Romano_2018_transfer,101,True,True,Wu_2021,Wu_2021,Horizontal,Wu_2021:H-HCF18,90.0,0.1,3.040256725832772,1097.1265522850197,=,1,10000000,0.061802981238033655,0.04878048780487805,0.04878048780487805,0
SYN:Romano_2018_transfer:101:Wu_2021:Horizontal:13,Romano_2018_transfer,101,True,True,Wu_2021,Wu_2021,Horizontal,Wu_2021:H-HCF02,72.0,0.1,4.941558781303603,87409.52924675534,=,1,10000000,0.061802981238033655,0.04878048780487805,0.04878048780487805,0
SYN:Romano_2018_transfer:101:Wu_2021:Horizontal:14,Romano_2018_transfer,101,True,True,Wu_2021,Wu_2021,Horizontal,Wu_2021:H-HCF14,81.0,0.1,5.276661632689693,189086.98309872294,=,1,10000000,0.061802981238033655,0.04878048780487805,0.04878048780487805,0
SYN:Romano_2018_transfer:101:Wu_2021:Horizontal:15,Romano_2018_transfer,101,True,True,Wu_2021,Wu_2021,Horizontal,Wu_2021:H-HCF04,66.15,0.1,6.098750047826273,1255307.2810312547,=,1,10000000,0.061802981238033655,0.04878048780487805,0.04878048780487805,0
SYN:Romano_2018_transfer:101:Wu_2021:Horizontal:16,Romano_2018_transfer,101,True,True,Wu_2021,Wu_2021,Horizontal,Wu_2021:H-HCF17,63.0,0.1,6.539696954570101,3464949.86072314,=,1,10000000,0.061802981238033655,0.04878048780487805,0.04878048780487805,0
SYN:Romano_2018_transfer:101:Wu_2021:Horizontal:17,Romano_2018_transfer,101,True,True,Wu_2021,Wu_2021,Horizontal,Wu_2021:H-HCF01,72.0,0.1,5.604068827981833,401854.4926207982,=,1,10000000,0.061802981238033655,0.04878048780487805,0.04878048780487805,0
SYN:Romano_2018_transfer:101:Wu_2021:Horizontal:18,Romano_2018_transfer,101,True,True,Wu_2021,Wu_2021,Horizontal,Wu_2021:H-HCF02,72.0,0.1,6.010049606245881,1023409.8821448366,=,1,10000000,0.061802981238033655,0.04878048780487805,0.04878048780487805,0
SYN:Romano_2018_transfer:101:Wu_2021:Vertical:0,Romano_2018_transfer,101,True,True,Wu_2021,Wu_2021,Vertical,Wu_2021:V-HCF12,45.0,0.1,6.764423960857117,5813316.400189615,=,1,10000000,0.061802981238033655,0.04878048780487805,0.04878048780487805,0
SYN:Romano_2018_transfer:101:Wu_2021:Vertical:1,Romano_2018_transfer,101,True,True,Wu_2021,Wu_2021,Vertical,Wu_2021:V-HCF02,63.0,0.1,5.049931906846293,112184.25465042841,=,1,10000000,0.061802981238033655,0.04878048780487805,0.04878048780487805,0
SYN:Romano_2018_transfer:101:Wu_2021:Vertical:2,Romano_2018_transfer,101,True,True,Wu_2021,Wu_2021,Vertical,Wu_2021:V-HCF17,27.0,0.1,8.221118176071466,10000000,>=,0,10000000,0.061802981238033655,0.04878048780487805,0.04878048780487805,0
SYN:Romano_2018_transfer:101:Wu_2021:Vertical:3,Romano_2018_transfer,101,True,True,Wu_2021,Wu_2021,Vertical,Wu_2021:V-HCF22,63.0,0.1,6.461994046925249,2897303.87274877,=,1,10000000,0.061802981238033655,0.04878048780487805,0.04878048780487805,0
SYN:Romano_2018_transfer:101:Wu_2021:Vertical:4,Romano_2018_transfer,101,True,True,Wu_2021,Wu_2021,Vertical,Wu_2021:V-HCF01,36.0,0.1,7.318274659150232,10000000,>=,0,10000000,0.061802981238033655,0.04878048780487805,0.04878048780487805,0
SYN:Romano_2018_transfer:101:Wu_2021:Vertical:5,Romano_2018_transfer,101,True,True,Wu_2021,Wu_2021,Vertical,Wu_2021:V-HCF17,27.0,0.1,7.639567802750927,10000000,>=,0,10000000,0.061802981238033655,0.04878048780487805,0.04878048780487805,0
SYN:Romano_2018_transfer:101:Wu_2021:Vertical:6,Romano_2018_transfer,101,True,True,Wu_2021,Wu_2021,Vertical,Wu_2021:V-HCF06,45.0,0.1,6.16502301319748,1462254.6570521048,=,1,10000000,0.061802981238033655,0.04878048780487805,0.04878048780487805,0
SYN:Romano_2018_transfer:101:Wu_2021:Vertical:7,Romano_2018_transfer,101,True,True,Wu_2021,Wu_2021,Vertical,Wu_2021:V-HCF12,45.0,0.1,6.740251290579862,5498589.400782978,=,1,10000000,0.061802981238033655,0.04878048780487805,0.04878048780487805,0
SYN:Romano_2018_transfer:101:Wu_2021:Vertical:8,Romano_2018_transfer,101,True,True,Wu_2021,Wu_2021,Vertical,Wu_2021:V-HCF20,36.0,0.1,6.813998982468124,6516268.673274558,=,1,10000000,0.061802981238033655,0.04878048780487805,0.04878048780487805,0
SYN:Romano_2018_transfer:101:Wu_2021:Vertical:9,Romano_2018_transfer,101,True,True,Wu_2021,Wu_2021,Vertical,Wu_2021:V-HCF20,36.0,0.1,6.77033218729101,5892942.279844504,=,1,10000000,0.061802981238033655,0.04878048780487805,0.04878048780487805,0
SYN:Romano_2018_transfer:101:Wu_2021:Vertical:10,Romano_2018_transfer,101,True,True,Wu_2021,Wu_2021,Vertical,Wu_2021:V-HCF02,63.0,0.1,5.679568417799733,478154.6876562781,=,1,10000000,0.061802981238033655,0.04878048780487805,0.04878048780487805,0
SYN:Romano_2018_transfer:101:Wu_2021:Vertical:11,Romano_2018_transfer,101,True,True,Wu_2021,Wu_2021,Vertical,Wu_2021:V-HCF04,63.0,0.1,6.487100734430352,3069733.9293706547,=,1,10000000,0.061802981238033655,0.04878048780487805,0.04878048780487805,0
SYN:Romano_2018_transfer:101:Wu_2021:Vertical:12,Romano_2018_transfer,101,True,True,Wu_2021,Wu_2021,Vertical,Wu_2021:V-HCF22,63.0,0.1,6.542031371815824,3483624.7853510035,=,1,10000000,0.061802981238033655,0.04878048780487805,0.04878048780487805,0
SYN:Romano_2018_transfer:101:Wu_2021:Vertical:13,Romano_2018_transfer,101,True,True,Wu_2021,Wu_2021,Vertical,Wu_2021:V-HCF19,45.0,0.1,7.1224293799343315,10000000,>=,0,10000000,0.061802981238033655,0.04878048780487805,0.04878048780487805,0
SYN:Romano_2018_transfer:101:Wu_2021:Vertical:14,Romano_2018_transfer,101,True,True,Wu_2021,Wu_2021,Vertical,Wu_2021:V-HCF16,22.5,0.1,9.416875386992,10000000,>=,0,10000000,0.061802981238033655,0.04878048780487805,0.04878048780487805,0
SYN:Romano_2018_transfer:101:Wu_2021:Vertical:15,Romano_2018_transfer,101,True,True,Wu_2021,Wu_2021,Vertical,Wu_2021:V-HCF04,63.0,0.1,5.667145836275525,464671.2858465397,=,1,10000000,0.061802981238033655,0.04878048780487805,0.04878048780487805,0
SYN:Romano_2018_transfer:101:Wu_2021:Vertical:16,Romano_2018_transfer,101,True,True,Wu_2021,Wu_2021,Vertical,Wu_2021:V-HCF04,63.0,0.1,6.322318839239007,2100481.3955245134,=,1,10000000,0.061802981238033655,0.04878048780487805,0.04878048780487805,0
SYN:Romano_2018_transfer:101:Wu_2021:Vertical:17,Romano_2018_transfer,101,True,True,Wu_2021,Wu_2021,Vertical,Wu_2021:V-HCF11,36.0,0.1,7.89013756374342,10000000,>=,0,10000000,0.061802981238033655,0.04878048780487805,0.04878048780487805,0
SYN:Romano_2018_transfer:101:Wu_2021:Vertical:18,Romano_2018_transfer,101,True,True,Wu_2021,Wu_2021,Vertical,Wu_2021:V-HCF09,63.0,0.1,4.590317594578225,38932.97533036302,=,1,10000000,0.061802981238033655,0.04878048780487805,0.04878048780487805,0
SYN:Romano_2018_transfer:101:Wu_2021:Vertical:19,Romano_2018_transfer,101,True,True,Wu_2021,Wu_2021,Vertical,Wu_2021:V-HCF02,63.0,0.1,4.323387522531073,21056.564866180914,=,1,10000000,0.061802981238033655,0.04878048780487805,0.04878048780487805,0
SYN:Romano_2018_transfer:101:Wu_2021:Vertical:20,Romano_2018_transfer,101,True,True,Wu_2021,Wu_2021,Vertical,Wu_2021:V-HCF05,36.0,0.1,5.138302833458285,137500.04283419237,=,1,10000000,0.061802981238033655,0.04878048780487805,0.04878048780487805,0
SYN:Romano_2018_transfer:101:Wu_2021:Vertical:21,Romano_2018_transfer,101,True,True,Wu_2021,Wu_2021,Vertical,Wu_2021:V-HCF07,63.0,0.1,6.054986507655871,1134975.5545320641,=,1,10000000,0.061802981238033655,0.04878048780487805,0.04878048780487805,0
