record_id,fold,seed,synthetic,training_only,publication_group_id,platform_family_id,series,parent_stress_record_id,stress_amplitude_MPa,stress_ratio_R,latent_log10_cycles,observed_cycles_or_bound,bound_operator,failure_event_1,stop_cycles,sampled_source_offset_log10,weight_S0,weight_S1,rejected_subcycle_draws
SYN:Wu_2021:13:Chen_2024:L10:0,Wu_2021,13,True,True,Chen_2024,Chen_2024,L10,Chen_2024:Chen2024-L10-T4-r05,85.5,0.1,6.114838653033498,1302682.7222130694,=,1,10000000,0.18543234355927507,0.1111111111111111,0.0,0
SYN:Wu_2021:13:Chen_2024:L10:1,Wu_2021,13,True,True,Chen_2024,Chen_2024,L10,Chen_2024:Chen2024-L10-T4-r01,99.0,0.1,5.331767522454932,214668.10495878995,=,1,10000000,0.18543234355927507,0.1111111111111111,0.0,0
SYN:Wu_2021:13:Chen_2024:L10:2,Wu_2021,13,True,True,Chen_2024,Chen_2024,L10,Chen_2024:Chen2024-L10-T4-r06,85.5,0.1,5.249507334064542,177626.32643394353,=,1,10000000,0.18543234355927507,0.1111111111111111,0.0,0
SYN:Wu_2021:13:Chen_2024:L10:3,Wu_2021,13,True,True,Chen_2024,Chen_2024,L10,Chen_2024:Chen2024-L10-T4-r07,81.0,0.1,5.296013827590532,197703.2586253274,=,1,10000000,0.18543234355927507,0.1111111111111111,0.0,0
SYN:Wu_2021:13:Chen_2024:L10:4,Wu_2021,13,True,True,Chen_2024,Chen_2024,L10,Chen_2024:Chen2024-L10-T4-r07,81.0,0.1,5.581207776681469,381248.177852551,=,1,10000000,0.18543234355927507,0.1111111111111111,0.0,0
SYN:Wu_2021:13:Chen_2024:L10:5,Wu_2021,13,True,True,Chen_2024,Chen_2024,L10,Chen_2024:Chen2024-L10-T4-r06,85.5,0.1,6.185353301584803,1532333.5187616367,=,1,10000000,0.18543234355927507,0.1111111111111111,0.0,0
SYN:Wu_2021:13:Chen_2024:L10:6,Wu_2021,13,True,True,Chen_2024,Chen_2024,L10,Chen_2024:Chen2024-L10-T4-r08,81.0,0.1,4.300609799922851,19980.65862925611,=,1,10000000,0.18543234355927507,0.1111111111111111,0.0,0
SYN:Wu_2021:13:Chen_2024:L10:7,Wu_2021,13,True,True,Chen_2024,Chen_2024,L10,Chen_2024:Chen2024-L10-T4-r05,85.5,0.1,6.40761188302711,2556300.3708311534,=,1,10000000,0.18543234355927507,0.1111111111111111,0.0,0
SYN:Wu_2021:13:Chen_2024:L10:8,Wu_2021,13,True,True,Chen_2024,Chen_2024,L10,Chen_2024:Chen2024-L10-T4-r05,85.5,0.1,5.359576157612831,228863.30096631174,=,1,10000000,0.18543234355927507,0.1111111111111111,0.0,0
SYN:Wu_2021:13:Chen_2024:L40:0,Wu_2021,13,True,True,Chen_2024,Chen_2024,L40,Chen_2024:Chen2024-L40-T3-r08,72.0,0.1,6.618972978054544,4158847.3320414503,=,1,10000000,0.18543234355927507,0.1111111111111111,0.0,0
SYN:Wu_2021:13:Chen_2024:L40:1,Wu_2021,13,True,True,Chen_2024,Chen_2024,L40,Chen_2024:Chen2024-L40-T3-r09,67.5,0.1,6.330331299930485,2139593.6481667594,=,1,10000000,0.18543234355927507,0.1111111111111111,0.0,0
SYN:Wu_2021:13:Chen_2024:L40:2,Wu_2021,13,True,True,Chen_2024,Chen_2024,L40,Chen_2024:Chen2024-L40-T3-r02,90.0,0.1,5.357220550481897,227625.31011447695,=,1,10000000,0.18543234355927507,0.1111111111111111,0.0,0
SYN:Wu_2021:13:Chen_2024:L40:3,Wu_2021,13,True,True,Chen_2024,Chen_2024,L40,Chen_2024:Chen2024-L40-T3-r01,99.0,0.1,4.899825493116435,79400.9124293004,=,1,10000000,0.18543234355927507,0.1111111111111111,0.0,0
SYN:Wu_2021:13:Chen_2024:L40:4,Wu_2021,13,True,True,Chen_2024,Chen_2024,L40,Chen_2024:Chen2024-L40-T3-r06,72.0,0.1,4.7006465046083665,50193.387251532244,=,1,10000000,0.18543234355927507,0.1111111111111111,0.0,0
SYN:Wu_2021:13:Chen_2024:L40:5,Wu_2021,13,True,True,Chen_2024,Chen_2024,L40,Chen_2024:Chen2024-L40-T3-r02,90.0,0.1,5.217875056215575,165148.66075924435,=,1,10000000,0.18543234355927507,0.1111111111111111,0.0,0
SYN:Wu_2021:13:Chen_2024:L40:6,Wu_2021,13,True,True,Chen_2024,Chen_2024,L40,Chen_2024:Chen2024-L40-T3-r08,72.0,0.1,5.4222693614683255,264404.8160781336,=,1,10000000,0.18543234355927507,0.1111111111111111,0.0,0
SYN:Wu_2021:13:Chen_2024:L40:7,Wu_2021,13,True,True,Chen_2024,Chen_2024,L40,Chen_2024:Chen2024-L40-T3-r05,81.0,0.1,4.943129055055377,87726.14696492592,=,1,10000000,0.18543234355927507,0.1111111111111111,0.0,0
SYN:Wu_2021:13:Chen_2024:L40:8,Wu_2021,13,True,True,Chen_2024,Chen_2024,L40,Chen_2024:Chen2024-L40-T3-r05,81.0,0.1,3.5548002535338052,3587.568924754331,=,1,10000000,0.18543234355927507,0.1111111111111111,0.0,0
SYN:Wu_2021:13:Matusu_2026:71:0,Wu_2021,13,True,True,Matusu_2026,Matusu_2026_Eckart_CLM2,71,Matusu2026_71_32,60.0,0.1,6.518622325227582,3300823.672194885,=,1,10000000,-0.12361181063782514,0.015037593984962405,0.015037593984962405,0
SYN:Wu_2021:13:Matusu_2026:71:1,Wu_2021,13,True,True,Matusu_2026,Matusu_2026_Eckart_CLM2,71,Matusu2026_71_11,70.0,0.1,5.942025051123029,875034.2477968695,=,1,10000000,-0.12361181063782514,0.015037593984962405,0.015037593984962405,0
SYN:Wu_2021:13:Matusu_2026:71:2,Wu_2021,13,True,True,Matusu_2026,Matusu_2026_Eckart_CLM2,71,Matusu2026_71_11,70.0,0.1,5.802576486925116,634711.6750692172,=,1,10000000,-0.12361181063782514,0.015037593984962405,0.015037593984962405,0
SYN:Wu_2021:13:Matusu_2026:71:3,Wu_2021,13,True,True,Matusu_2026,Matusu_2026_Eckart_CLM2,71,Matusu2026_71_51,30.0,0.1,8.357486191236738,10000000,>=,0,10000000,-0.12361181063782514,0.015037593984962405,0.015037593984962405,0
SYN:Wu_2021:13:Matusu_2026:71:4,Wu_2021,13,True,True,Matusu_2026,Matusu_2026_Eckart_CLM2,71,Matusu2026_71_52,110.0,0.1,3.925438247379472,8422.446236018257,=,1,10000000,-0.12361181063782514,0.015037593984962405,0.015037593984962405,0
SYN:Wu_2021:13:Matusu_2026:71:5,Wu_2021,13,True,True,Matusu_2026,Matusu_2026_Eckart_CLM2,71,Matusu2026_71_52,110.0,0.1,4.641760236135591,43828.86620117976,=,1,10000000,-0.12361181063782514,0.015037593984962405,0.015037593984962405,0
SYN:Wu_2021:13:Matusu_2026:71:6,Wu_2021,13,True,True,Matusu_2026,Matusu_2026_Eckart_CLM2,71,Matusu2026_71_33,35.0,0.1,7.9659111158245715,10000000,>=,0,10000000,-0.12361181063782514,0.015037593984962405,0.015037593984962405,0
SYN:Wu_2021:13:Matusu_2026:71:7,Wu_2021,13,True,True,Matusu_2026,Matusu_2026_Eckart_CLM2,71,Matusu2026_71_11,70.0,0.1,5.815872656667539,654444.2505344182,=,1,10000000,-0.12361181063782514,0.015037593984962405,0.015037593984962405,0
SYN:Wu_2021:13:Matusu_2026:71:8,Wu_2021,13,True,True,Matusu_2026,Matusu_2026_Eckart_CLM2,71,Matusu2026_71_32,60.0,0.1,5.332310441460795,214936.6330619821,=,1,10000000,-0.12361181063782514,0.015037593984962405,0.015037593984962405,0
SYN:Wu_2021:13:Matusu_2026:71:9,Wu_2021,13,True,True,Matusu_2026,Matusu_2026_Eckart_CLM2,71,Matusu2026_71_32,60.0,0.1,6.979964872957994,9549153.464766894,=,1,10000000,-0.12361181063782514,0.015037593984962405,0.015037593984962405,0
SYN:Wu_2021:13:Matusu_2026:71:10,Wu_2021,13,True,True,Matusu_2026,Matusu_2026_Eckart_CLM2,71,Matusu2026_71_52,110.0,0.1,5.103558877411318,126928.42099586221,=,1,10000000,-0.12361181063782514,0.015037593984962405,0.015037593984962405,0
SYN:Wu_2021:13:Matusu_2026:72:0,Wu_2021,13,True,True,Matusu_2026,Matusu_2026_Eckart_CLM2,72,Matusu2026_72_23,100.0,0.1,4.647801644657703,44442.823737468105,=,1,10000000,-0.12361181063782514,0.015037593984962405,0.015037593984962405,0
SYN:Wu_2021:13:Matusu_2026:72:1,Wu_2021,13,True,True,Matusu_2026,Matusu_2026_Eckart_CLM2,72,Matusu2026_72_17,50.0,0.1,5.726293124923964,532467.524347036,=,1,10000000,-0.12361181063782514,0.015037593984962405,0.015037593984962405,0
SYN:Wu_2021:13:Matusu_2026:72:2,Wu_2021,13,True,True,Matusu_2026,Matusu_2026_Eckart_CLM2,72,Matusu2026_72_50,50.0,0.1,6.316638633414703,2073187.7470785796,=,1,10000000,-0.12361181063782514,0.015037593984962405,0.015037593984962405,0
SYN:Wu_2021:13:Matusu_2026:72:3,Wu_2021,13,True,True,Matusu_2026,Matusu_2026_Eckart_CLM2,72,Matusu2026_72_17,50.0,0.1,6.554148249555705,3582186.96771749,=,1,10000000,-0.12361181063782514,0.015037593984962405,0.015037593984962405,0
SYN:Wu_2021:13:Matusu_2026:72:4,Wu_2021,13,True,True,Matusu_2026,Matusu_2026_Eckart_CLM2,72,Matusu2026_72_17,50.0,0.1,5.454076241784758,284496.05055233865,=,1,10000000,-0.12361181063782514,0.015037593984962405,0.015037593984962405,0
SYN:Wu_2021:13:Matusu_2026:72:5,Wu_2021,13,True,True,Matusu_2026,Matusu_2026_Eckart_CLM2,72,Matusu2026_72_18,40.0,0.1,8.399845096883958,10000000,>=,0,10000000,-0.12361181063782514,0.015037593984962405,0.015037593984962405,0
SYN:Wu_2021:13:Matusu_2026:72:6,Wu_2021,13,True,True,Matusu_2026,Matusu_2026_Eckart_CLM2,72,Matusu2026_72_10,60.0,0.1,6.924429572829281,8402907.306795357,=,1,10000000,-0.12361181063782514,0.015037593984962405,0.015037593984962405,0
SYN:Wu_2021:13:Matusu_2026:72:7,Wu_2021,13,True,True,Matusu_2026,Matusu_2026_Eckart_CLM2,72,Matusu2026_72_26,45.0,0.1,6.31453224210361,2063156.830774409,=,1,10000000,-0.12361181063782514,0.015037593984962405,0.015037593984962405,0
SYN:Wu_2021:13:Matusu_2026:72:8,Wu_2021,13,True,True,Matusu_2026,Matusu_2026_Eckart_CLM2,72,Matusu2026_72_18,40.0,0.1,6.261557853458366,1826240.0108890445,=,1,10000000,-0.12361181063782514,0.015037593984962405,0.015037593984962405,0
SYN:Wu_2021:13:Matusu_2026:72:9,Wu_2021,13,True,True,Matusu_2026,Matusu_2026_Eckart_CLM2,72,Matusu2026_72_50,50.0,0.1,6.480864481836708,3025969.0510211,=,1,10000000,-0.12361181063782514,0.015037593984962405,0.015037593984962405,0
SYN:Wu_2021:13:Matusu_2026:72:10,Wu_2021,13,True,True,Matusu_2026,Matusu_2026_Eckart_CLM2,72,Matusu2026_72_50,50.0,0.1,6.480253914039178,3021717.877642371,=,1,10000000,-0.12361181063782514,0.015037593984962405,0.015037593984962405,0
SYN:Wu_2021:13:Matusu_2026:73:0,Wu_2021,13,True,True,Matusu_2026,Matusu_2026_Eckart_CLM2,73,Matusu2026_73_31,40.0,0.1,7.746735718856944,10000000,>=,0,10000000,-0.12361181063782514,0.015037593984962405,0.015037593984962405,0
SYN:Wu_2021:13:Matusu_2026:73:1,Wu_2021,13,True,True,Matusu_2026,Matusu_2026_Eckart_CLM2,73,Matusu2026_73_14,60.0,0.1,7.219773213267938,10000000,>=,0,10000000,-0.12361181063782514,0.015037593984962405,0.015037593984962405,0
SYN:Wu_2021:13:Matusu_2026:73:2,Wu_2021,13,True,True,Matusu_2026,Matusu_2026_Eckart_CLM2,73,Matusu2026_73_54,35.0,0.1,7.806604217724633,10000000,>=,0,10000000,-0.12361181063782514,0.015037593984962405,0.015037593984962405,0
SYN:Wu_2021:13:Matusu_2026:73:3,Wu_2021,13,True,True,Matusu_2026,Matusu_2026_Eckart_CLM2,73,Matusu2026_73_15,50.0,0.1,6.229084749077441,1694668.4691132274,=,1,10000000,-0.12361181063782514,0.015037593984962405,0.015037593984962405,0
SYN:Wu_2021:13:Matusu_2026:73:4,Wu_2021,13,True,True,Matusu_2026,Matusu_2026_Eckart_CLM2,73,Matusu2026_73_8,70.0,0.1,5.032907195254957,107871.61858499584,=,1,10000000,-0.12361181063782514,0.015037593984962405,0.015037593984962405,0
SYN:Wu_2021:13:Matusu_2026:73:5,Wu_2021,13,True,True,Matusu_2026,Matusu_2026_Eckart_CLM2,73,Matusu2026_73_31,40.0,0.1,7.812692668361324,10000000,>=,0,10000000,-0.12361181063782514,0.015037593984962405,0.015037593984962405,0
SYN:Wu_2021:13:Matusu_2026:73:6,Wu_2021,13,True,True,Matusu_2026,Matusu_2026_Eckart_CLM2,73,Matusu2026_73_31,40.0,0.1,4.8819813225242905,76204.62363966301,=,1,10000000,-0.12361181063782514,0.015037593984962405,0.015037593984962405,0
SYN:Wu_2021:13:Matusu_2026:73:7,Wu_2021,13,True,True,Matusu_2026,Matusu_2026_Eckart_CLM2,73,Matusu2026_73_21,45.0,0.1,6.5570314987937754,3606047.962533373,=,1,10000000,-0.12361181063782514,0.015037593984962405,0.015037593984962405,0
SYN:Wu_2021:13:Matusu_2026:73:8,Wu_2021,13,True,True,Matusu_2026,Matusu_2026_Eckart_CLM2,73,Matusu2026_73_47,35.0,0.1,8.397713113740181,10000000,>=,0,10000000,-0.12361181063782514,0.015037593984962405,0.015037593984962405,0
SYN:Wu_2021:13:Matusu_2026:73:9,Wu_2021,13,True,True,Matusu_2026,Matusu_2026_Eckart_CLM2,73,Matusu2026_73_31,40.0,0.1,7.625318013652314,10000000,>=,0,10000000,-0.12361181063782514,0.015037593984962405,0.015037593984962405,0
SYN:Wu_2021:13:Matusu_2026:73:10,Wu_2021,13,True,True,Matusu_2026,Matusu_2026_Eckart_CLM2,73,Matusu2026_73_47,35.0,0.1,5.624669154200095,421375.37710896856,=,1,10000000,-0.12361181063782514,0.015037593984962405,0.015037593984962405,0
SYN:Wu_2021:13:Matusu_2026:74:0,Wu_2021,13,True,True,Matusu_2026,Matusu_2026_Eckart_CLM2,74,Matusu2026_74_13,80.0,0.1,5.58146153291893,381471.0044742386,=,1,10000000,-0.12361181063782514,0.015037593984962405,0.015037593984962405,0
SYN:Wu_2021:13:Matusu_2026:74:1,Wu_2021,13,True,True,Matusu_2026,Matusu_2026_Eckart_CLM2,74,Matusu2026_74_13,80.0,0.1,4.738371654380008,54748.428082296035,=,1,10000000,-0.12361181063782514,0.015037593984962405,0.015037593984962405,0
SYN:Wu_2021:13:Matusu_2026:74:2,Wu_2021,13,True,True,Matusu_2026,Matusu_2026_Eckart_CLM2,74,Matusu2026_74_39,90.0,0.1,2.508745370681378,322.6601792088869,=,1,10000000,-0.12361181063782514,0.015037593984962405,0.015037593984962405,0
SYN:Wu_2021:13:Matusu_2026:74:3,Wu_2021,13,True,True,Matusu_2026,Matusu_2026_Eckart_CLM2,74,Matusu2026_74_7,100.0,0.1,4.171217246711976,14832.598692607158,=,1,10000000,-0.12361181063782514,0.015037593984962405,0.015037593984962405,0
SYN:Wu_2021:13:Matusu_2026:74:4,Wu_2021,13,True,True,Matusu_2026,Matusu_2026_Eckart_CLM2,74,Matusu2026_74_39,90.0,0.1,5.205648356472326,160564.06567342702,=,1,10000000,-0.12361181063782514,0.015037593984962405,0.015037593984962405,0
SYN:Wu_2021:13:Matusu_2026:74:5,Wu_2021,13,True,True,Matusu_2026,Matusu_2026_Eckart_CLM2,74,Matusu2026_74_20,70.0,0.1,5.184493593411584,152930.31864076492,=,1,10000000,-0.12361181063782514,0.015037593984962405,0.015037593984962405,0
SYN:Wu_2021:13:Matusu_2026:74:6,Wu_2021,13,True,True,Matusu_2026,Matusu_2026_Eckart_CLM2,74,Matusu2026_74_48,40.0,0.1,6.579446465684621,3797051.308538743,=,1,10000000,-0.12361181063782514,0.015037593984962405,0.015037593984962405,0
SYN:Wu_2021:13:Matusu_2026:74:7,Wu_2021,13,True,True,Matusu_2026,Matusu_2026_Eckart_CLM2,74,Matusu2026_74_48,40.0,0.1,8.047650979567328,10000000,>=,0,10000000,-0.12361181063782514,0.015037593984962405,0.015037593984962405,0
SYN:Wu_2021:13:Matusu_2026:74:8,Wu_2021,13,True,True,Matusu_2026,Matusu_2026_Eckart_CLM2,74,Matusu2026_74_41,125.0,0.1,4.985835636008851,96791.146914996,=,1,10000000,-0.12361181063782514,0.015037593984962405,0.015037593984962405,0
SYN:Wu_2021:13:Matusu_2026:74:9,Wu_2021,13,True,True,Matusu_2026,Matusu_2026_Eckart_CLM2,74,Matusu2026_74_40,110.0,0.1,3.052395217491197,1128.2236974306356,=,1,10000000,-0.12361181063782514,0.015037593984962405,0.015037593984962405,0
SYN:Wu_2021:13:Matusu_2026:74:10,Wu_2021,13,True,True,Matusu_2026,Matusu_2026_Eckart_CLM2,74,Matusu2026_74_55,30.0,0.1,7.656970446704902,10000000,>=,0,10000000,-0.12361181063782514,0.015037593984962405,0.015037593984962405,0
SYN:Wu_2021:13:Matusu_2026:91:0,Wu_2021,13,True,True,Matusu_2026,Matusu_2026_GE_virgin_CLM2,91,Matusu2026_91_20,110.0,0.1,5.476979092638423,299901.813984281,=,1,10000000,-0.12361181063782514,0.015037593984962405,0.015037593984962405,0
SYN:Wu_2021:13:Matusu_2026:91:1,Wu_2021,13,True,True,Matusu_2026,Matusu_2026_GE_virgin_CLM2,91,Matusu2026_91_19,100.0,0.1,5.045087982061185,110939.95415164377,=,1,10000000,-0.12361181063782514,0.015037593984962405,0.015037593984962405,0
SYN:Wu_2021:13:Matusu_2026:91:2,Wu_2021,13,True,True,Matusu_2026,Matusu_2026_GE_virgin_CLM2,91,Matusu2026_91_19,100.0,0.1,3.7627455170243516,5790.892688000261,=,1,10000000,-0.12361181063782514,0.015037593984962405,0.015037593984962405,0
SYN:Wu_2021:13:Matusu_2026:91:3,Wu_2021,13,True,True,Matusu_2026,Matusu_2026_GE_virgin_CLM2,91,Matusu2026_91_19,100.0,0.1,5.036080722755684,108662.75774173548,=,1,10000000,-0.12361181063782514,0.015037593984962405,0.015037593984962405,0
SYN:Wu_2021:13:Matusu_2026:91:4,Wu_2021,13,True,True,Matusu_2026,Matusu_2026_GE_virgin_CLM2,91,Matusu2026_91_21,50.0,0.1,5.7430969746208955,553473.6818393392,=,1,10000000,-0.12361181063782514,0.015037593984962405,0.015037593984962405,0
SYN:Wu_2021:13:Matusu_2026:91:5,Wu_2021,13,True,True,Matusu_2026,Matusu_2026_GE_virgin_CLM2,91,Matusu2026_91_27,140.0,0.1,4.416544734401722,26094.244923322953,=,1,10000000,-0.12361181063782514,0.015037593984962405,0.015037593984962405,0
SYN:Wu_2021:13:Matusu_2026:91:6,Wu_2021,13,True,True,Matusu_2026,Matusu_2026_GE_virgin_CLM2,91,Matusu2026_91_33,80.0,0.1,5.451132335944544,282574.0888736424,=,1,10000000,-0.12361181063782514,0.015037593984962405,0.015037593984962405,0
SYN:Wu_2021:13:Matusu_2026:91:7,Wu_2021,13,True,True,Matusu_2026,Matusu_2026_GE_virgin_CLM2,91,Matusu2026_91_20,110.0,0.1,4.188033557789587,15418.19584231276,=,1,10000000,-0.12361181063782514,0.015037593984962405,0.015037593984962405,0
SYN:Wu_2021:13:Matusu_2026:91:8,Wu_2021,13,True,True,Matusu_2026,Matusu_2026_GE_virgin_CLM2,91,Matusu2026_91_33,80.0,0.1,6.061319435588193,1151647.145788041,=,1,10000000,-0.12361181063782514,0.015037593984962405,0.015037593984962405,0
SYN:Wu_2021:13:Matusu_2026:91:9,Wu_2021,13,True,True,Matusu_2026,Matusu_2026_GE_virgin_CLM2,91,Matusu2026_91_36,50.0,0.1,6.982913854460778,9614215.543555869,=,1,10000000,-0.12361181063782514,0.015037593984962405,0.015037593984962405,0
SYN:Wu_2021:13:Matusu_2026:91:10,Wu_2021,13,True,True,Matusu_2026,Matusu_2026_GE_virgin_CLM2,91,Matusu2026_91_1,55.0,0.1,6.334960536341216,2162522.0098135686,=,1,10000000,-0.12361181063782514,0.015037593984962405,0.015037593984962405,0
SYN:Wu_2021:13:Matusu_2026:91:11,Wu_2021,13,True,True,Matusu_2026,Matusu_2026_GE_virgin_CLM2,91,Matusu2026_91_18,90.0,0.1,4.795950021582283,62510.07523170407,=,1,10000000,-0.12361181063782514,0.015037593984962405,0.015037593984962405,0
SYN:Wu_2021:13:Matusu_2026:91:12,Wu_2021,13,True,True,Matusu_2026,Matusu_2026_GE_virgin_CLM2,91,Matusu2026_91_1,55.0,0.1,6.347901871175438,2227931.6912985304,=,1,10000000,-0.12361181063782514,0.015037593984962405,0.015037593984962405,0
SYN:Wu_2021:13:Matusu_2026:91:13,Wu_2021,13,True,True,Matusu_2026,Matusu_2026_GE_virgin_CLM2,91,Matusu2026_91_1,55.0,0.1,5.09803306397335,125323.65834842634,=,1,10000000,-0.12361181063782514,0.015037593984962405,0.015037593984962405,0
SYN:Wu_2021:13:Matusu_2026:91:14,Wu_2021,13,True,True,Matusu_2026,Matusu_2026_GE_virgin_CLM2,91,Matusu2026_91_34,140.0,0.1,3.4931876605952477,3113.061214247072,=,1,10000000,-0.12361181063782514,0.015037593984962405,0.015037593984962405,0
SYN:Wu_2021:13:Matusu_2026:92:0,Wu_2021,13,True,True,Matusu_2026,Matusu_2026_GE_virgin_CLM2,92,Matusu2026_92_29,55.0,0.1,6.219164270983736,1656396.3734731684,=,1,10000000,-0.12361181063782514,0.015037593984962405,0.015037593984962405,0
SYN:Wu_2021:13:Matusu_2026:92:1,Wu_2021,13,True,True,Matusu_2026,Matusu_2026_GE_virgin_CLM2,92,Matusu2026_92_23,70.0,0.1,4.1120190973156525,12942.52752626507,=,1,10000000,-0.12361181063782514,0.015037593984962405,0.015037593984962405,0
SYN:Wu_2021:13:Matusu_2026:92:2,Wu_2021,13,True,True,Matusu_2026,Matusu_2026_GE_virgin_CLM2,92,Matusu2026_92_17,50.0,0.1,6.213276635131351,1634092.494043248,=,1,10000000,-0.12361181063782514,0.015037593984962405,0.015037593984962405,0
SYN:Wu_2021:13:Matusu_2026:92:3,Wu_2021,13,True,True,Matusu_2026,Matusu_2026_GE_virgin_CLM2,92,Matusu2026_92_35,110.0,0.1,3.734699467003999,5428.745307863829,=,1,10000000,-0.12361181063782514,0.015037593984962405,0.015037593984962405,0
SYN:Wu_2021:13:Matusu_2026:92:4,Wu_2021,13,True,True,Matusu_2026,Matusu_2026_GE_virgin_CLM2,92,Matusu2026_92_17,50.0,0.1,6.489764099490531,3088617.2985674683,=,1,10000000,-0.12361181063782514,0.015037593984962405,0.015037593984962405,0
SYN:Wu_2021:13:Matusu_2026:92:5,Wu_2021,13,True,True,Matusu_2026,Matusu_2026_GE_virgin_CLM2,92,Matusu2026_92_14,80.0,0.1,3.038450354420977,1092.5727245982268,=,1,10000000,-0.12361181063782514,0.015037593984962405,0.015037593984962405,0
SYN:Wu_2021:13:Matusu_2026:92:6,Wu_2021,13,True,True,Matusu_2026,Matusu_2026_GE_virgin_CLM2,92,Matusu2026_92_17,50.0,0.1,6.881520167466776,7612374.880049223,=,1,10000000,-0.12361181063782514,0.015037593984962405,0.015037593984962405,0
SYN:Wu_2021:13:Matusu_2026:92:7,Wu_2021,13,True,True,Matusu_2026,Matusu_2026_GE_virgin_CLM2,92,Matusu2026_92_29,55.0,0.1,5.619615967000943,416500.9218732303,=,1,10000000,-0.12361181063782514,0.015037593984962405,0.015037593984962405,0
SYN:Wu_2021:13:Matusu_2026:92:8,Wu_2021,13,True,True,Matusu_2026,Matusu_2026_GE_virgin_CLM2,92,Matusu2026_92_16,120.0,0.1,4.500238903785375,31640.176959423072,=,1,10000000,-0.12361181063782514,0.015037593984962405,0.015037593984962405,0
SYN:Wu_2021:13:Matusu_2026:92:9,Wu_2021,13,True,True,Matusu_2026,Matusu_2026_GE_virgin_CLM2,92,Matusu2026_92_17,50.0,0.1,6.962958487251109,9182448.203544306,=,1,10000000,-0.12361181063782514,0.015037593984962405,0.015037593984962405,0
SYN:Wu_2021:13:Matusu_2026:92:10,Wu_2021,13,True,True,Matusu_2026,Matusu_2026_GE_virgin_CLM2,92,Matusu2026_92_29,55.0,0.1,6.124662689754072,1332486.1074572778,=,1,10000000,-0.12361181063782514,0.015037593984962405,0.015037593984962405,0
SYN:Wu_2021:13:Matusu_2026:92:11,Wu_2021,13,True,True,Matusu_2026,Matusu_2026_GE_virgin_CLM2,92,Matusu2026_92_16,120.0,0.1,3.803458424633589,6360.019169385309,=,1,10000000,-0.12361181063782514,0.015037593984962405,0.015037593984962405,0
SYN:Wu_2021:13:Matusu_2026:92:12,Wu_2021,13,True,True,Matusu_2026,Matusu_2026_GE_virgin_CLM2,92,Matusu2026_92_14,80.0,0.1,4.777515262565871,59912.19933992773,=,1,10000000,-0.12361181063782514,0.015037593984962405,0.015037593984962405,0
SYN:Wu_2021:13:Matusu_2026:92:13,Wu_2021,13,True,True,Matusu_2026,Matusu_2026_GE_virgin_CLM2,92,Matusu2026_92_28,160.0,0.1,4.044615501815653,11081.93253239161,=,1,10000000,-0.12361181063782514,0.015037593984962405,0.015037593984962405,0
SYN:Wu_2021:13:Matusu_2026:93:0,Wu_2021,13,True,True,Matusu_2026,Matusu_2026_GE_virgin_CLM2,93,Matusu2026_93_23,140.0,0.1,4.539395906122898,34625.488255662356,=,1,10000000,-0.12361181063782514,0.015037593984962405,0.015037593984962405,0
SYN:Wu_2021:13:Matusu_2026:93:1,Wu_2021,13,True,True,Matusu_2026,Matusu_2026_GE_virgin_CLM2,93,Matusu2026_93_28,140.0,0.1,3.0300375665222536,1071.611995788623,=,1,10000000,-0.12361181063782514,0.015037593984962405,0.015037593984962405,0
SYN:Wu_2021:13:Matusu_2026:93:2,Wu_2021,13,True,True,Matusu_2026,Matusu_2026_GE_virgin_CLM2,93,Matusu2026_93_35,60.0,0.1,6.566751369932109,3687664.2234222307,=,1,10000000,-0.12361181063782514,0.015037593984962405,0.015037593984962405,0
SYN:Wu_2021:13:Matusu_2026:93:3,Wu_2021,13,True,True,Matusu_2026,Matusu_2026_GE_virgin_CLM2,93,Matusu2026_93_26,70.0,0.1,4.883889265622583,76540.14235508002,=,1,10000000,-0.12361181063782514,0.015037593984962405,0.015037593984962405,0
SYN:Wu_2021:13:Matusu_2026:93:4,Wu_2021,13,True,True,Matusu_2026,Matusu_2026_GE_virgin_CLM2,93,Matusu2026_93_26,70.0,0.1,5.348151058726985,222921.03908194194,=,1,10000000,-0.12361181063782514,0.015037593984962405,0.015037593984962405,0
SYN:Wu_2021:13:Matusu_2026:93:5,Wu_2021,13,True,True,Matusu_2026,Matusu_2026_GE_virgin_CLM2,93,Matusu2026_93_2,130.0,0.1,4.554894276885928,35883.45705917349,=,1,10000000,-0.12361181063782514,0.015037593984962405,0.015037593984962405,0
SYN:Wu_2021:13:Matusu_2026:93:6,Wu_2021,13,True,True,Matusu_2026,Matusu_2026_GE_virgin_CLM2,93,Matusu2026_93_17,70.0,0.1,4.585894091759738,38538.4365320172,=,1,10000000,-0.12361181063782514,0.015037593984962405,0.015037593984962405,0
SYN:Wu_2021:13:Matusu_2026:93:7,Wu_2021,13,True,True,Matusu_2026,Matusu_2026_GE_virgin_CLM2,93,Matusu2026_93_16,120.0,0.1,4.387284117510963,24394.061675601282,=,1,10000000,-0.12361181063782514,0.015037593984962405,0.015037593984962405,0
SYN:Wu_2021:13:Matusu_2026:93:8,Wu_2021,13,True,True,Matusu_2026,Matusu_2026_GE_virgin_CLM2,93,Matusu2026_93_22,120.0,0.1,0.2088873522200836,1.6176603926913018,=,1,10000000,-0.12361181063782514,0.015037593984962405,0.015037593984962405,0
SYN:Wu_2021:13:Matusu_2026:93:9,Wu_2021,13,True,True,Matusu_2026,Matusu_2026_GE_virgin_CLM2,93,Matusu2026_93_17,70.0,0.1,5.131107765628233,135240.81074726034,=,1,10000000,-0.12361181063782514,0.015037593984962405,0.015037593984962405,0
SYN:Wu_2021:13:Matusu_2026:93:10,Wu_2021,13,True,True,Matusu_2026,Matusu_2026_GE_virgin_CLM2,93,Matusu2026_93_26,70.0,0.1,5.490878442070445,309655.24606895936,=,1,10000000,-0.12361181063782514,0.015037593984962405,0.015037593984962405,0
SYN:Wu_2021:13:Matusu_2026:93:11,Wu_2021,13,True,True,Matusu_2026,Matusu_2026_GE_virgin_CLM2,93,Matusu2026_93_4,75.0,0.1,5.61576315070066,412822.30147806654,=,1,10000000,-0.12361181063782514,0.015037593984962405,0.015037593984962405,0
SYN:Wu_2021:13:Matusu_2026:93:12,Wu_2021,13,True,True,Matusu_2026,Matusu_2026_GE_virgin_CLM2,93,Matusu2026_93_15,100.0,0.1,1.7548348575638375,56.86366630713821,=,1,10000000,-0.12361181063782514,0.015037593984962405,0.015037593984962405,0
SYN:Wu_2021:13:Matusu_2026:93:13,Wu_2021,13,True,True,Matusu_2026,Matusu_2026_GE_virgin_CLM2,93,Matusu2026_93_22,120.0,0.1,3.434790962024392,2721.3911117895404,=,1,10000000,-0.12361181063782514,0.015037593984962405,0.015037593984962405,0
SYN:Wu_2021:13:Matusu_2026:93:14,Wu_2021,13,True,True,Matusu_2026,Matusu_2026_GE_virgin_CLM2,93,Matusu2026_93_4,75.0,0.1,5.8205928411440215,661595.9548010567,=,1,10000000,-0.12361181063782514,0.015037593984962405,0.015037593984962405,0
SYN:Wu_2021:13:Matusu_2026:94:0,Wu_2021,13,True,True,Matusu_2026,Matusu_2026_GE_virgin_CLM2,94,Matusu2026_94_36,125.0,0.1,3.671936500115659,4698.2540858364655,=,1,10000000,-0.12361181063782514,0.015037593984962405,0.015037593984962405,0
SYN:Wu_2021:13:Matusu_2026:94:1,Wu_2021,13,True,True,Matusu_2026,Matusu_2026_GE_virgin_CLM2,94,Matusu2026_94_27,100.0,0.1,4.851365961717893,71017.5951340115,=,1,10000000,-0.12361181063782514,0.015037593984962405,0.015037593984962405,0
SYN:Wu_2021:13:Matusu_2026:94:2,Wu_2021,13,True,True,Matusu_2026,Matusu_2026_GE_virgin_CLM2,94,Matusu2026_94_11,85.0,0.1,4.662794457536976,46003.879534425,=,1,10000000,-0.12361181063782514,0.015037593984962405,0.015037593984962405,0
SYN:Wu_2021:13:Matusu_2026:94:3,Wu_2021,13,True,True,Matusu_2026,Matusu_2026_GE_virgin_CLM2,94,Matusu2026_94_27,100.0,0.1,4.547847846977582,35305.945540763605,=,1,10000000,-0.12361181063782514,0.015037593984962405,0.015037593984962405,0
SYN:Wu_2021:13:Matusu_2026:94:4,Wu_2021,13,True,True,Matusu_2026,Matusu_2026_GE_virgin_CLM2,94,Matusu2026_94_5,85.0,0.1,5.08699556243013,122178.71760236142,=,1,10000000,-0.12361181063782514,0.015037593984962405,0.015037593984962405,0
SYN:Wu_2021:13:Matusu_2026:94:5,Wu_2021,13,True,True,Matusu_2026,Matusu_2026_GE_virgin_CLM2,94,Matusu2026_94_5,85.0,0.1,5.847533912949979,703937.1944529753,=,1,10000000,-0.12361181063782514,0.015037593984962405,0.015037593984962405,0
SYN:Wu_2021:13:Matusu_2026:94:6,Wu_2021,13,True,True,Matusu_2026,Matusu_2026_GE_virgin_CLM2,94,Matusu2026_94_3,75.0,0.1,5.530638646847008,339342.80613953335,=,1,10000000,-0.12361181063782514,0.015037593984962405,0.015037593984962405,0
SYN:Wu_2021:13:Matusu_2026:94:7,Wu_2021,13,True,True,Matusu_2026,Matusu_2026_GE_virgin_CLM2,94,Matusu2026_94_30,75.0,0.1,5.593204321647139,391926.22247784474,=,1,10000000,-0.12361181063782514,0.015037593984962405,0.015037593984962405,0
SYN:Wu_2021:13:Matusu_2026:94:8,Wu_2021,13,True,True,Matusu_2026,Matusu_2026_GE_virgin_CLM2,94,Matusu2026_94_20,70.0,0.1,5.401757661151864,252207.30483206263,=,1,10000000,-0.12361181063782514,0.015037593984962405,0.015037593984962405,0
SYN:Wu_2021:13:Matusu_2026:94:9,Wu_2021,13,True,True,Matusu_2026,Matusu_2026_GE_virgin_CLM2,94,Matusu2026_94_18,140.0,0.1,4.0151517927481795,10355.040283726783,=,1,10000000,-0.12361181063782514,0.015037593984962405,0.015037593984962405,0
SYN:Wu_2021:13:Matusu_2026:94:10,Wu_2021,13,True,True,Matusu_2026,Matusu_2026_GE_virgin_CLM2,94,Matusu2026_94_20,70.0,0.1,6.228461108033422,1692236.6943645226,=,1,10000000,-0.12361181063782514,0.015037593984962405,0.015037593984962405,0
SYN:Wu_2021:13:Matusu_2026:94:11,Wu_2021,13,True,True,Matusu_2026,Matusu_2026_GE_virgin_CLM2,94,Matusu2026_94_19,90.0,0.1,4.751450909440669,56422.31606682032,=,1,10000000,-0.12361181063782514,0.015037593984962405,0.015037593984962405,0
SYN:Wu_2021:13:Matusu_2026:94:12,Wu_2021,13,True,True,Matusu_2026,Matusu_2026_GE_virgin_CLM2,94,Matusu2026_94_36,125.0,0.1,4.409297361349761,25662.405395233436,=,1,10000000,-0.12361181063782514,0.015037593984962405,0.015037593984962405,0
SYN:Wu_2021:13:Matusu_2026:94:13,Wu_2021,13,True,True,Matusu_2026,Matusu_2026_GE_virgin_CLM2,94,Matusu2026_94_1,140.0,0.1,3.1504858058978895,1414.118506498821,=,1,10000000,-0.12361181063782514,0.015037593984962405,0.015037593984962405,0
SYN:Wu_2021:13:Matusu_2026:94:14,Wu_2021,13,True,True,Matusu_2026,Matusu_2026_GE_virgin_CLM2,94,Matusu2026_94_34,80.0,0.1,2.6033875574954948,401.2246043795401,=,1,10000000,-0.12361181063782514,0.015037593984962405,0.015037593984962405,0
SYN:Wu_2021:13:Matusu_2026:C01:0,Wu_2021,13,True,True,Matusu_2026,Matusu_2026_Aconity_TWO,C01,Matusu2026_C01_5,110.0,0.1,3.9347691183187368,8605.361482718601,=,1,10000000,-0.12361181063782514,0.015037593984962405,0.015037593984962405,0
SYN:Wu_2021:13:Matusu_2026:C01:1,Wu_2021,13,True,True,Matusu_2026,Matusu_2026_Aconity_TWO,C01,Matusu2026_C01_8,80.0,0.1,4.865953154511492,73443.46435601819,=,1,10000000,-0.12361181063782514,0.015037593984962405,0.015037593984962405,0
SYN:Wu_2021:13:Matusu_2026:C01:2,Wu_2021,13,True,True,Matusu_2026,Matusu_2026_Aconity_TWO,C01,Matusu2026_C01_7,40.0,0.1,6.30329096743945,2010439.3101749413,=,1,10000000,-0.12361181063782514,0.015037593984962405,0.015037593984962405,0
SYN:Wu_2021:13:Matusu_2026:C01:3,Wu_2021,13,True,True,Matusu_2026,Matusu_2026_Aconity_TWO,C01,Matusu2026_C01_2,50.0,0.1,6.945520461066374,8821053.600931061,=,1,10000000,-0.12361181063782514,0.015037593984962405,0.015037593984962405,0
SYN:Wu_2021:13:Matusu_2026:C01:4,Wu_2021,13,True,True,Matusu_2026,Matusu_2026_Aconity_TWO,C01,Matusu2026_C01_5,110.0,0.1,4.701269455028606,50265.43612403268,=,1,10000000,-0.12361181063782514,0.015037593984962405,0.015037593984962405,0
SYN:Wu_2021:13:Matusu_2026:C01:5,Wu_2021,13,True,True,Matusu_2026,Matusu_2026_Aconity_TWO,C01,Matusu2026_C01_2,50.0,0.1,6.943301971010179,8776108.240929184,=,1,10000000,-0.12361181063782514,0.015037593984962405,0.015037593984962405,0
SYN:Wu_2021:13:Matusu_2026:C01:6,Wu_2021,13,True,True,Matusu_2026,Matusu_2026_Aconity_TWO,C01,Matusu2026_C01_7,40.0,0.1,6.990562982146417,9785048.489824908,=,1,10000000,-0.12361181063782514,0.015037593984962405,0.015037593984962405,0
SYN:Wu_2021:13:Matusu_2026:C01:7,Wu_2021,13,True,True,Matusu_2026,Matusu_2026_Aconity_TWO,C01,Matusu2026_C01_3,70.0,0.1,5.468362703904711,294010.4074239899,=,1,10000000,-0.12361181063782514,0.015037593984962405,0.015037593984962405,0
SYN:Wu_2021:13:Matusu_2026:C01:8,Wu_2021,13,True,True,Matusu_2026,Matusu_2026_Aconity_TWO,C01,Matusu2026_C01_3,70.0,0.1,5.490164176122846,309146.38761686115,=,1,10000000,-0.12361181063782514,0.015037593984962405,0.015037593984962405,0
SYN:Wu_2021:13:Matusu_2026:C01:9,Wu_2021,13,True,True,Matusu_2026,Matusu_2026_Aconity_TWO,C01,Matusu2026_C01_10,43.0,0.1,5.383397664471658,241767.3579240085,=,1,10000000,-0.12361181063782514,0.015037593984962405,0.015037593984962405,0
SYN:Wu_2021:13:Matusu_2026:C02:0,Wu_2021,13,True,True,Matusu_2026,Matusu_2026_Aconity_TWO,C02,Matusu2026_C02_9,65.0,0.1,5.121122489755987,132166.83490433497,=,1,10000000,-0.12361181063782514,0.015037593984962405,0.015037593984962405,0
SYN:Wu_2021:13:Matusu_2026:C02:1,Wu_2021,13,True,True,Matusu_2026,Matusu_2026_Aconity_TWO,C02,Matusu2026_C02_8,110.0,0.1,4.762243246787826,57841.99276302724,=,1,10000000,-0.12361181063782514,0.015037593984962405,0.015037593984962405,0
SYN:Wu_2021:13:Matusu_2026:C02:2,Wu_2021,13,True,True,Matusu_2026,Matusu_2026_Aconity_TWO,C02,Matusu2026_C02_7,70.0,0.1,4.6996268187344565,50075.67576262713,=,1,10000000,-0.12361181063782514,0.015037593984962405,0.015037593984962405,0
SYN:Wu_2021:13:Matusu_2026:C02:3,Wu_2021,13,True,True,Matusu_2026,Matusu_2026_Aconity_TWO,C02,Matusu2026_C02_7,70.0,0.1,5.131549404022472,135378.40842819773,=,1,10000000,-0.12361181063782514,0.015037593984962405,0.015037593984962405,0
SYN:Wu_2021:13:Matusu_2026:C02:4,Wu_2021,13,True,True,Matusu_2026,Matusu_2026_Aconity_TWO,C02,Matusu2026_C02_3,80.0,0.1,5.697451029204207,498254.2699381612,=,1,10000000,-0.12361181063782514,0.015037593984962405,0.015037593984962405,0
SYN:Wu_2021:13:Matusu_2026:C02:5,Wu_2021,13,True,True,Matusu_2026,Matusu_2026_Aconity_TWO,C02,Matusu2026_C02_7,70.0,0.1,2.9824562595042243,960.4090847490307,=,1,10000000,-0.12361181063782514,0.015037593984962405,0.015037593984962405,0
SYN:Wu_2021:13:Matusu_2026:C02:6,Wu_2021,13,True,True,Matusu_2026,Matusu_2026_Aconity_TWO,C02,Matusu2026_C02_5,70.0,0.1,5.692285874639384,492363.52766420407,=,1,10000000,-0.12361181063782514,0.015037593984962405,0.015037593984962405,0
SYN:Wu_2021:13:Matusu_2026:C02:7,Wu_2021,13,True,True,Matusu_2026,Matusu_2026_Aconity_TWO,C02,Matusu2026_C02_6,75.0,0.1,6.045200549225049,1109687.1301250954,=,1,10000000,-0.12361181063782514,0.015037593984962405,0.015037593984962405,0
SYN:Wu_2021:13:Matusu_2026:C02:8,Wu_2021,13,True,True,Matusu_2026,Matusu_2026_Aconity_TWO,C02,Matusu2026_C02_10,70.0,0.1,4.065458254783927,11626.747871081181,=,1,10000000,-0.12361181063782514,0.015037593984962405,0.015037593984962405,0
SYN:Wu_2021:13:Matusu_2026:C02:9,Wu_2021,13,True,True,Matusu_2026,Matusu_2026_Aconity_TWO,C02,Matusu2026_C02_6,75.0,0.1,5.792009931442155,619455.2406114672,=,1,10000000,-0.12361181063782514,0.015037593984962405,0.015037593984962405,0
SYN:Wu_2021:13:Matusu_2026:C03:0,Wu_2021,13,True,True,Matusu_2026,Matusu_2026_Aconity_TWO,C03,Matusu2026_C03_6,65.0,0.1,5.941405205324134,873786.247996624,=,1,10000000,-0.12361181063782514,0.015037593984962405,0.015037593984962405,0
SYN:Wu_2021:13:Matusu_2026:C03:1,Wu_2021,13,True,True,Matusu_2026,Matusu_2026_Aconity_TWO,C03,Matusu2026_C03_3,80.0,0.1,5.910990310218387,814686.1069109432,=,1,10000000,-0.12361181063782514,0.015037593984962405,0.015037593984962405,0
SYN:Wu_2021:13:Matusu_2026:C03:2,Wu_2021,13,True,True,Matusu_2026,Matusu_2026_Aconity_TWO,C03,Matusu2026_C03_5,70.0,0.1,6.004081315957972,1009441.8731632825,=,1,10000000,-0.12361181063782514,0.015037593984962405,0.015037593984962405,0
SYN:Wu_2021:13:Matusu_2026:C03:3,Wu_2021,13,True,True,Matusu_2026,Matusu_2026_Aconity_TWO,C03,Matusu2026_C03_9,75.0,0.1,4.862226375020807,72815.9257007005,=,1,10000000,-0.12361181063782514,0.015037593984962405,0.015037593984962405,0
SYN:Wu_2021:13:Matusu_2026:C03:4,Wu_2021,13,True,True,Matusu_2026,Matusu_2026_Aconity_TWO,C03,Matusu2026_C03_4,100.0,0.1,3.023037239642674,1054.4773112511814,=,1,10000000,-0.12361181063782514,0.015037593984962405,0.015037593984962405,0
SYN:Wu_2021:13:Matusu_2026:C03:5,Wu_2021,13,True,True,Matusu_2026,Matusu_2026_Aconity_TWO,C03,Matusu2026_C03_3,80.0,0.1,6.465547038626285,2921104.129146387,=,1,10000000,-0.12361181063782514,0.015037593984962405,0.015037593984962405,0
SYN:Wu_2021:13:Matusu_2026:C03:6,Wu_2021,13,True,True,Matusu_2026,Matusu_2026_Aconity_TWO,C03,Matusu2026_C03_9,75.0,0.1,5.759798554889391,575173.0845759895,=,1,10000000,-0.12361181063782514,0.015037593984962405,0.015037593984962405,0
SYN:Wu_2021:13:Matusu_2026:C03:7,Wu_2021,13,True,True,Matusu_2026,Matusu_2026_Aconity_TWO,C03,Matusu2026_C03_7,110.0,0.1,4.8345564601518145,68321.35329057781,=,1,10000000,-0.12361181063782514,0.015037593984962405,0.015037593984962405,0
SYN:Wu_2021:13:Matusu_2026:C03:8,Wu_2021,13,True,True,Matusu_2026,Matusu_2026_Aconity_TWO,C03,Matusu2026_C03_9,75.0,0.1,5.841037404631011,693485.5315126961,=,1,10000000,-0.12361181063782514,0.015037593984962405,0.015037593984962405,0
SYN:Wu_2021:13:Matusu_2026:C03:9,Wu_2021,13,True,True,Matusu_2026,Matusu_2026_Aconity_TWO,C03,Matusu2026_C03_2,110.0,0.1,4.446804398190526,27977.209708132177,=,1,10000000,-0.12361181063782514,0.015037593984962405,0.015037593984962405,0
SYN:Wu_2021:29:Chen_2024:L10:0,Wu_2021,29,True,True,Chen_2024,Chen_2024,L10,Chen_2024:Chen2024-L10-T4-r02,99.0,0.1,3.8450179815770444,6998.709729380122,=,1,10000000,0.18543234355927507,0.1111111111111111,0.0,0
SYN:Wu_2021:29:Chen_2024:L10:1,Wu_2021,29,True,True,Chen_2024,Chen_2024,L10,Chen_2024:Chen2024-L10-T4-r08,81.0,0.1,4.980521114914527,95613.9180312948,=,1,10000000,0.18543234355927507,0.1111111111111111,0.0,0
SYN:Wu_2021:29:Chen_2024:L10:2,Wu_2021,29,True,True,Chen_2024,Chen_2024,L10,Chen_2024:Chen2024-L10-T4-r08,81.0,0.1,5.1440121607679625,139319.58135579643,=,1,10000000,0.18543234355927507,0.1111111111111111,0.0,0
SYN:Wu_2021:29:Chen_2024:L10:3,Wu_2021,29,True,True,Chen_2024,Chen_2024,L10,Chen_2024:Chen2024-L10-T4-r04,90.0,0.1,4.606654071572792,40425.37633176172,=,1,10000000,0.18543234355927507,0.1111111111111111,0.0,0
SYN:Wu_2021:29:Chen_2024:L10:4,Wu_2021,29,True,True,Chen_2024,Chen_2024,L10,Chen_2024:Chen2024-L10-T4-r01,99.0,0.1,3.4885186482573314,3079.7725816320385,=,1,10000000,0.18543234355927507,0.1111111111111111,0.0,0
SYN:Wu_2021:29:Chen_2024:L10:5,Wu_2021,29,True,True,Chen_2024,Chen_2024,L10,Chen_2024:Chen2024-L10-T4-r03,90.0,0.1,6.021297308864252,1050261.1693046833,=,1,10000000,0.18543234355927507,0.1111111111111111,0.0,0
SYN:Wu_2021:29:Chen_2024:L10:6,Wu_2021,29,True,True,Chen_2024,Chen_2024,L10,Chen_2024:Chen2024-L10-T4-r08,81.0,0.1,4.723905665191142,52954.84061106355,=,1,10000000,0.18543234355927507,0.1111111111111111,0.0,0
SYN:Wu_2021:29:Chen_2024:L10:7,Wu_2021,29,True,True,Chen_2024,Chen_2024,L10,Chen_2024:Chen2024-L10-T4-r08,81.0,0.1,5.787546970399662,613122.0997682497,=,1,10000000,0.18543234355927507,0.1111111111111111,0.0,0
SYN:Wu_2021:29:Chen_2024:L10:8,Wu_2021,29,True,True,Chen_2024,Chen_2024,L10,Chen_2024:Chen2024-L10-T4-r07,81.0,0.1,4.936862031973766,86469.31767108798,=,1,10000000,0.18543234355927507,0.1111111111111111,0.0,0
SYN:Wu_2021:29:Chen_2024:L40:0,Wu_2021,29,True,True,Chen_2024,Chen_2024,L40,Chen_2024:Chen2024-L40-T3-r01,99.0,0.1,4.978771269250305,95229.44850702118,=,1,10000000,0.18543234355927507,0.1111111111111111,0.0,0
SYN:Wu_2021:29:Chen_2024:L40:1,Wu_2021,29,True,True,Chen_2024,Chen_2024,L40,Chen_2024:Chen2024-L40-T3-r05,81.0,0.1,5.356167259713026,227073.92126632715,=,1,10000000,0.18543234355927507,0.1111111111111111,0.0,0
SYN:Wu_2021:29:Chen_2024:L40:2,Wu_2021,29,True,True,Chen_2024,Chen_2024,L40,Chen_2024:Chen2024-L40-T3-r08,72.0,0.1,5.152077954073424,141931.225953974,=,1,10000000,0.18543234355927507,0.1111111111111111,0.0,0
SYN:Wu_2021:29:Chen_2024:L40:3,Wu_2021,29,True,True,Chen_2024,Chen_2024,L40,Chen_2024:Chen2024-L40-T3-r09,67.5,0.1,5.668595531802605,466224.97227904876,=,1,10000000,0.18543234355927507,0.1111111111111111,0.0,0
SYN:Wu_2021:29:Chen_2024:L40:4,Wu_2021,29,True,True,Chen_2024,Chen_2024,L40,Chen_2024:Chen2024-L40-T3-r09,67.5,0.1,5.5411424055028515,347650.1375098105,=,1,10000000,0.18543234355927507,0.1111111111111111,0.0,0
SYN:Wu_2021:29:Chen_2024:L40:5,Wu_2021,29,True,True,Chen_2024,Chen_2024,L40,Chen_2024:Chen2024-L40-T3-r02,90.0,0.1,5.21832982063471,165321.68407284736,=,1,10000000,0.18543234355927507,0.1111111111111111,0.0,0
SYN:Wu_2021:29:Chen_2024:L40:6,Wu_2021,29,True,True,Chen_2024,Chen_2024,L40,Chen_2024:Chen2024-L40-T3-r03,90.0,0.1,3.825773196541195,6695.348640534977,=,1,10000000,0.18543234355927507,0.1111111111111111,0.0,0
SYN:Wu_2021:29:Chen_2024:L40:7,Wu_2021,29,True,True,Chen_2024,Chen_2024,L40,Chen_2024:Chen2024-L40-T3-r03,90.0,0.1,4.367660339562965,23316.337850671123,=,1,10000000,0.18543234355927507,0.1111111111111111,0.0,0
SYN:Wu_2021:29:Chen_2024:L40:8,Wu_2021,29,True,True,Chen_2024,Chen_2024,L40,Chen_2024:Chen2024-L40-T3-r07,72.0,0.1,5.499930700176741,316177.30997637706,=,1,10000000,0.18543234355927507,0.1111111111111111,0.0,0
SYN:Wu_2021:29:Matusu_2026:71:0,Wu_2021,29,True,True,Matusu_2026,Matusu_2026_Eckart_CLM2,71,Matusu2026_71_12,50.0,0.1,6.808986538919458,6441492.99615667,=,1,10000000,-0.061802981238033655,0.015037593984962405,0.015037593984962405,0
SYN:Wu_2021:29:Matusu_2026:71:1,Wu_2021,29,True,True,Matusu_2026,Matusu_2026_Eckart_CLM2,71,Matusu2026_71_3,90.0,0.1,4.951917832785085,89519.53812422966,=,1,10000000,-0.061802981238033655,0.015037593984962405,0.015037593984962405,0
SYN:Wu_2021:29:Matusu_2026:71:2,Wu_2021,29,True,True,Matusu_2026,Matusu_2026_Eckart_CLM2,71,Matusu2026_71_4,80.0,0.1,4.513192504336681,32598.11626157831,=,1,10000000,-0.061802981238033655,0.015037593984962405,0.015037593984962405,0
SYN:Wu_2021:29:Matusu_2026:71:3,Wu_2021,29,True,True,Matusu_2026,Matusu_2026_Eckart_CLM2,71,Matusu2026_71_19,40.0,0.1,6.4602491279483125,2885686.3686570455,=,1,10000000,-0.061802981238033655,0.015037593984962405,0.015037593984962405,0
SYN:Wu_2021:29:Matusu_2026:71:4,Wu_2021,29,True,True,Matusu_2026,Matusu_2026_Eckart_CLM2,71,Matusu2026_71_11,70.0,0.1,6.239856979898224,1737228.637432027,=,1,10000000,-0.061802981238033655,0.015037593984962405,0.015037593984962405,0
SYN:Wu_2021:29:Matusu_2026:71:5,Wu_2021,29,True,True,Matusu_2026,Matusu_2026_Eckart_CLM2,71,Matusu2026_71_11,70.0,0.1,6.35701948743567,2275199.520048803,=,1,10000000,-0.061802981238033655,0.015037593984962405,0.015037593984962405,0
SYN:Wu_2021:29:Matusu_2026:71:6,Wu_2021,29,True,True,Matusu_2026,Matusu_2026_Eckart_CLM2,71,Matusu2026_71_4,80.0,0.1,4.710193181152621,51308.95637076634,=,1,10000000,-0.061802981238033655,0.015037593984962405,0.015037593984962405,0
SYN:Wu_2021:29:Matusu_2026:71:7,Wu_2021,29,True,True,Matusu_2026,Matusu_2026_Eckart_CLM2,71,Matusu2026_71_3,90.0,0.1,4.492804675133876,31103.171507380284,=,1,10000000,-0.061802981238033655,0.015037593984962405,0.015037593984962405,0
SYN:Wu_2021:29:Matusu_2026:71:8,Wu_2021,29,True,True,Matusu_2026,Matusu_2026_Eckart_CLM2,71,Matusu2026_71_32,60.0,0.1,3.2634320768131326,1834.1382874416863,=,1,10000000,-0.061802981238033655,0.015037593984962405,0.015037593984962405,0
SYN:Wu_2021:29:Matusu_2026:71:9,Wu_2021,29,True,True,Matusu_2026,Matusu_2026_Eckart_CLM2,71,Matusu2026_71_3,90.0,0.1,4.446216878453162,27939.387330960275,=,1,10000000,-0.061802981238033655,0.015037593984962405,0.015037593984962405,0
SYN:Wu_2021:29:Matusu_2026:71:10,Wu_2021,29,True,True,Matusu_2026,Matusu_2026_Eckart_CLM2,71,Matusu2026_71_42,45.0,0.1,7.249517875676749,10000000,>=,0,10000000,-0.061802981238033655,0.015037593984962405,0.015037593984962405,0
SYN:Wu_2021:29:Matusu_2026:72:0,Wu_2021,29,True,True,Matusu_2026,Matusu_2026_Eckart_CLM2,72,Matusu2026_72_24,110.0,0.1,4.576002468836567,37670.594044044585,=,1,10000000,-0.061802981238033655,0.015037593984962405,0.015037593984962405,0
SYN:Wu_2021:29:Matusu_2026:72:1,Wu_2021,29,True,True,Matusu_2026,Matusu_2026_Eckart_CLM2,72,Matusu2026_72_50,50.0,0.1,5.148341537271245,140715.3700998848,=,1,10000000,-0.061802981238033655,0.015037593984962405,0.015037593984962405,0
SYN:Wu_2021:29:Matusu_2026:72:2,Wu_2021,29,True,True,Matusu_2026,Matusu_2026_Eckart_CLM2,72,Matusu2026_72_17,50.0,0.1,5.878888013936626,756637.7651869653,=,1,10000000,-0.061802981238033655,0.015037593984962405,0.015037593984962405,0
SYN:Wu_2021:29:Matusu_2026:72:3,Wu_2021,29,True,True,Matusu_2026,Matusu_2026_Eckart_CLM2,72,Matusu2026_72_26,45.0,0.1,5.287293857983954,193773.26543533054,=,1,10000000,-0.061802981238033655,0.015037593984962405,0.015037593984962405,0
SYN:Wu_2021:29:Matusu_2026:72:4,Wu_2021,29,True,True,Matusu_2026,Matusu_2026_Eckart_CLM2,72,Matusu2026_72_18,40.0,0.1,7.932832240844814,10000000,>=,0,10000000,-0.061802981238033655,0.015037593984962405,0.015037593984962405,0
SYN:Wu_2021:29:Matusu_2026:72:5,Wu_2021,29,True,True,Matusu_2026,Matusu_2026_Eckart_CLM2,72,Matusu2026_72_24,110.0,0.1,5.208906822326181,161773.29165819028,=,1,10000000,-0.061802981238033655,0.015037593984962405,0.015037593984962405,0
SYN:Wu_2021:29:Matusu_2026:72:6,Wu_2021,29,True,True,Matusu_2026,Matusu_2026_Eckart_CLM2,72,Matusu2026_72_53,47.5,0.1,6.613957680781171,4111096.591464852,=,1,10000000,-0.061802981238033655,0.015037593984962405,0.015037593984962405,0
SYN:Wu_2021:29:Matusu_2026:72:7,Wu_2021,29,True,True,Matusu_2026,Matusu_2026_Eckart_CLM2,72,Matusu2026_72_50,50.0,0.1,6.133805010910024,1360833.559633067,=,1,10000000,-0.061802981238033655,0.015037593984962405,0.015037593984962405,0
SYN:Wu_2021:29:Matusu_2026:72:8,Wu_2021,29,True,True,Matusu_2026,Matusu_2026_Eckart_CLM2,72,Matusu2026_72_23,100.0,0.1,4.3671714453673784,23290.104939708202,=,1,10000000,-0.061802981238033655,0.015037593984962405,0.015037593984962405,0
SYN:Wu_2021:29:Matusu_2026:72:9,Wu_2021,29,True,True,Matusu_2026,Matusu_2026_Eckart_CLM2,72,Matusu2026_72_10,60.0,0.1,6.262867601187484,1831755.908992265,=,1,10000000,-0.061802981238033655,0.015037593984962405,0.015037593984962405,0
SYN:Wu_2021:29:Matusu_2026:72:10,Wu_2021,29,True,True,Matusu_2026,Matusu_2026_Eckart_CLM2,72,Matusu2026_72_23,100.0,0.1,4.911412479943905,81547.84334209796,=,1,10000000,-0.061802981238033655,0.015037593984962405,0.015037593984962405,0
SYN:Wu_2021:29:Matusu_2026:73:0,Wu_2021,29,True,True,Matusu_2026,Matusu_2026_Eckart_CLM2,73,Matusu2026_73_14,60.0,0.1,5.326694347394851,212175.06670977268,=,1,10000000,-0.061802981238033655,0.015037593984962405,0.015037593984962405,0
SYN:Wu_2021:29:Matusu_2026:73:1,Wu_2021,29,True,True,Matusu_2026,Matusu_2026_Eckart_CLM2,73,Matusu2026_73_5,80.0,0.1,4.793395224073773,62143.4305230799,=,1,10000000,-0.061802981238033655,0.015037593984962405,0.015037593984962405,0
SYN:Wu_2021:29:Matusu_2026:73:2,Wu_2021,29,True,True,Matusu_2026,Matusu_2026_Eckart_CLM2,73,Matusu2026_73_54,35.0,0.1,6.872549143284723,7456742.452124365,=,1,10000000,-0.061802981238033655,0.015037593984962405,0.015037593984962405,0
SYN:Wu_2021:29:Matusu_2026:73:3,Wu_2021,29,True,True,Matusu_2026,Matusu_2026_Eckart_CLM2,73,Matusu2026_73_31,40.0,0.1,7.4468470402245,10000000,>=,0,10000000,-0.061802981238033655,0.015037593984962405,0.015037593984962405,0
SYN:Wu_2021:29:Matusu_2026:73:4,Wu_2021,29,True,True,Matusu_2026,Matusu_2026_Eckart_CLM2,73,Matusu2026_73_31,40.0,0.1,6.579805210299345,3800189.1206101757,=,1,10000000,-0.061802981238033655,0.015037593984962405,0.015037593984962405,0
SYN:Wu_2021:29:Matusu_2026:73:5,Wu_2021,29,True,True,Matusu_2026,Matusu_2026_Eckart_CLM2,73,Matusu2026_73_14,60.0,0.1,5.774245620852437,594628.363283664,=,1,10000000,-0.061802981238033655,0.015037593984962405,0.015037593984962405,0
SYN:Wu_2021:29:Matusu_2026:73:6,Wu_2021,29,True,True,Matusu_2026,Matusu_2026_Eckart_CLM2,73,Matusu2026_73_54,35.0,0.1,7.354838311017946,10000000,>=,0,10000000,-0.061802981238033655,0.015037593984962405,0.015037593984962405,0
SYN:Wu_2021:29:Matusu_2026:73:7,Wu_2021,29,True,True,Matusu_2026,Matusu_2026_Eckart_CLM2,73,Matusu2026_73_22,100.0,0.1,5.191065392407152,155262.07729244864,=,1,10000000,-0.061802981238033655,0.015037593984962405,0.015037593984962405,0
SYN:Wu_2021:29:Matusu_2026:73:8,Wu_2021,29,True,True,Matusu_2026,Matusu_2026_Eckart_CLM2,73,Matusu2026_73_47,35.0,0.1,8.409524649596513,10000000,>=,0,10000000,-0.061802981238033655,0.015037593984962405,0.015037593984962405,0
SYN:Wu_2021:29:Matusu_2026:73:9,Wu_2021,29,True,True,Matusu_2026,Matusu_2026_Eckart_CLM2,73,Matusu2026_73_6,90.0,0.1,5.139118471255043,137758.52093125886,=,1,10000000,-0.061802981238033655,0.015037593984962405,0.015037593984962405,0
SYN:Wu_2021:29:Matusu_2026:73:10,Wu_2021,29,True,True,Matusu_2026,Matusu_2026_Eckart_CLM2,73,Matusu2026_73_8,70.0,0.1,5.577793014175074,378262.26101937,=,1,10000000,-0.061802981238033655,0.015037593984962405,0.015037593984962405,0
SYN:Wu_2021:29:Matusu_2026:74:0,Wu_2021,29,True,True,Matusu_2026,Matusu_2026_Eckart_CLM2,74,Matusu2026_74_40,110.0,0.1,5.5373049015372136,344591.7705562761,=,1,10000000,-0.061802981238033655,0.015037593984962405,0.015037593984962405,0
SYN:Wu_2021:29:Matusu_2026:74:1,Wu_2021,29,True,True,Matusu_2026,Matusu_2026_Eckart_CLM2,74,Matusu2026_74_13,80.0,0.1,4.770605523829121,58966.5235101745,=,1,10000000,-0.061802981238033655,0.015037593984962405,0.015037593984962405,0
SYN:Wu_2021:29:Matusu_2026:74:2,Wu_2021,29,True,True,Matusu_2026,Matusu_2026_Eckart_CLM2,74,Matusu2026_74_25,60.0,0.1,6.343284835717389,2204371.7449464276,=,1,10000000,-0.061802981238033655,0.015037593984962405,0.015037593984962405,0
SYN:Wu_2021:29:Matusu_2026:74:3,Wu_2021,29,True,True,Matusu_2026,Matusu_2026_Eckart_CLM2,74,Matusu2026_74_7,100.0,0.1,4.538442679278144,34549.572602490276,=,1,10000000,-0.061802981238033655,0.015037593984962405,0.015037593984962405,0
SYN:Wu_2021:29:Matusu_2026:74:4,Wu_2021,29,True,True,Matusu_2026,Matusu_2026_Eckart_CLM2,74,Matusu2026_74_20,70.0,0.1,6.394897899938767,2482549.404020221,=,1,10000000,-0.061802981238033655,0.015037593984962405,0.015037593984962405,0
SYN:Wu_2021:29:Matusu_2026:74:5,Wu_2021,29,True,True,Matusu_2026,Matusu_2026_Eckart_CLM2,74,Matusu2026_74_7,100.0,0.1,4.201326730960565,15897.42303030408,=,1,10000000,-0.061802981238033655,0.015037593984962405,0.015037593984962405,0
SYN:Wu_2021:29:Matusu_2026:74:6,Wu_2021,29,True,True,Matusu_2026,Matusu_2026_Eckart_CLM2,74,Matusu2026_74_25,60.0,0.1,6.678634021797092,4771270.311785418,=,1,10000000,-0.061802981238033655,0.015037593984962405,0.015037593984962405,0
SYN:Wu_2021:29:Matusu_2026:74:7,Wu_2021,29,True,True,Matusu_2026,Matusu_2026_Eckart_CLM2,74,Matusu2026_74_55,30.0,0.1,8.110249662284136,10000000,>=,0,10000000,-0.061802981238033655,0.015037593984962405,0.015037593984962405,0
SYN:Wu_2021:29:Matusu_2026:74:8,Wu_2021,29,True,True,Matusu_2026,Matusu_2026_Eckart_CLM2,74,Matusu2026_74_25,60.0,0.1,5.8360781188848,685611.5399978245,=,1,10000000,-0.061802981238033655,0.015037593984962405,0.015037593984962405,0
SYN:Wu_2021:29:Matusu_2026:74:9,Wu_2021,29,True,True,Matusu_2026,Matusu_2026_Eckart_CLM2,74,Matusu2026_74_56,35.0,0.1,7.852153789099006,10000000,>=,0,10000000,-0.061802981238033655,0.015037593984962405,0.015037593984962405,0
SYN:Wu_2021:29:Matusu_2026:74:10,Wu_2021,29,True,True,Matusu_2026,Matusu_2026_Eckart_CLM2,74,Matusu2026_74_7,100.0,0.1,4.69524951975192,49573.492877481614,=,1,10000000,-0.061802981238033655,0.015037593984962405,0.015037593984962405,0
SYN:Wu_2021:29:Matusu_2026:91:0,Wu_2021,29,True,True,Matusu_2026,Matusu_2026_GE_virgin_CLM2,91,Matusu2026_91_5,45.0,0.1,6.719288675227793,5239485.891125321,=,1,10000000,-0.061802981238033655,0.015037593984962405,0.015037593984962405,0
SYN:Wu_2021:29:Matusu_2026:91:1,Wu_2021,29,True,True,Matusu_2026,Matusu_2026_GE_virgin_CLM2,91,Matusu2026_91_18,90.0,0.1,5.578085276833298,378516.9019263124,=,1,10000000,-0.061802981238033655,0.015037593984962405,0.015037593984962405,0
SYN:Wu_2021:29:Matusu_2026:91:2,Wu_2021,29,True,True,Matusu_2026,Matusu_2026_GE_virgin_CLM2,91,Matusu2026_91_34,140.0,0.1,3.274814472353647,1882.8445792739674,=,1,10000000,-0.061802981238033655,0.015037593984962405,0.015037593984962405,0
SYN:Wu_2021:29:Matusu_2026:91:3,Wu_2021,29,True,True,Matusu_2026,Matusu_2026_GE_virgin_CLM2,91,Matusu2026_91_1,55.0,0.1,6.752885465303327,5660899.767701423,=,1,10000000,-0.061802981238033655,0.015037593984962405,0.015037593984962405,0
SYN:Wu_2021:29:Matusu_2026:91:4,Wu_2021,29,True,True,Matusu_2026,Matusu_2026_GE_virgin_CLM2,91,Matusu2026_91_27,140.0,0.1,3.5989745115073934,3971.6823921057385,=,1,10000000,-0.061802981238033655,0.015037593984962405,0.015037593984962405,0
SYN:Wu_2021:29:Matusu_2026:91:5,Wu_2021,29,True,True,Matusu_2026,Matusu_2026_GE_virgin_CLM2,91,Matusu2026_91_34,140.0,0.1,3.206859036611274,1610.1229363332766,=,1,10000000,-0.061802981238033655,0.015037593984962405,0.015037593984962405,0
SYN:Wu_2021:29:Matusu_2026:91:6,Wu_2021,29,True,True,Matusu_2026,Matusu_2026_GE_virgin_CLM2,91,Matusu2026_91_13,60.0,0.1,7.239553032357239,10000000,>=,0,10000000,-0.061802981238033655,0.015037593984962405,0.015037593984962405,0
SYN:Wu_2021:29:Matusu_2026:91:7,Wu_2021,29,True,True,Matusu_2026,Matusu_2026_GE_virgin_CLM2,91,Matusu2026_91_18,90.0,0.1,4.850493638238822,70875.09242397406,=,1,10000000,-0.061802981238033655,0.015037593984962405,0.015037593984962405,0
SYN:Wu_2021:29:Matusu_2026:91:8,Wu_2021,29,True,True,Matusu_2026,Matusu_2026_GE_virgin_CLM2,91,Matusu2026_91_1,55.0,0.1,5.990288122008004,977885.7600945832,=,1,10000000,-0.061802981238033655,0.015037593984962405,0.015037593984962405,0
SYN:Wu_2021:29:Matusu_2026:91:9,Wu_2021,29,True,True,Matusu_2026,Matusu_2026_GE_virgin_CLM2,91,Matusu2026_91_18,90.0,0.1,4.578655329655961,37901.40675862718,=,1,10000000,-0.061802981238033655,0.015037593984962405,0.015037593984962405,0
SYN:Wu_2021:29:Matusu_2026:91:10,Wu_2021,29,True,True,Matusu_2026,Matusu_2026_GE_virgin_CLM2,91,Matusu2026_91_9,120.0,0.1,3.6363259039594924,4328.385205674116,=,1,10000000,-0.061802981238033655,0.015037593984962405,0.015037593984962405,0
SYN:Wu_2021:29:Matusu_2026:91:11,Wu_2021,29,True,True,Matusu_2026,Matusu_2026_GE_virgin_CLM2,91,Matusu2026_91_34,140.0,0.1,3.1649141043648776,1461.8880107142961,=,1,10000000,-0.061802981238033655,0.015037593984962405,0.015037593984962405,0
SYN:Wu_2021:29:Matusu_2026:91:12,Wu_2021,29,True,True,Matusu_2026,Matusu_2026_GE_virgin_CLM2,91,Matusu2026_91_3,130.0,0.1,3.3815268193136907,2407.2811731044867,=,1,10000000,-0.061802981238033655,0.015037593984962405,0.015037593984962405,0
SYN:Wu_2021:29:Matusu_2026:91:13,Wu_2021,29,True,True,Matusu_2026,Matusu_2026_GE_virgin_CLM2,91,Matusu2026_91_30,70.0,0.1,5.408897264404628,256387.74604602563,=,1,10000000,-0.061802981238033655,0.015037593984962405,0.015037593984962405,0
SYN:Wu_2021:29:Matusu_2026:91:14,Wu_2021,29,True,True,Matusu_2026,Matusu_2026_GE_virgin_CLM2,91,Matusu2026_91_18,90.0,0.1,5.911050921183325,814799.8139898647,=,1,10000000,-0.061802981238033655,0.015037593984962405,0.015037593984962405,0
SYN:Wu_2021:29:Matusu_2026:92:0,Wu_2021,29,True,True,Matusu_2026,Matusu_2026_GE_virgin_CLM2,92,Matusu2026_92_26,140.0,0.1,3.8988937022131336,7923.073818293792,=,1,10000000,-0.061802981238033655,0.015037593984962405,0.015037593984962405,0
SYN:Wu_2021:29:Matusu_2026:92:1,Wu_2021,29,True,True,Matusu_2026,Matusu_2026_GE_virgin_CLM2,92,Matusu2026_92_23,70.0,0.1,5.609635511349853,407038.5207665603,=,1,10000000,-0.061802981238033655,0.015037593984962405,0.015037593984962405,0
SYN:Wu_2021:29:Matusu_2026:92:2,Wu_2021,29,True,True,Matusu_2026,Matusu_2026_GE_virgin_CLM2,92,Matusu2026_92_14,80.0,0.1,5.203299052833563,159697.843943421,=,1,10000000,-0.061802981238033655,0.015037593984962405,0.015037593984962405,0
SYN:Wu_2021:29:Matusu_2026:92:3,Wu_2021,29,True,True,Matusu_2026,Matusu_2026_GE_virgin_CLM2,92,Matusu2026_92_29,55.0,0.1,7.552338436280005,10000000,>=,0,10000000,-0.061802981238033655,0.015037593984962405,0.015037593984962405,0
SYN:Wu_2021:29:Matusu_2026:92:4,Wu_2021,29,True,True,Matusu_2026,Matusu_2026_GE_virgin_CLM2,92,Matusu2026_92_31,60.0,0.1,5.646158658024938,442750.08987932565,=,1,10000000,-0.061802981238033655,0.015037593984962405,0.015037593984962405,0
SYN:Wu_2021:29:Matusu_2026:92:5,Wu_2021,29,True,True,Matusu_2026,Matusu_2026_GE_virgin_CLM2,92,Matusu2026_92_2,90.0,0.1,5.347753958514982,222717.30282107406,=,1,10000000,-0.061802981238033655,0.015037593984962405,0.015037593984962405,0
SYN:Wu_2021:29:Matusu_2026:92:6,Wu_2021,29,True,True,Matusu_2026,Matusu_2026_GE_virgin_CLM2,92,Matusu2026_92_14,80.0,0.1,4.763908753286696,58064.240980554714,=,1,10000000,-0.061802981238033655,0.015037593984962405,0.015037593984962405,0
SYN:Wu_2021:29:Matusu_2026:92:7,Wu_2021,29,True,True,Matusu_2026,Matusu_2026_GE_virgin_CLM2,92,Matusu2026_92_23,70.0,0.1,5.955792837136001,903218.5265674242,=,1,10000000,-0.061802981238033655,0.015037593984962405,0.015037593984962405,0
SYN:Wu_2021:29:Matusu_2026:92:8,Wu_2021,29,True,True,Matusu_2026,Matusu_2026_GE_virgin_CLM2,92,Matusu2026_92_35,110.0,0.1,3.505704475821588,3204.0882979491284,=,1,10000000,-0.061802981238033655,0.015037593984962405,0.015037593984962405,0
SYN:Wu_2021:29:Matusu_2026:92:9,Wu_2021,29,True,True,Matusu_2026,Matusu_2026_GE_virgin_CLM2,92,Matusu2026_92_14,80.0,0.1,6.110885258963089,1290878.1772497306,=,1,10000000,-0.061802981238033655,0.015037593984962405,0.015037593984962405,0
SYN:Wu_2021:29:Matusu_2026:92:10,Wu_2021,29,True,True,Matusu_2026,Matusu_2026_GE_virgin_CLM2,92,Matusu2026_92_8,130.0,0.1,3.040270689872258,1097.1618291891446,=,1,10000000,-0.061802981238033655,0.015037593984962405,0.015037593984962405,0
SYN:Wu_2021:29:Matusu_2026:92:11,Wu_2021,29,True,True,Matusu_2026,Matusu_2026_GE_virgin_CLM2,92,Matusu2026_92_7,150.0,0.1,4.385685522527245,24304.434605473576,=,1,10000000,-0.061802981238033655,0.015037593984962405,0.015037593984962405,0
SYN:Wu_2021:29:Matusu_2026:92:12,Wu_2021,29,True,True,Matusu_2026,Matusu_2026_GE_virgin_CLM2,92,Matusu2026_92_26,140.0,0.1,2.107127912015353,127.97581736544338,=,1,10000000,-0.061802981238033655,0.015037593984962405,0.015037593984962405,0
SYN:Wu_2021:29:Matusu_2026:92:13,Wu_2021,29,True,True,Matusu_2026,Matusu_2026_GE_virgin_CLM2,92,Matusu2026_92_31,60.0,0.1,6.706410614597107,5086401.21834381,=,1,10000000,-0.061802981238033655,0.015037593984962405,0.015037593984962405,0
SYN:Wu_2021:29:Matusu_2026:93:0,Wu_2021,29,True,True,Matusu_2026,Matusu_2026_GE_virgin_CLM2,93,Matusu2026_93_35,60.0,0.1,4.835521497119616,68473.33758334944,=,1,10000000,-0.061802981238033655,0.015037593984962405,0.015037593984962405,0
SYN:Wu_2021:29:Matusu_2026:93:1,Wu_2021,29,True,True,Matusu_2026,Matusu_2026_GE_virgin_CLM2,93,Matusu2026_93_2,130.0,0.1,4.028522801190752,10678.808566084266,=,1,10000000,-0.061802981238033655,0.015037593984962405,0.015037593984962405,0
SYN:Wu_2021:29:Matusu_2026:93:2,Wu_2021,29,True,True,Matusu_2026,Matusu_2026_GE_virgin_CLM2,93,Matusu2026_93_35,60.0,0.1,5.803023742341951,635365.6655570766,=,1,10000000,-0.061802981238033655,0.015037593984962405,0.015037593984962405,0
SYN:Wu_2021:29:Matusu_2026:93:3,Wu_2021,29,True,True,Matusu_2026,Matusu_2026_GE_virgin_CLM2,93,Matusu2026_93_2,130.0,0.1,3.8296633624940197,6755.591218539189,=,1,10000000,-0.061802981238033655,0.015037593984962405,0.015037593984962405,0
SYN:Wu_2021:29:Matusu_2026:93:4,Wu_2021,29,True,True,Matusu_2026,Matusu_2026_GE_virgin_CLM2,93,Matusu2026_93_26,70.0,0.1,4.992662541847927,98324.68004200202,=,1,10000000,-0.061802981238033655,0.015037593984962405,0.015037593984962405,0
SYN:Wu_2021:29:Matusu_2026:93:5,Wu_2021,29,True,True,Matusu_2026,Matusu_2026_GE_virgin_CLM2,93,Matusu2026_93_28,140.0,0.1,2.0766635563357605,119.30634918119372,=,1,10000000,-0.061802981238033655,0.015037593984962405,0.015037593984962405,0
SYN:Wu_2021:29:Matusu_2026:93:6,Wu_2021,29,True,True,Matusu_2026,Matusu_2026_GE_virgin_CLM2,93,Matusu2026_93_26,70.0,0.1,6.149528426656232,1411004.5904516056,=,1,10000000,-0.061802981238033655,0.015037593984962405,0.015037593984962405,0
SYN:Wu_2021:29:Matusu_2026:93:7,Wu_2021,29,True,True,Matusu_2026,Matusu_2026_GE_virgin_CLM2,93,Matusu2026_93_14,80.0,0.1,3.929255514883061,8496.802329203038,=,1,10000000,-0.061802981238033655,0.015037593984962405,0.015037593984962405,0
SYN:Wu_2021:29:Matusu_2026:93:8,Wu_2021,29,True,True,Matusu_2026,Matusu_2026_GE_virgin_CLM2,93,Matusu2026_93_8,130.0,0.1,4.433263833935537,27118.385737509947,=,1,10000000,-0.061802981238033655,0.015037593984962405,0.015037593984962405,0
SYN:Wu_2021:29:Matusu_2026:93:9,Wu_2021,29,True,True,Matusu_2026,Matusu_2026_GE_virgin_CLM2,93,Matusu2026_93_15,100.0,0.1,4.039747451251873,10958.407630003585,=,1,10000000,-0.061802981238033655,0.015037593984962405,0.015037593984962405,0
SYN:Wu_2021:29:Matusu_2026:93:10,Wu_2021,29,True,True,Matusu_2026,Matusu_2026_GE_virgin_CLM2,93,Matusu2026_93_35,60.0,0.1,5.98358237222389,962902.6284859319,=,1,10000000,-0.061802981238033655,0.015037593984962405,0.015037593984962405,0
SYN:Wu_2021:29:Matusu_2026:93:11,Wu_2021,29,True,True,Matusu_2026,Matusu_2026_GE_virgin_CLM2,93,Matusu2026_93_7,90.0,0.1,5.011952862445943,102790.47251128701,=,1,10000000,-0.061802981238033655,0.015037593984962405,0.015037593984962405,0
SYN:Wu_2021:29:Matusu_2026:93:12,Wu_2021,29,True,True,Matusu_2026,Matusu_2026_GE_virgin_CLM2,93,Matusu2026_93_17,70.0,0.1,5.492465189729496,310788.6784410671,=,1,10000000,-0.061802981238033655,0.015037593984962405,0.015037593984962405,0
SYN:Wu_2021:29:Matusu_2026:93:13,Wu_2021,29,True,True,Matusu_2026,Matusu_2026_GE_virgin_CLM2,93,Matusu2026_93_4,75.0,0.1,4.939302273990356,86956.5446336305,=,1,10000000,-0.061802981238033655,0.015037593984962405,0.015037593984962405,0
SYN:Wu_2021:29:Matusu_2026:93:14,Wu_2021,29,True,True,Matusu_2026,Matusu_2026_GE_virgin_CLM2,93,Matusu2026_93_15,100.0,0.1,4.738391387524575,54750.915756525916,=,1,10000000,-0.061802981238033655,0.015037593984962405,0.015037593984962405,0
SYN:Wu_2021:29:Matusu_2026:94:0,Wu_2021,29,True,True,Matusu_2026,Matusu_2026_GE_virgin_CLM2,94,Matusu2026_94_27,100.0,0.1,3.368368648109171,2335.4396442257307,=,1,10000000,-0.061802981238033655,0.015037593984962405,0.015037593984962405,0
SYN:Wu_2021:29:Matusu_2026:94:1,Wu_2021,29,True,True,Matusu_2026,Matusu_2026_GE_virgin_CLM2,94,Matusu2026_94_18,140.0,0.1,2.5763663976963906,377.0217437168995,=,1,10000000,-0.061802981238033655,0.015037593984962405,0.015037593984962405,0
SYN:Wu_2021:29:Matusu_2026:94:2,Wu_2021,29,True,True,Matusu_2026,Matusu_2026_GE_virgin_CLM2,94,Matusu2026_94_1,140.0,0.1,3.947003632525601,8851.230131451595,=,1,10000000,-0.061802981238033655,0.015037593984962405,0.015037593984962405,0
SYN:Wu_2021:29:Matusu_2026:94:3,Wu_2021,29,True,True,Matusu_2026,Matusu_2026_GE_virgin_CLM2,94,Matusu2026_94_13,90.0,0.1,5.56301239803341,365605.2285892519,=,1,10000000,-0.061802981238033655,0.015037593984962405,0.015037593984962405,0
SYN:Wu_2021:29:Matusu_2026:94:4,Wu_2021,29,True,True,Matusu_2026,Matusu_2026_GE_virgin_CLM2,94,Matusu2026_94_19,90.0,0.1,4.21520683366004,16413.71293613697,=,1,10000000,-0.061802981238033655,0.015037593984962405,0.015037593984962405,0
SYN:Wu_2021:29:Matusu_2026:94:5,Wu_2021,29,True,True,Matusu_2026,Matusu_2026_GE_virgin_CLM2,94,Matusu2026_94_20,70.0,0.1,6.728246418456476,5348677.569939225,=,1,10000000,-0.061802981238033655,0.015037593984962405,0.015037593984962405,0
SYN:Wu_2021:29:Matusu_2026:94:6,Wu_2021,29,True,True,Matusu_2026,Matusu_2026_GE_virgin_CLM2,94,Matusu2026_94_20,70.0,0.1,6.233941885594537,1713727.9724602462,=,1,10000000,-0.061802981238033655,0.015037593984962405,0.015037593984962405,0
SYN:Wu_2021:29:Matusu_2026:94:7,Wu_2021,29,True,True,Matusu_2026,Matusu_2026_GE_virgin_CLM2,94,Matusu2026_94_5,85.0,0.1,5.314288573887489,206199.95866451738,=,1,10000000,-0.061802981238033655,0.015037593984962405,0.015037593984962405,0
SYN:Wu_2021:29:Matusu_2026:94:8,Wu_2021,29,True,True,Matusu_2026,Matusu_2026_GE_virgin_CLM2,94,Matusu2026_94_9,125.0,0.1,4.243069764714271,17501.27805159823,=,1,10000000,-0.061802981238033655,0.015037593984962405,0.015037593984962405,0
SYN:Wu_2021:29:Matusu_2026:94:9,Wu_2021,29,True,True,Matusu_2026,Matusu_2026_GE_virgin_CLM2,94,Matusu2026_94_9,125.0,0.1,4.239421590357155,17354.879011386132,=,1,10000000,-0.061802981238033655,0.015037593984962405,0.015037593984962405,0
SYN:Wu_2021:29:Matusu_2026:94:10,Wu_2021,29,True,True,Matusu_2026,Matusu_2026_GE_virgin_CLM2,94,Matusu2026_94_30,75.0,0.1,6.190169812702156,1549422.3373181983,=,1,10000000,-0.061802981238033655,0.015037593984962405,0.015037593984962405,0
SYN:Wu_2021:29:Matusu_2026:94:11,Wu_2021,29,True,True,Matusu_2026,Matusu_2026_GE_virgin_CLM2,94,Matusu2026_94_13,90.0,0.1,3.012144814311434,1028.3591445169134,=,1,10000000,-0.061802981238033655,0.015037593984962405,0.015037593984962405,0
SYN:Wu_2021:29:Matusu_2026:94:12,Wu_2021,29,True,True,Matusu_2026,Matusu_2026_GE_virgin_CLM2,94,Matusu2026_94_9,125.0,0.1,4.188004552161437,15417.166127361153,=,1,10000000,-0.061802981238033655,0.015037593984962405,0.015037593984962405,0
SYN:Wu_2021:29:Matusu_2026:94:13,Wu_2021,29,True,True,Matusu_2026,Matusu_2026_GE_virgin_CLM2,94,Matusu2026_94_19,90.0,0.1,4.950615013423351,89251.395115071,=,1,10000000,-0.061802981238033655,0.015037593984962405,0.015037593984962405,0
SYN:Wu_2021:29:Matusu_2026:94:14,Wu_2021,29,True,True,Matusu_2026,Matusu_2026_GE_virgin_CLM2,94,Matusu2026_94_21,110.0,0.1,4.132026357426972,13552.716615883304,=,1,10000000,-0.061802981238033655,0.015037593984962405,0.015037593984962405,0
SYN:Wu_2021:29:Matusu_2026:C01:0,Wu_2021,29,True,True,Matusu_2026,Matusu_2026_Aconity_TWO,C01,Matusu2026_C01_4,90.0,0.1,5.265768692414971,184403.30156492654,=,1,10000000,-0.061802981238033655,0.015037593984962405,0.015037593984962405,0
SYN:Wu_2021:29:Matusu_2026:C01:1,Wu_2021,29,True,True,Matusu_2026,Matusu_2026_Aconity_TWO,C01,Matusu2026_C01_7,40.0,0.1,7.388562495951821,10000000,>=,0,10000000,-0.061802981238033655,0.015037593984962405,0.015037593984962405,0
SYN:Wu_2021:29:Matusu_2026:C01:2,Wu_2021,29,True,True,Matusu_2026,Matusu_2026_Aconity_TWO,C01,Matusu2026_C01_1,60.0,0.1,6.17026901840515,1480024.8875968077,=,1,10000000,-0.061802981238033655,0.015037593984962405,0.015037593984962405,0
SYN:Wu_2021:29:Matusu_2026:C01:3,Wu_2021,29,True,True,Matusu_2026,Matusu_2026_Aconity_TWO,C01,Matusu2026_C01_10,43.0,0.1,6.545124981352414,3508528.2792222337,=,1,10000000,-0.061802981238033655,0.015037593984962405,0.015037593984962405,0
SYN:Wu_2021:29:Matusu_2026:C01:4,Wu_2021,29,True,True,Matusu_2026,Matusu_2026_Aconity_TWO,C01,Matusu2026_C01_10,43.0,0.1,8.041292147651065,10000000,>=,0,10000000,-0.061802981238033655,0.015037593984962405,0.015037593984962405,0
SYN:Wu_2021:29:Matusu_2026:C01:5,Wu_2021,29,True,True,Matusu_2026,Matusu_2026_Aconity_TWO,C01,Matusu2026_C01_2,50.0,0.1,3.527916253588232,3372.222747251093,=,1,10000000,-0.061802981238033655,0.015037593984962405,0.015037593984962405,0
SYN:Wu_2021:29:Matusu_2026:C01:6,Wu_2021,29,True,True,Matusu_2026,Matusu_2026_Aconity_TWO,C01,Matusu2026_C01_10,43.0,0.1,5.915719109434792,823605.2558932998,=,1,10000000,-0.061802981238033655,0.015037593984962405,0.015037593984962405,0
SYN:Wu_2021:29:Matusu_2026:C01:7,Wu_2021,29,True,True,Matusu_2026,Matusu_2026_Aconity_TWO,C01,Matusu2026_C01_3,70.0,0.1,5.759433539955993,574689.867379356,=,1,10000000,-0.061802981238033655,0.015037593984962405,0.015037593984962405,0
SYN:Wu_2021:29:Matusu_2026:C01:8,Wu_2021,29,True,True,Matusu_2026,Matusu_2026_Aconity_TWO,C01,Matusu2026_C01_4,90.0,0.1,5.818607501328877,658578.4283178294,=,1,10000000,-0.061802981238033655,0.015037593984962405,0.015037593984962405,0
SYN:Wu_2021:29:Matusu_2026:C01:9,Wu_2021,29,True,True,Matusu_2026,Matusu_2026_Aconity_TWO,C01,Matusu2026_C01_5,110.0,0.1,2.0969258149747163,125.00454825435335,=,1,10000000,-0.061802981238033655,0.015037593984962405,0.015037593984962405,0
SYN:Wu_2021:29:Matusu_2026:C02:0,Wu_2021,29,True,True,Matusu_2026,Matusu_2026_Aconity_TWO,C02,Matusu2026_C02_7,70.0,0.1,5.894742057678891,784769.3948276014,=,1,10000000,-0.061802981238033655,0.015037593984962405,0.015037593984962405,0
SYN:Wu_2021:29:Matusu_2026:C02:1,Wu_2021,29,True,True,Matusu_2026,Matusu_2026_Aconity_TWO,C02,Matusu2026_C02_3,80.0,0.1,5.49955434080796,315903.4295758874,=,1,10000000,-0.061802981238033655,0.015037593984962405,0.015037593984962405,0
SYN:Wu_2021:29:Matusu_2026:C02:2,Wu_2021,29,True,True,Matusu_2026,Matusu_2026_Aconity_TWO,C02,Matusu2026_C02_10,70.0,0.1,6.337323256413542,2174318.977545325,=,1,10000000,-0.061802981238033655,0.015037593984962405,0.015037593984962405,0
SYN:Wu_2021:29:Matusu_2026:C02:3,Wu_2021,29,True,True,Matusu_2026,Matusu_2026_Aconity_TWO,C02,Matusu2026_C02_4,90.0,0.1,4.146826356905246,14022.529324756726,=,1,10000000,-0.061802981238033655,0.015037593984962405,0.015037593984962405,0
SYN:Wu_2021:29:Matusu_2026:C02:4,Wu_2021,29,True,True,Matusu_2026,Matusu_2026_Aconity_TWO,C02,Matusu2026_C02_4,90.0,0.1,5.0859175550887885,121875.82122625665,=,1,10000000,-0.061802981238033655,0.015037593984962405,0.015037593984962405,0
SYN:Wu_2021:29:Matusu_2026:C02:5,Wu_2021,29,True,True,Matusu_2026,Matusu_2026_Aconity_TWO,C02,Matusu2026_C02_2,60.0,0.1,4.643401684138523,43994.834077620355,=,1,10000000,-0.061802981238033655,0.015037593984962405,0.015037593984962405,0
SYN:Wu_2021:29:Matusu_2026:C02:6,Wu_2021,29,True,True,Matusu_2026,Matusu_2026_Aconity_TWO,C02,Matusu2026_C02_3,80.0,0.1,4.893016492316421,78165.74874380586,=,1,10000000,-0.061802981238033655,0.015037593984962405,0.015037593984962405,0
SYN:Wu_2021:29:Matusu_2026:C02:7,Wu_2021,29,True,True,Matusu_2026,Matusu_2026_Aconity_TWO,C02,Matusu2026_C02_2,60.0,0.1,5.74641260907918,557715.364557249,=,1,10000000,-0.061802981238033655,0.015037593984962405,0.015037593984962405,0
SYN:Wu_2021:29:Matusu_2026:C02:8,Wu_2021,29,True,True,Matusu_2026,Matusu_2026_Aconity_TWO,C02,Matusu2026_C02_10,70.0,0.1,3.1340670551172507,1361.6549059081415,=,1,10000000,-0.061802981238033655,0.015037593984962405,0.015037593984962405,0
SYN:Wu_2021:29:Matusu_2026:C02:9,Wu_2021,29,True,True,Matusu_2026,Matusu_2026_Aconity_TWO,C02,Matusu2026_C02_6,75.0,0.1,5.909637025855575,812151.4534193951,=,1,10000000,-0.061802981238033655,0.015037593984962405,0.015037593984962405,0
SYN:Wu_2021:29:Matusu_2026:C03:0,Wu_2021,29,True,True,Matusu_2026,Matusu_2026_Aconity_TWO,C03,Matusu2026_C03_7,110.0,0.1,3.830383398171753,6766.800896472614,=,1,10000000,-0.061802981238033655,0.015037593984962405,0.015037593984962405,0
SYN:Wu_2021:29:Matusu_2026:C03:1,Wu_2021,29,True,True,Matusu_2026,Matusu_2026_Aconity_TWO,C03,Matusu2026_C03_7,110.0,0.1,4.577488487543174,37799.7117065887,=,1,10000000,-0.061802981238033655,0.015037593984962405,0.015037593984962405,0
SYN:Wu_2021:29:Matusu_2026:C03:2,Wu_2021,29,True,True,Matusu_2026,Matusu_2026_Aconity_TWO,C03,Matusu2026_C03_8,60.0,0.1,6.100215638307544,1259550.6556416538,=,1,10000000,-0.061802981238033655,0.015037593984962405,0.015037593984962405,0
SYN:Wu_2021:29:Matusu_2026:C03:3,Wu_2021,29,True,True,Matusu_2026,Matusu_2026_Aconity_TWO,C03,Matusu2026_C03_6,65.0,0.1,6.61868225849105,4156064.304059511,=,1,10000000,-0.061802981238033655,0.015037593984962405,0.015037593984962405,0
SYN:Wu_2021:29:Matusu_2026:C03:4,Wu_2021,29,True,True,Matusu_2026,Matusu_2026_Aconity_TWO,C03,Matusu2026_C03_2,110.0,0.1,4.4768455668913125,29980.962202669212,=,1,10000000,-0.061802981238033655,0.015037593984962405,0.015037593984962405,0
SYN:Wu_2021:29:Matusu_2026:C03:5,Wu_2021,29,True,True,Matusu_2026,Matusu_2026_Aconity_TWO,C03,Matusu2026_C03_6,65.0,0.1,6.300934777460222,1999561.5520330658,=,1,10000000,-0.061802981238033655,0.015037593984962405,0.015037593984962405,0
SYN:Wu_2021:29:Matusu_2026:C03:6,Wu_2021,29,True,True,Matusu_2026,Matusu_2026_Aconity_TWO,C03,Matusu2026_C03_7,110.0,0.1,3.430786412190324,2696.412999312859,=,1,10000000,-0.061802981238033655,0.015037593984962405,0.015037593984962405,0
SYN:Wu_2021:29:Matusu_2026:C03:7,Wu_2021,29,True,True,Matusu_2026,Matusu_2026_Aconity_TWO,C03,Matusu2026_C03_2,110.0,0.1,4.295764402548539,19758.974581819828,=,1,10000000,-0.061802981238033655,0.015037593984962405,0.015037593984962405,0
SYN:Wu_2021:29:Matusu_2026:C03:8,Wu_2021,29,True,True,Matusu_2026,Matusu_2026_Aconity_TWO,C03,Matusu2026_C03_5,70.0,0.1,6.101574792679321,1263498.680402872,=,1,10000000,-0.061802981238033655,0.015037593984962405,0.015037593984962405,0
SYN:Wu_2021:29:Matusu_2026:C03:9,Wu_2021,29,True,True,Matusu_2026,Matusu_2026_Aconity_TWO,C03,Matusu2026_C03_6,65.0,0.1,5.963272594896745,918909.1899466504,=,1,10000000,-0.061802981238033655,0.015037593984962405,0.015037593984962405,0
SYN:Wu_2021:47:Chen_2024:L10:0,Wu_2021,47,True,True,Chen_2024,Chen_2024,L10,Chen_2024:Chen2024-L10-T4-r08,81.0,0.1,5.184121636260234,152799.39555589648,=,1,10000000,0.061802981238033655,0.1111111111111111,0.0,0
SYN:Wu_2021:47:Chen_2024:L10:1,Wu_2021,47,True,True,Chen_2024,Chen_2024,L10,Chen_2024:Chen2024-L10-T4-r04,90.0,0.1,5.666434127493176,463910.4200804842,=,1,10000000,0.061802981238033655,0.1111111111111111,0.0,0
SYN:Wu_2021:47:Chen_2024:L10:2,Wu_2021,47,True,True,Chen_2024,Chen_2024,L10,Chen_2024:Chen2024-L10-T4-r09,72.0,0.1,5.815103959996209,653286.9156224352,=,1,10000000,0.061802981238033655,0.1111111111111111,0.0,0
SYN:Wu_2021:47:Chen_2024:L10:3,Wu_2021,47,True,True,Chen_2024,Chen_2024,L10,Chen_2024:Chen2024-L10-T4-r08,81.0,0.1,3.637415869845263,4339.261966907253,=,1,10000000,0.061802981238033655,0.1111111111111111,0.0,0
SYN:Wu_2021:47:Chen_2024:L10:4,Wu_2021,47,True,True,Chen_2024,Chen_2024,L10,Chen_2024:Chen2024-L10-T4-r07,81.0,0.1,6.068796248099957,1171645.5519406865,=,1,10000000,0.061802981238033655,0.1111111111111111,0.0,0
SYN:Wu_2021:47:Chen_2024:L10:5,Wu_2021,47,True,True,Chen_2024,Chen_2024,L10,Chen_2024:Chen2024-L10-T4-r07,81.0,0.1,5.086556079528583,122055.14177940013,=,1,10000000,0.061802981238033655,0.1111111111111111,0.0,0
SYN:Wu_2021:47:Chen_2024:L10:6,Wu_2021,47,True,True,Chen_2024,Chen_2024,L10,Chen_2024:Chen2024-L10-T4-r07,81.0,0.1,5.487059860931235,306944.50358476146,=,1,10000000,0.061802981238033655,0.1111111111111111,0.0,0
SYN:Wu_2021:47:Chen_2024:L10:7,Wu_2021,47,True,True,Chen_2024,Chen_2024,L10,Chen_2024:Chen2024-L10-T4-r07,81.0,0.1,5.508268599105593,322306.15492653416,=,1,10000000,0.061802981238033655,0.1111111111111111,0.0,0
SYN:Wu_2021:47:Chen_2024:L10:8,Wu_2021,47,True,True,Chen_2024,Chen_2024,L10,Chen_2024:Chen2024-L10-T4-r04,90.0,0.1,4.983106059833269,96184.71441177891,=,1,10000000,0.061802981238033655,0.1111111111111111,0.0,0
SYN:Wu_2021:47:Chen_2024:L40:0,Wu_2021,47,True,True,Chen_2024,Chen_2024,L40,Chen_2024:Chen2024-L40-T3-r01,99.0,0.1,5.125692560564164,133564.96681049932,=,1,10000000,0.061802981238033655,0.1111111111111111,0.0,0
SYN:Wu_2021:47:Chen_2024:L40:1,Wu_2021,47,True,True,Chen_2024,Chen_2024,L40,Chen_2024:Chen2024-L40-T3-r07,72.0,0.1,6.471662825200702,2962530.465811479,=,1,10000000,0.061802981238033655,0.1111111111111111,0.0,0
SYN:Wu_2021:47:Chen_2024:L40:2,Wu_2021,47,True,True,Chen_2024,Chen_2024,L40,Chen_2024:Chen2024-L40-T3-r04,81.0,0.1,5.413733697248004,259258.91385033188,=,1,10000000,0.061802981238033655,0.1111111111111111,0.0,0
SYN:Wu_2021:47:Chen_2024:L40:3,Wu_2021,47,True,True,Chen_2024,Chen_2024,L40,Chen_2024:Chen2024-L40-T3-r02,90.0,0.1,2.7847330152021468,609.1622964091994,=,1,10000000,0.061802981238033655,0.1111111111111111,0.0,0
SYN:Wu_2021:47:Chen_2024:L40:4,Wu_2021,47,True,True,Chen_2024,Chen_2024,L40,Chen_2024:Chen2024-L40-T3-r02,90.0,0.1,5.4227445706208925,264694.28868553386,=,1,10000000,0.061802981238033655,0.1111111111111111,0.0,0
SYN:Wu_2021:47:Chen_2024:L40:5,Wu_2021,47,True,True,Chen_2024,Chen_2024,L40,Chen_2024:Chen2024-L40-T3-r08,72.0,0.1,5.418362773054201,262037.09315993567,=,1,10000000,0.061802981238033655,0.1111111111111111,0.0,0
SYN:Wu_2021:47:Chen_2024:L40:6,Wu_2021,47,True,True,Chen_2024,Chen_2024,L40,Chen_2024:Chen2024-L40-T3-r01,99.0,0.1,5.302770311845769,200803.05315262233,=,1,10000000,0.061802981238033655,0.1111111111111111,0.0,0
SYN:Wu_2021:47:Chen_2024:L40:7,Wu_2021,47,True,True,Chen_2024,Chen_2024,L40,Chen_2024:Chen2024-L40-T3-r06,72.0,0.1,5.168631690329061,147445.55696860814,=,1,10000000,0.061802981238033655,0.1111111111111111,0.0,0
SYN:Wu_2021:47:Chen_2024:L40:8,Wu_2021,47,True,True,Chen_2024,Chen_2024,L40,Chen_2024:Chen2024-L40-T3-r03,90.0,0.1,4.58781651477982,38709.40668678522,=,1,10000000,0.061802981238033655,0.1111111111111111,0.0,0
SYN:Wu_2021:47:Matusu_2026:71:0,Wu_2021,47,True,True,Matusu_2026,Matusu_2026_Eckart_CLM2,71,Matusu2026_71_11,70.0,0.1,5.018445242459375,104338.65701902301,=,1,10000000,-0.061802981238033655,0.015037593984962405,0.015037593984962405,0
SYN:Wu_2021:47:Matusu_2026:71:1,Wu_2021,47,True,True,Matusu_2026,Matusu_2026_Eckart_CLM2,71,Matusu2026_71_19,40.0,0.1,6.560045298998523,3631159.2752864743,=,1,10000000,-0.061802981238033655,0.015037593984962405,0.015037593984962405,0
SYN:Wu_2021:47:Matusu_2026:71:2,Wu_2021,47,True,True,Matusu_2026,Matusu_2026_Eckart_CLM2,71,Matusu2026_71_4,80.0,0.1,4.49519881477701,31275.10776179268,=,1,10000000,-0.061802981238033655,0.015037593984962405,0.015037593984962405,0
SYN:Wu_2021:47:Matusu_2026:71:3,Wu_2021,47,True,True,Matusu_2026,Matusu_2026_Eckart_CLM2,71,Matusu2026_71_19,40.0,0.1,7.2757711333021335,10000000,>=,0,10000000,-0.061802981238033655,0.015037593984962405,0.015037593984962405,0
SYN:Wu_2021:47:Matusu_2026:71:4,Wu_2021,47,True,True,Matusu_2026,Matusu_2026_Eckart_CLM2,71,Matusu2026_71_4,80.0,0.1,3.588662058910109,3878.4844887801387,=,1,10000000,-0.061802981238033655,0.015037593984962405,0.015037593984962405,0
SYN:Wu_2021:47:Matusu_2026:71:5,Wu_2021,47,True,True,Matusu_2026,Matusu_2026_Eckart_CLM2,71,Matusu2026_71_32,60.0,0.1,5.360918349528183,229571.69963059208,=,1,10000000,-0.061802981238033655,0.015037593984962405,0.015037593984962405,0
SYN:Wu_2021:47:Matusu_2026:71:6,Wu_2021,47,True,True,Matusu_2026,Matusu_2026_Eckart_CLM2,71,Matusu2026_71_52,110.0,0.1,4.845407618662136,70049.91597129688,=,1,10000000,-0.061802981238033655,0.015037593984962405,0.015037593984962405,0
SYN:Wu_2021:47:Matusu_2026:71:7,Wu_2021,47,True,True,Matusu_2026,Matusu_2026_Eckart_CLM2,71,Matusu2026_71_12,50.0,0.1,5.09374644461668,124092.7601766192,=,1,10000000,-0.061802981238033655,0.015037593984962405,0.015037593984962405,0
SYN:Wu_2021:47:Matusu_2026:71:8,Wu_2021,47,True,True,Matusu_2026,Matusu_2026_Eckart_CLM2,71,Matusu2026_71_12,50.0,0.1,6.978565442690553,9518432.680596177,=,1,10000000,-0.061802981238033655,0.015037593984962405,0.015037593984962405,0
SYN:Wu_2021:47:Matusu_2026:71:9,Wu_2021,47,True,True,Matusu_2026,Matusu_2026_Eckart_CLM2,71,Matusu2026_71_3,90.0,0.1,5.0751975825982125,118904.30604280146,=,1,10000000,-0.061802981238033655,0.015037593984962405,0.015037593984962405,0
SYN:Wu_2021:47:Matusu_2026:71:10,Wu_2021,47,True,True,Matusu_2026,Matusu_2026_Eckart_CLM2,71,Matusu2026_71_16,40.0,0.1,6.114737725911422,1302380.0226676688,=,1,10000000,-0.061802981238033655,0.015037593984962405,0.015037593984962405,0
SYN:Wu_2021:47:Matusu_2026:72:0,Wu_2021,47,True,True,Matusu_2026,Matusu_2026_Eckart_CLM2,72,Matusu2026_72_2,90.0,0.1,4.892259945608887,78029.70151241797,=,1,10000000,-0.061802981238033655,0.015037593984962405,0.015037593984962405,0
SYN:Wu_2021:47:Matusu_2026:72:1,Wu_2021,47,True,True,Matusu_2026,Matusu_2026_Eckart_CLM2,72,Matusu2026_72_50,50.0,0.1,6.876431088408003,7523693.386439246,=,1,10000000,-0.061802981238033655,0.015037593984962405,0.015037593984962405,0
SYN:Wu_2021:47:Matusu_2026:72:2,Wu_2021,47,True,True,Matusu_2026,Matusu_2026_Eckart_CLM2,72,Matusu2026_72_10,60.0,0.1,5.285746765911613,193084.21281120105,=,1,10000000,-0.061802981238033655,0.015037593984962405,0.015037593984962405,0
SYN:Wu_2021:47:Matusu_2026:72:3,Wu_2021,47,True,True,Matusu_2026,Matusu_2026_Eckart_CLM2,72,Matusu2026_72_50,50.0,0.1,7.351773459741852,10000000,>=,0,10000000,-0.061802981238033655,0.015037593984962405,0.015037593984962405,0
SYN:Wu_2021:47:Matusu_2026:72:4,Wu_2021,47,True,True,Matusu_2026,Matusu_2026_Eckart_CLM2,72,Matusu2026_72_53,47.5,0.1,7.5765239497956784,10000000,>=,0,10000000,-0.061802981238033655,0.015037593984962405,0.015037593984962405,0
SYN:Wu_2021:47:Matusu_2026:72:5,Wu_2021,47,True,True,Matusu_2026,Matusu_2026_Eckart_CLM2,72,Matusu2026_72_53,47.5,0.1,6.647348539767513,4439648.016062885,=,1,10000000,-0.061802981238033655,0.015037593984962405,0.015037593984962405,0
SYN:Wu_2021:47:Matusu_2026:72:6,Wu_2021,47,True,True,Matusu_2026,Matusu_2026_Eckart_CLM2,72,Matusu2026_72_1,80.0,0.1,5.073376011532704,118406.6274924887,=,1,10000000,-0.061802981238033655,0.015037593984962405,0.015037593984962405,0
SYN:Wu_2021:47:Matusu_2026:72:7,Wu_2021,47,True,True,Matusu_2026,Matusu_2026_Eckart_CLM2,72,Matusu2026_72_24,110.0,0.1,3.45575905260569,2856.0055864831584,=,1,10000000,-0.061802981238033655,0.015037593984962405,0.015037593984962405,0
SYN:Wu_2021:47:Matusu_2026:72:8,Wu_2021,47,True,True,Matusu_2026,Matusu_2026_Eckart_CLM2,72,Matusu2026_72_24,110.0,0.1,3.999590156749908,9990.567461856977,=,1,10000000,-0.061802981238033655,0.015037593984962405,0.015037593984962405,0
SYN:Wu_2021:47:Matusu_2026:72:9,Wu_2021,47,True,True,Matusu_2026,Matusu_2026_Eckart_CLM2,72,Matusu2026_72_23,100.0,0.1,5.414331950370639,259616.2965465502,=,1,10000000,-0.061802981238033655,0.015037593984962405,0.015037593984962405,0
SYN:Wu_2021:47:Matusu_2026:72:10,Wu_2021,47,True,True,Matusu_2026,Matusu_2026_Eckart_CLM2,72,Matusu2026_72_9,70.0,0.1,4.354167990716306,22603.099182218077,=,1,10000000,-0.061802981238033655,0.015037593984962405,0.015037593984962405,0
SYN:Wu_2021:47:Matusu_2026:73:0,Wu_2021,47,True,True,Matusu_2026,Matusu_2026_Eckart_CLM2,73,Matusu2026_73_22,100.0,0.1,3.8268169954743616,6711.459834932571,=,1,10000000,-0.061802981238033655,0.015037593984962405,0.015037593984962405,0
SYN:Wu_2021:47:Matusu_2026:73:1,Wu_2021,47,True,True,Matusu_2026,Matusu_2026_Eckart_CLM2,73,Matusu2026_73_8,70.0,0.1,6.188463919310574,1543348.198392987,=,1,10000000,-0.061802981238033655,0.015037593984962405,0.015037593984962405,0
SYN:Wu_2021:47:Matusu_2026:73:2,Wu_2021,47,True,True,Matusu_2026,Matusu_2026_Eckart_CLM2,73,Matusu2026_73_47,35.0,0.1,8.21233038120622,10000000,>=,0,10000000,-0.061802981238033655,0.015037593984962405,0.015037593984962405,0
SYN:Wu_2021:47:Matusu_2026:73:3,Wu_2021,47,True,True,Matusu_2026,Matusu_2026_Eckart_CLM2,73,Matusu2026_73_14,60.0,0.1,6.42809746305433,2679769.6431432283,=,1,10000000,-0.061802981238033655,0.015037593984962405,0.015037593984962405,0
SYN:Wu_2021:47:Matusu_2026:73:4,Wu_2021,47,True,True,Matusu_2026,Matusu_2026_Eckart_CLM2,73,Matusu2026_73_47,35.0,0.1,7.966599126892709,10000000,>=,0,10000000,-0.061802981238033655,0.015037593984962405,0.015037593984962405,0
SYN:Wu_2021:47:Matusu_2026:73:5,Wu_2021,47,True,True,Matusu_2026,Matusu_2026_Eckart_CLM2,73,Matusu2026_73_14,60.0,0.1,6.010809590699711,1025202.3445312728,=,1,10000000,-0.061802981238033655,0.015037593984962405,0.015037593984962405,0
SYN:Wu_2021:47:Matusu_2026:73:6,Wu_2021,47,True,True,Matusu_2026,Matusu_2026_Eckart_CLM2,73,Matusu2026_73_15,50.0,0.1,6.691627334497698,4916175.0059201615,=,1,10000000,-0.061802981238033655,0.015037593984962405,0.015037593984962405,0
SYN:Wu_2021:47:Matusu_2026:73:7,Wu_2021,47,True,True,Matusu_2026,Matusu_2026_Eckart_CLM2,73,Matusu2026_73_22,100.0,0.1,2.6907096926143885,490.5798347744229,=,1,10000000,-0.061802981238033655,0.015037593984962405,0.015037593984962405,0
SYN:Wu_2021:47:Matusu_2026:73:8,Wu_2021,47,True,True,Matusu_2026,Matusu_2026_Eckart_CLM2,73,Matusu2026_73_8,70.0,0.1,5.552071580184554,356509.8883535229,=,1,10000000,-0.061802981238033655,0.015037593984962405,0.015037593984962405,0
SYN:Wu_2021:47:Matusu_2026:73:9,Wu_2021,47,True,True,Matusu_2026,Matusu_2026_Eckart_CLM2,73,Matusu2026_73_5,80.0,0.1,5.57789489574962,378351.00834873284,=,1,10000000,-0.061802981238033655,0.015037593984962405,0.015037593984962405,0
SYN:Wu_2021:47:Matusu_2026:73:10,Wu_2021,47,True,True,Matusu_2026,Matusu_2026_Eckart_CLM2,73,Matusu2026_73_15,50.0,0.1,7.280827800799734,10000000,>=,0,10000000,-0.061802981238033655,0.015037593984962405,0.015037593984962405,0
SYN:Wu_2021:47:Matusu_2026:74:0,Wu_2021,47,True,True,Matusu_2026,Matusu_2026_Eckart_CLM2,74,Matusu2026_74_38,50.0,0.1,6.156727535457075,1434589.1287786204,=,1,10000000,-0.061802981238033655,0.015037593984962405,0.015037593984962405,0
SYN:Wu_2021:47:Matusu_2026:74:1,Wu_2021,47,True,True,Matusu_2026,Matusu_2026_Eckart_CLM2,74,Matusu2026_74_39,90.0,0.1,5.428678820649282,268335.9252706147,=,1,10000000,-0.061802981238033655,0.015037593984962405,0.015037593984962405,0
SYN:Wu_2021:47:Matusu_2026:74:2,Wu_2021,47,True,True,Matusu_2026,Matusu_2026_Eckart_CLM2,74,Matusu2026_74_7,100.0,0.1,4.490551446651995,30942.218361704658,=,1,10000000,-0.061802981238033655,0.015037593984962405,0.015037593984962405,0
SYN:Wu_2021:47:Matusu_2026:74:3,Wu_2021,47,True,True,Matusu_2026,Matusu_2026_Eckart_CLM2,74,Matusu2026_74_48,40.0,0.1,7.6574325112878885,10000000,>=,0,10000000,-0.061802981238033655,0.015037593984962405,0.015037593984962405,0
SYN:Wu_2021:47:Matusu_2026:74:4,Wu_2021,47,True,True,Matusu_2026,Matusu_2026_Eckart_CLM2,74,Matusu2026_74_48,40.0,0.1,7.486283052369921,10000000,>=,0,10000000,-0.061802981238033655,0.015037593984962405,0.015037593984962405,0
SYN:Wu_2021:47:Matusu_2026:74:5,Wu_2021,47,True,True,Matusu_2026,Matusu_2026_Eckart_CLM2,74,Matusu2026_74_40,110.0,0.1,3.930580049741188,8522.7558948171,=,1,10000000,-0.061802981238033655,0.015037593984962405,0.015037593984962405,0
SYN:Wu_2021:47:Matusu_2026:74:6,Wu_2021,47,True,True,Matusu_2026,Matusu_2026_Eckart_CLM2,74,Matusu2026_74_39,90.0,0.1,4.244321332709356,17551.786710413005,=,1,10000000,-0.061802981238033655,0.015037593984962405,0.015037593984962405,0
SYN:Wu_2021:47:Matusu_2026:74:7,Wu_2021,47,True,True,Matusu_2026,Matusu_2026_Eckart_CLM2,74,Matusu2026_74_41,125.0,0.1,3.4352782022816957,2724.4459868817144,=,1,10000000,-0.061802981238033655,0.015037593984962405,0.015037593984962405,0
SYN:Wu_2021:47:Matusu_2026:74:8,Wu_2021,47,True,True,Matusu_2026,Matusu_2026_Eckart_CLM2,74,Matusu2026_74_48,40.0,0.1,7.151763176009864,10000000,>=,0,10000000,-0.061802981238033655,0.015037593984962405,0.015037593984962405,0
SYN:Wu_2021:47:Matusu_2026:74:9,Wu_2021,47,True,True,Matusu_2026,Matusu_2026_Eckart_CLM2,74,Matusu2026_74_13,80.0,0.1,5.291042520782526,195453.08100629662,=,1,10000000,-0.061802981238033655,0.015037593984962405,0.015037593984962405,0
SYN:Wu_2021:47:Matusu_2026:74:10,Wu_2021,47,True,True,Matusu_2026,Matusu_2026_Eckart_CLM2,74,Matusu2026_74_25,60.0,0.1,4.162016696150083,14521.674440846364,=,1,10000000,-0.061802981238033655,0.015037593984962405,0.015037593984962405,0
SYN:Wu_2021:47:Matusu_2026:91:0,Wu_2021,47,True,True,Matusu_2026,Matusu_2026_GE_virgin_CLM2,91,Matusu2026_91_5,45.0,0.1,7.333432411693924,10000000,>=,0,10000000,-0.061802981238033655,0.015037593984962405,0.015037593984962405,0
SYN:Wu_2021:47:Matusu_2026:91:1,Wu_2021,47,True,True,Matusu_2026,Matusu_2026_GE_virgin_CLM2,91,Matusu2026_91_1,55.0,0.1,6.254534006747604,1796941.7813698894,=,1,10000000,-0.061802981238033655,0.015037593984962405,0.015037593984962405,0
SYN:Wu_2021:47:Matusu_2026:91:2,Wu_2021,47,True,True,Matusu_2026,Matusu_2026_GE_virgin_CLM2,91,Matusu2026_91_19,100.0,0.1,3.837708869054505,6881.9081037433,=,1,10000000,-0.061802981238033655,0.015037593984962405,0.015037593984962405,0
SYN:Wu_2021:47:Matusu_2026:91:3,Wu_2021,47,True,True,Matusu_2026,Matusu_2026_GE_virgin_CLM2,91,Matusu2026_91_21,50.0,0.1,6.550520617432822,3552389.824820125,=,1,10000000,-0.061802981238033655,0.015037593984962405,0.015037593984962405,0
SYN:Wu_2021:47:Matusu_2026:91:4,Wu_2021,47,True,True,Matusu_2026,Matusu_2026_GE_virgin_CLM2,91,Matusu2026_91_20,110.0,0.1,3.7678695184323274,5859.620887362606,=,1,10000000,-0.061802981238033655,0.015037593984962405,0.015037593984962405,0
SYN:Wu_2021:47:Matusu_2026:91:5,Wu_2021,47,True,True,Matusu_2026,Matusu_2026_GE_virgin_CLM2,91,Matusu2026_91_27,140.0,0.1,3.5038352174705705,3190.3271330142243,=,1,10000000,-0.061802981238033655,0.015037593984962405,0.015037593984962405,0
SYN:Wu_2021:47:Matusu_2026:91:6,Wu_2021,47,True,True,Matusu_2026,Matusu_2026_GE_virgin_CLM2,91,Matusu2026_91_18,90.0,0.1,4.381781902608433,24086.95507404066,=,1,10000000,-0.061802981238033655,0.015037593984962405,0.015037593984962405,0
SYN:Wu_2021:47:Matusu_2026:91:7,Wu_2021,47,True,True,Matusu_2026,Matusu_2026_GE_virgin_CLM2,91,Matusu2026_91_20,110.0,0.1,3.4983412067917197,3150.2223384554245,=,1,10000000,-0.061802981238033655,0.015037593984962405,0.015037593984962405,0
SYN:Wu_2021:47:Matusu_2026:91:8,Wu_2021,47,True,True,Matusu_2026,Matusu_2026_GE_virgin_CLM2,91,Matusu2026_91_5,45.0,0.1,5.033961303528994,108133.75977521607,=,1,10000000,-0.061802981238033655,0.015037593984962405,0.015037593984962405,0
SYN:Wu_2021:47:Matusu_2026:91:9,Wu_2021,47,True,True,Matusu_2026,Matusu_2026_GE_virgin_CLM2,91,Matusu2026_91_3,130.0,0.1,3.919884048655702,8315.417299350824,=,1,10000000,-0.061802981238033655,0.015037593984962405,0.015037593984962405,0
SYN:Wu_2021:47:Matusu_2026:91:10,Wu_2021,47,True,True,Matusu_2026,Matusu_2026_GE_virgin_CLM2,91,Matusu2026_91_5,45.0,0.1,6.7142329054243834,5178844.909472557,=,1,10000000,-0.061802981238033655,0.015037593984962405,0.015037593984962405,0
SYN:Wu_2021:47:Matusu_2026:91:11,Wu_2021,47,True,True,Matusu_2026,Matusu_2026_GE_virgin_CLM2,91,Matusu2026_91_27,140.0,0.1,0.9020523480570701,7.980908800377982,=,1,10000000,-0.061802981238033655,0.015037593984962405,0.015037593984962405,0
SYN:Wu_2021:47:Matusu_2026:91:12,Wu_2021,47,True,True,Matusu_2026,Matusu_2026_GE_virgin_CLM2,91,Matusu2026_91_9,120.0,0.1,2.925866512799251,843.0755854703132,=,1,10000000,-0.061802981238033655,0.015037593984962405,0.015037593984962405,0
SYN:Wu_2021:47:Matusu_2026:91:13,Wu_2021,47,True,True,Matusu_2026,Matusu_2026_GE_virgin_CLM2,91,Matusu2026_91_33,80.0,0.1,3.264606280864485,1839.1039656709818,=,1,10000000,-0.061802981238033655,0.015037593984962405,0.015037593984962405,0
SYN:Wu_2021:47:Matusu_2026:91:14,Wu_2021,47,True,True,Matusu_2026,Matusu_2026_GE_virgin_CLM2,91,Matusu2026_91_33,80.0,0.1,5.442298652562664,276884.5050689374,=,1,10000000,-0.061802981238033655,0.015037593984962405,0.015037593984962405,0
SYN:Wu_2021:47:Matusu_2026:92:0,Wu_2021,47,True,True,Matusu_2026,Matusu_2026_GE_virgin_CLM2,92,Matusu2026_92_28,160.0,0.1,3.1423126655088396,1387.7545678654228,=,1,10000000,-0.061802981238033655,0.015037593984962405,0.015037593984962405,0
SYN:Wu_2021:47:Matusu_2026:92:1,Wu_2021,47,True,True,Matusu_2026,Matusu_2026_GE_virgin_CLM2,92,Matusu2026_92_23,70.0,0.1,4.994189116857903,98670.90621103968,=,1,10000000,-0.061802981238033655,0.015037593984962405,0.015037593984962405,0
SYN:Wu_2021:47:Matusu_2026:92:2,Wu_2021,47,True,True,Matusu_2026,Matusu_2026_GE_virgin_CLM2,92,Matusu2026_92_28,160.0,0.1,3.5128892723359013,3257.536363090236,=,1,10000000,-0.061802981238033655,0.015037593984962405,0.015037593984962405,0
SYN:Wu_2021:47:Matusu_2026:92:3,Wu_2021,47,True,True,Matusu_2026,Matusu_2026_GE_virgin_CLM2,92,Matusu2026_92_16,120.0,0.1,3.4981811895125516,3149.061842126457,=,1,10000000,-0.061802981238033655,0.015037593984962405,0.015037593984962405,0
SYN:Wu_2021:47:Matusu_2026:92:4,Wu_2021,47,True,True,Matusu_2026,Matusu_2026_GE_virgin_CLM2,92,Matusu2026_92_8,130.0,0.1,4.485487424786055,30583.516891255895,=,1,10000000,-0.061802981238033655,0.015037593984962405,0.015037593984962405,0
SYN:Wu_2021:47:Matusu_2026:92:5,Wu_2021,47,True,True,Matusu_2026,Matusu_2026_GE_virgin_CLM2,92,Matusu2026_92_26,140.0,0.1,2.0818296893695947,120.73402780718536,=,1,10000000,-0.061802981238033655,0.015037593984962405,0.015037593984962405,0
SYN:Wu_2021:47:Matusu_2026:92:6,Wu_2021,47,True,True,Matusu_2026,Matusu_2026_GE_virgin_CLM2,92,Matusu2026_92_7,150.0,0.1,2.9788007802225143,952.3591971310423,=,1,10000000,-0.061802981238033655,0.015037593984962405,0.015037593984962405,0
SYN:Wu_2021:47:Matusu_2026:92:7,Wu_2021,47,True,True,Matusu_2026,Matusu_2026_GE_virgin_CLM2,92,Matusu2026_92_23,70.0,0.1,5.262964173951084,183216.32763600574,=,1,10000000,-0.061802981238033655,0.015037593984962405,0.015037593984962405,0
SYN:Wu_2021:47:Matusu_2026:92:8,Wu_2021,47,True,True,Matusu_2026,Matusu_2026_GE_virgin_CLM2,92,Matusu2026_92_2,90.0,0.1,3.6562726480655465,4531.819961762533,=,1,10000000,-0.061802981238033655,0.015037593984962405,0.015037593984962405,0
SYN:Wu_2021:47:Matusu_2026:92:9,Wu_2021,47,True,True,Matusu_2026,Matusu_2026_GE_virgin_CLM2,92,Matusu2026_92_8,130.0,0.1,4.572463877752052,37364.904599849884,=,1,10000000,-0.061802981238033655,0.015037593984962405,0.015037593984962405,0
SYN:Wu_2021:47:Matusu_2026:92:10,Wu_2021,47,True,True,Matusu_2026,Matusu_2026_GE_virgin_CLM2,92,Matusu2026_92_2,90.0,0.1,6.17348937829962,1491040.2880843158,=,1,10000000,-0.061802981238033655,0.015037593984962405,0.015037593984962405,0
SYN:Wu_2021:47:Matusu_2026:92:11,Wu_2021,47,True,True,Matusu_2026,Matusu_2026_GE_virgin_CLM2,92,Matusu2026_92_26,140.0,0.1,3.312507277358199,2053.559437123227,=,1,10000000,-0.061802981238033655,0.015037593984962405,0.015037593984962405,0
SYN:Wu_2021:47:Matusu_2026:92:12,Wu_2021,47,True,True,Matusu_2026,Matusu_2026_GE_virgin_CLM2,92,Matusu2026_92_28,160.0,0.1,3.525104142257902,3350.45772299226,=,1,10000000,-0.061802981238033655,0.015037593984962405,0.015037593984962405,0
SYN:Wu_2021:47:Matusu_2026:92:13,Wu_2021,47,True,True,Matusu_2026,Matusu_2026_GE_virgin_CLM2,92,Matusu2026_92_14,80.0,0.1,4.85354267897111,71374.43427335362,=,1,10000000,-0.061802981238033655,0.015037593984962405,0.015037593984962405,0
SYN:Wu_2021:47:Matusu_2026:93:0,Wu_2021,47,True,True,Matusu_2026,Matusu_2026_GE_virgin_CLM2,93,Matusu2026_93_16,120.0,0.1,4.160935005392648,14485.550529265744,=,1,10000000,-0.061802981238033655,0.015037593984962405,0.015037593984962405,0
SYN:Wu_2021:47:Matusu_2026:93:1,Wu_2021,47,True,True,Matusu_2026,Matusu_2026_GE_virgin_CLM2,93,Matusu2026_93_15,100.0,0.1,4.601127823278756,39914.23622427905,=,1,10000000,-0.061802981238033655,0.015037593984962405,0.015037593984962405,0
SYN:Wu_2021:47:Matusu_2026:93:2,Wu_2021,47,True,True,Matusu_2026,Matusu_2026_GE_virgin_CLM2,93,Matusu2026_93_2,130.0,0.1,4.230087622370157,16985.86321209227,=,1,10000000,-0.061802981238033655,0.015037593984962405,0.015037593984962405,0
SYN:Wu_2021:47:Matusu_2026:93:3,Wu_2021,47,True,True,Matusu_2026,Matusu_2026_GE_virgin_CLM2,93,Matusu2026_93_16,120.0,0.1,4.803152121667939,63555.351015650565,=,1,10000000,-0.061802981238033655,0.015037593984962405,0.015037593984962405,0
SYN:Wu_2021:47:Matusu_2026:93:4,Wu_2021,47,True,True,Matusu_2026,Matusu_2026_GE_virgin_CLM2,93,Matusu2026_93_22,120.0,0.1,3.9498362721115567,8909.150021790354,=,1,10000000,-0.061802981238033655,0.015037593984962405,0.015037593984962405,0
SYN:Wu_2021:47:Matusu_2026:93:5,Wu_2021,47,True,True,Matusu_2026,Matusu_2026_GE_virgin_CLM2,93,Matusu2026_93_31,110.0,0.1,4.952790400553878,89699.57814121757,=,1,10000000,-0.061802981238033655,0.015037593984962405,0.015037593984962405,0
SYN:Wu_2021:47:Matusu_2026:93:6,Wu_2021,47,True,True,Matusu_2026,Matusu_2026_GE_virgin_CLM2,93,Matusu2026_93_15,100.0,0.1,5.059609160079585,114712.08144331224,=,1,10000000,-0.061802981238033655,0.015037593984962405,0.015037593984962405,0
SYN:Wu_2021:47:Matusu_2026:93:7,Wu_2021,47,True,True,Matusu_2026,Matusu_2026_GE_virgin_CLM2,93,Matusu2026_93_35,60.0,0.1,6.555789596237398,3595750.8868398904,=,1,10000000,-0.061802981238033655,0.015037593984962405,0.015037593984962405,0
SYN:Wu_2021:47:Matusu_2026:93:8,Wu_2021,47,True,True,Matusu_2026,Matusu_2026_GE_virgin_CLM2,93,Matusu2026_93_8,130.0,0.1,4.498607927411964,31521.576320315038,=,1,10000000,-0.061802981238033655,0.015037593984962405,0.015037593984962405,0
SYN:Wu_2021:47:Matusu_2026:93:9,Wu_2021,47,True,True,Matusu_2026,Matusu_2026_GE_virgin_CLM2,93,Matusu2026_93_16,120.0,0.1,4.012167224665358,10284.12211014335,=,1,10000000,-0.061802981238033655,0.015037593984962405,0.015037593984962405,0
SYN:Wu_2021:47:Matusu_2026:93:10,Wu_2021,47,True,True,Matusu_2026,Matusu_2026_GE_virgin_CLM2,93,Matusu2026_93_17,70.0,0.1,5.842629010068907,696031.6848424078,=,1,10000000,-0.061802981238033655,0.015037593984962405,0.015037593984962405,0
SYN:Wu_2021:47:Matusu_2026:93:11,Wu_2021,47,True,True,Matusu_2026,Matusu_2026_GE_virgin_CLM2,93,Matusu2026_93_31,110.0,0.1,5.372670424152133,235868.76013957837,=,1,10000000,-0.061802981238033655,0.015037593984962405,0.015037593984962405,0
SYN:Wu_2021:47:Matusu_2026:93:12,Wu_2021,47,True,True,Matusu_2026,Matusu_2026_GE_virgin_CLM2,93,Matusu2026_93_23,140.0,0.1,3.005893041392244,1013.6617090733952,=,1,10000000,-0.061802981238033655,0.015037593984962405,0.015037593984962405,0
SYN:Wu_2021:47:Matusu_2026:93:13,Wu_2021,47,True,True,Matusu_2026,Matusu_2026_GE_virgin_CLM2,93,Matusu2026_93_8,130.0,0.1,2.7121145785168643,515.3645936312613,=,1,10000000,-0.061802981238033655,0.015037593984962405,0.015037593984962405,0
SYN:Wu_2021:47:Matusu_2026:93:14,Wu_2021,47,True,True,Matusu_2026,Matusu_2026_GE_virgin_CLM2,93,Matusu2026_93_26,70.0,0.1,5.452414429991782,283409.5170395639,=,1,10000000,-0.061802981238033655,0.015037593984962405,0.015037593984962405,0
SYN:Wu_2021:47:Matusu_2026:94:0,Wu_2021,47,True,True,Matusu_2026,Matusu_2026_GE_virgin_CLM2,94,Matusu2026_94_33,70.0,0.1,1.5689026859596868,37.05976712280275,=,1,10000000,-0.061802981238033655,0.015037593984962405,0.015037593984962405,0
SYN:Wu_2021:47:Matusu_2026:94:1,Wu_2021,47,True,True,Matusu_2026,Matusu_2026_GE_virgin_CLM2,94,Matusu2026_94_36,125.0,0.1,0.22471679173162729,1.677709608202788,=,1,10000000,-0.061802981238033655,0.015037593984962405,0.015037593984962405,0
SYN:Wu_2021:47:Matusu_2026:94:2,Wu_2021,47,True,True,Matusu_2026,Matusu_2026_GE_virgin_CLM2,94,Matusu2026_94_3,75.0,0.1,5.476793730187162,299773.8393587565,=,1,10000000,-0.061802981238033655,0.015037593984962405,0.015037593984962405,0
SYN:Wu_2021:47:Matusu_2026:94:3,Wu_2021,47,True,True,Matusu_2026,Matusu_2026_GE_virgin_CLM2,94,Matusu2026_94_13,90.0,0.1,4.650156836452708,44684.49318045933,=,1,10000000,-0.061802981238033655,0.015037593984962405,0.015037593984962405,0
SYN:Wu_2021:47:Matusu_2026:94:4,Wu_2021,47,True,True,Matusu_2026,Matusu_2026_GE_virgin_CLM2,94,Matusu2026_94_3,75.0,0.1,5.4009069649372226,251713.76458802473,=,1,10000000,-0.061802981238033655,0.015037593984962405,0.015037593984962405,0
SYN:Wu_2021:47:Matusu_2026:94:5,Wu_2021,47,True,True,Matusu_2026,Matusu_2026_GE_virgin_CLM2,94,Matusu2026_94_1,140.0,0.1,2.8837508673866035,765.1575490958952,=,1,10000000,-0.061802981238033655,0.015037593984962405,0.015037593984962405,0
SYN:Wu_2021:47:Matusu_2026:94:6,Wu_2021,47,True,True,Matusu_2026,Matusu_2026_GE_virgin_CLM2,94,Matusu2026_94_3,75.0,0.1,4.392491615646945,24688.324419413286,=,1,10000000,-0.061802981238033655,0.015037593984962405,0.015037593984962405,0
SYN:Wu_2021:47:Matusu_2026:94:7,Wu_2021,47,True,True,Matusu_2026,Matusu_2026_GE_virgin_CLM2,94,Matusu2026_94_3,75.0,0.1,6.534365328090197,3422672.363127036,=,1,10000000,-0.061802981238033655,0.015037593984962405,0.015037593984962405,0
SYN:Wu_2021:47:Matusu_2026:94:8,Wu_2021,47,True,True,Matusu_2026,Matusu_2026_GE_virgin_CLM2,94,Matusu2026_94_34,80.0,0.1,5.952831427860974,897080.5235888907,=,1,10000000,-0.061802981238033655,0.015037593984962405,0.015037593984962405,0
SYN:Wu_2021:47:Matusu_2026:94:9,Wu_2021,47,True,True,Matusu_2026,Matusu_2026_GE_virgin_CLM2,94,Matusu2026_94_27,100.0,0.1,5.297749839673522,198495.1225446158,=,1,10000000,-0.061802981238033655,0.015037593984962405,0.015037593984962405,0
SYN:Wu_2021:47:Matusu_2026:94:10,Wu_2021,47,True,True,Matusu_2026,Matusu_2026_GE_virgin_CLM2,94,Matusu2026_94_27,100.0,0.1,4.073954805623774,11856.453588706006,=,1,10000000,-0.061802981238033655,0.015037593984962405,0.015037593984962405,0
SYN:Wu_2021:47:Matusu_2026:94:11,Wu_2021,47,True,True,Matusu_2026,Matusu_2026_GE_virgin_CLM2,94,Matusu2026_94_34,80.0,0.1,3.3352530742062925,2163.979160917971,=,1,10000000,-0.061802981238033655,0.015037593984962405,0.015037593984962405,0
SYN:Wu_2021:47:Matusu_2026:94:12,Wu_2021,47,True,True,Matusu_2026,Matusu_2026_GE_virgin_CLM2,94,Matusu2026_94_9,125.0,0.1,4.5228514394107355,33331.23759627457,=,1,10000000,-0.061802981238033655,0.015037593984962405,0.015037593984962405,0
SYN:Wu_2021:47:Matusu_2026:94:13,Wu_2021,47,True,True,Matusu_2026,Matusu_2026_GE_virgin_CLM2,94,Matusu2026_94_19,90.0,0.1,4.005955277854579,10138.0698202052,=,1,10000000,-0.061802981238033655,0.015037593984962405,0.015037593984962405,0
SYN:Wu_2021:47:Matusu_2026:94:14,Wu_2021,47,True,True,Matusu_2026,Matusu_2026_GE_virgin_CLM2,94,Matusu2026_94_33,70.0,0.1,6.676394542344848,4746730.14364764,=,1,10000000,-0.061802981238033655,0.015037593984962405,0.015037593984962405,0
SYN:Wu_2021:47:Matusu_2026:C01:0,Wu_2021,47,True,True,Matusu_2026,Matusu_2026_Aconity_TWO,C01,Matusu2026_C01_2,50.0,0.1,6.3319094402028835,2147382.6516920207,=,1,10000000,-0.061802981238033655,0.015037593984962405,0.015037593984962405,0
SYN:Wu_2021:47:Matusu_2026:C01:1,Wu_2021,47,True,True,Matusu_2026,Matusu_2026_Aconity_TWO,C01,Matusu2026_C01_2,50.0,0.1,6.950985269037514,8932751.839552786,=,1,10000000,-0.061802981238033655,0.015037593984962405,0.015037593984962405,0
SYN:Wu_2021:47:Matusu_2026:C01:2,Wu_2021,47,True,True,Matusu_2026,Matusu_2026_Aconity_TWO,C01,Matusu2026_C01_2,50.0,0.1,5.945394388926676,881849.3292779293,=,1,10000000,-0.061802981238033655,0.015037593984962405,0.015037593984962405,0
SYN:Wu_2021:47:Matusu_2026:C01:3,Wu_2021,47,True,True,Matusu_2026,Matusu_2026_Aconity_TWO,C01,Matusu2026_C01_9,110.0,0.1,4.311625210733535,20493.928218921035,=,1,10000000,-0.061802981238033655,0.015037593984962405,0.015037593984962405,0
SYN:Wu_2021:47:Matusu_2026:C01:4,Wu_2021,47,True,True,Matusu_2026,Matusu_2026_Aconity_TWO,C01,Matusu2026_C01_4,90.0,0.1,4.284658758569835,19260.109795740234,=,1,10000000,-0.061802981238033655,0.015037593984962405,0.015037593984962405,0
SYN:Wu_2021:47:Matusu_2026:C01:5,Wu_2021,47,True,True,Matusu_2026,Matusu_2026_Aconity_TWO,C01,Matusu2026_C01_2,50.0,0.1,7.089302134410092,10000000,>=,0,10000000,-0.061802981238033655,0.015037593984962405,0.015037593984962405,0
SYN:Wu_2021:47:Matusu_2026:C01:6,Wu_2021,47,True,True,Matusu_2026,Matusu_2026_Aconity_TWO,C01,Matusu2026_C01_8,80.0,0.1,5.625750866302042,422426.21929627896,=,1,10000000,-0.061802981238033655,0.015037593984962405,0.015037593984962405,0
SYN:Wu_2021:47:Matusu_2026:C01:7,Wu_2021,47,True,True,Matusu_2026,Matusu_2026_Aconity_TWO,C01,Matusu2026_C01_7,40.0,0.1,7.452194740551128,10000000,>=,0,10000000,-0.061802981238033655,0.015037593984962405,0.015037593984962405,0
SYN:Wu_2021:47:Matusu_2026:C01:8,Wu_2021,47,True,True,Matusu_2026,Matusu_2026_Aconity_TWO,C01,Matusu2026_C01_4,90.0,0.1,4.553457514798551,35764.941152831496,=,1,10000000,-0.061802981238033655,0.015037593984962405,0.015037593984962405,0
SYN:Wu_2021:47:Matusu_2026:C01:9,Wu_2021,47,True,True,Matusu_2026,Matusu_2026_Aconity_TWO,C01,Matusu2026_C01_3,70.0,0.1,5.7381271463784405,547176.1336619628,=,1,10000000,-0.061802981238033655,0.015037593984962405,0.015037593984962405,0
SYN:Wu_2021:47:Matusu_2026:C02:0,Wu_2021,47,True,True,Matusu_2026,Matusu_2026_Aconity_TWO,C02,Matusu2026_C02_3,80.0,0.1,4.280067283556096,19057.559464549802,=,1,10000000,-0.061802981238033655,0.015037593984962405,0.015037593984962405,0
SYN:Wu_2021:47:Matusu_2026:C02:1,Wu_2021,47,True,True,Matusu_2026,Matusu_2026_Aconity_TWO,C02,Matusu2026_C02_3,80.0,0.1,5.391654384927569,246407.76237983454,=,1,10000000,-0.061802981238033655,0.015037593984962405,0.015037593984962405,0
SYN:Wu_2021:47:Matusu_2026:C02:2,Wu_2021,47,True,True,Matusu_2026,Matusu_2026_Aconity_TWO,C02,Matusu2026_C02_9,65.0,0.1,5.970976365423644,935354.770172948,=,1,10000000,-0.061802981238033655,0.015037593984962405,0.015037593984962405,0
SYN:Wu_2021:47:Matusu_2026:C02:3,Wu_2021,47,True,True,Matusu_2026,Matusu_2026_Aconity_TWO,C02,Matusu2026_C02_9,65.0,0.1,5.716450145121064,520535.25047495315,=,1,10000000,-0.061802981238033655,0.015037593984962405,0.015037593984962405,0
SYN:Wu_2021:47:Matusu_2026:C02:4,Wu_2021,47,True,True,Matusu_2026,Matusu_2026_Aconity_TWO,C02,Matusu2026_C02_6,75.0,0.1,4.8992201059078475,79290.30819239843,=,1,10000000,-0.061802981238033655,0.015037593984962405,0.015037593984962405,0
SYN:Wu_2021:47:Matusu_2026:C02:5,Wu_2021,47,True,True,Matusu_2026,Matusu_2026_Aconity_TWO,C02,Matusu2026_C02_1,100.0,0.1,4.939213113474925,86938.6943157847,=,1,10000000,-0.061802981238033655,0.015037593984962405,0.015037593984962405,0
SYN:Wu_2021:47:Matusu_2026:C02:6,Wu_2021,47,True,True,Matusu_2026,Matusu_2026_Aconity_TWO,C02,Matusu2026_C02_9,65.0,0.1,4.551344538392579,35591.35631370703,=,1,10000000,-0.061802981238033655,0.015037593984962405,0.015037593984962405,0
SYN:Wu_2021:47:Matusu_2026:C02:7,Wu_2021,47,True,True,Matusu_2026,Matusu_2026_Aconity_TWO,C02,Matusu2026_C02_1,100.0,0.1,5.436446737579478,273178.63936203107,=,1,10000000,-0.061802981238033655,0.015037593984962405,0.015037593984962405,0
SYN:Wu_2021:47:Matusu_2026:C02:8,Wu_2021,47,True,True,Matusu_2026,Matusu_2026_Aconity_TWO,C02,Matusu2026_C02_2,60.0,0.1,6.121047163429233,1321439.131789224,=,1,10000000,-0.061802981238033655,0.015037593984962405,0.015037593984962405,0
SYN:Wu_2021:47:Matusu_2026:C02:9,Wu_2021,47,True,True,Matusu_2026,Matusu_2026_Aconity_TWO,C02,Matusu2026_C02_1,100.0,0.1,4.7076741960021105,51012.21671169952,=,1,10000000,-0.061802981238033655,0.015037593984962405,0.015037593984962405,0
SYN:Wu_2021:47:Matusu_2026:C03:0,Wu_2021,47,True,True,Matusu_2026,Matusu_2026_Aconity_TWO,C03,Matusu2026_C03_6,65.0,0.1,5.777091049258907,598537.0644048954,=,1,10000000,-0.061802981238033655,0.015037593984962405,0.015037593984962405,0
SYN:Wu_2021:47:Matusu_2026:C03:1,Wu_2021,47,True,True,Matusu_2026,Matusu_2026_Aconity_TWO,C03,Matusu2026_C03_5,70.0,0.1,5.423289778776911,265026.79143125,=,1,10000000,-0.061802981238033655,0.015037593984962405,0.015037593984962405,0
SYN:Wu_2021:47:Matusu_2026:C03:2,Wu_2021,47,True,True,Matusu_2026,Matusu_2026_Aconity_TWO,C03,Matusu2026_C03_6,65.0,0.1,5.650126949688857,446814.1824167785,=,1,10000000,-0.061802981238033655,0.015037593984962405,0.015037593984962405,0
SYN:Wu_2021:47:Matusu_2026:C03:3,Wu_2021,47,True,True,Matusu_2026,Matusu_2026_Aconity_TWO,C03,Matusu2026_C03_5,70.0,0.1,6.5069544582980186,3213323.5601540655,=,1,10000000,-0.061802981238033655,0.015037593984962405,0.015037593984962405,0
SYN:Wu_2021:47:Matusu_2026:C03:4,Wu_2021,47,True,True,Matusu_2026,Matusu_2026_Aconity_TWO,C03,Matusu2026_C03_5,70.0,0.1,5.648127075355043,444761.38642199524,=,1,10000000,-0.061802981238033655,0.015037593984962405,0.015037593984962405,0
SYN:Wu_2021:47:Matusu_2026:C03:5,Wu_2021,47,True,True,Matusu_2026,Matusu_2026_Aconity_TWO,C03,Matusu2026_C03_4,100.0,0.1,4.145834888213747,13990.553230883988,=,1,10000000,-0.061802981238033655,0.015037593984962405,0.015037593984962405,0
SYN:Wu_2021:47:Matusu_2026:C03:6,Wu_2021,47,True,True,Matusu_2026,Matusu_2026_Aconity_TWO,C03,Matusu2026_C03_2,110.0,0.1,3.5676607093659154,3695.3936599017684,=,1,10000000,-0.061802981238033655,0.015037593984962405,0.015037593984962405,0
SYN:Wu_2021:47:Matusu_2026:C03:7,Wu_2021,47,True,True,Matusu_2026,Matusu_2026_Aconity_TWO,C03,Matusu2026_C03_1,90.0,0.1,5.832167160044871,679465.1085677214,=,1,10000000,-0.061802981238033655,0.015037593984962405,0.015037593984962405,0
SYN:Wu_2021:47:Matusu_2026:C03:8,Wu_2021,47,True,True,Matusu_2026,Matusu_2026_Aconity_TWO,C03,Matusu2026_C03_1,90.0,0.1,4.213099618938838,16334.265820849874,=,1,10000000,-0.061802981238033655,0.015037593984962405,0.015037593984962405,0
SYN:Wu_2021:47:Matusu_2026:C03:9,Wu_2021,47,True,True,Matusu_2026,Matusu_2026_Aconity_TWO,C03,Matusu2026_C03_9,75.0,0.1,6.15086896443413,1415366.6703294942,=,1,10000000,-0.061802981238033655,0.015037593984962405,0.015037593984962405,0
SYN:Wu_2021:71:Chen_2024:L10:0,Wu_2021,71,True,True,Chen_2024,Chen_2024,L10,Chen_2024:Chen2024-L10-T4-r02,99.0,0.1,4.610825473141205,40815.533086837124,=,1,10000000,0.0,0.1111111111111111,0.0,0
SYN:Wu_2021:71:Chen_2024:L10:1,Wu_2021,71,True,True,Chen_2024,Chen_2024,L10,Chen_2024:Chen2024-L10-T4-r08,81.0,0.1,5.7815852533585215,604763.0565635801,=,1,10000000,0.0,0.1111111111111111,0.0,0
SYN:Wu_2021:71:Chen_2024:L10:2,Wu_2021,71,True,True,Chen_2024,Chen_2024,L10,Chen_2024:Chen2024-L10-T4-r01,99.0,0.1,5.6559670575855625,452863.2276966112,=,1,10000000,0.0,0.1111111111111111,0.0,0
SYN:Wu_2021:71:Chen_2024:L10:3,Wu_2021,71,True,True,Chen_2024,Chen_2024,L10,Chen_2024:Chen2024-L10-T4-r03,90.0,0.1,2.019680539394332,104.63585789823618,=,1,10000000,0.0,0.1111111111111111,0.0,0
SYN:Wu_2021:71:Chen_2024:L10:4,Wu_2021,71,True,True,Chen_2024,Chen_2024,L10,Chen_2024:Chen2024-L10-T4-r05,85.5,0.1,5.014836161902937,103475.1731746885,=,1,10000000,0.0,0.1111111111111111,0.0,0
SYN:Wu_2021:71:Chen_2024:L10:5,Wu_2021,71,True,True,Chen_2024,Chen_2024,L10,Chen_2024:Chen2024-L10-T4-r08,81.0,0.1,5.823906680637602,666663.5039864804,=,1,10000000,0.0,0.1111111111111111,0.0,0
SYN:Wu_2021:71:Chen_2024:L10:6,Wu_2021,71,True,True,Chen_2024,Chen_2024,L10,Chen_2024:Chen2024-L10-T4-r02,99.0,0.1,2.8156884352230875,654.1667036087404,=,1,10000000,0.0,0.1111111111111111,0.0,0
SYN:Wu_2021:71:Chen_2024:L10:7,Wu_2021,71,True,True,Chen_2024,Chen_2024,L10,Chen_2024:Chen2024-L10-T4-r08,81.0,0.1,4.345079903690657,22135.01923399234,=,1,10000000,0.0,0.1111111111111111,0.0,0
SYN:Wu_2021:71:Chen_2024:L10:8,Wu_2021,71,True,True,Chen_2024,Chen_2024,L10,Chen_2024:Chen2024-L10-T4-r09,72.0,0.1,6.118858724097757,1314797.0594160906,=,1,10000000,0.0,0.1111111111111111,0.0,0
SYN:Wu_2021:71:Chen_2024:L40:0,Wu_2021,71,True,True,Chen_2024,Chen_2024,L40,Chen_2024:Chen2024-L40-T3-r06,72.0,0.1,5.878064797679477,755204.8974700555,=,1,10000000,0.0,0.1111111111111111,0.0,0
SYN:Wu_2021:71:Chen_2024:L40:1,Wu_2021,71,True,True,Chen_2024,Chen_2024,L40,Chen_2024:Chen2024-L40-T3-r01,99.0,0.1,4.915320640570583,82284.99376561832,=,1,10000000,0.0,0.1111111111111111,0.0,0
SYN:Wu_2021:71:Chen_2024:L40:2,Wu_2021,71,True,True,Chen_2024,Chen_2024,L40,Chen_2024:Chen2024-L40-T3-r04,81.0,0.1,5.072141201267716,118070.4453253169,=,1,10000000,0.0,0.1111111111111111,0.0,0
SYN:Wu_2021:71:Chen_2024:L40:3,Wu_2021,71,True,True,Chen_2024,Chen_2024,L40,Chen_2024:Chen2024-L40-T3-r09,67.5,0.1,4.82299625824361,66526.74244241956,=,1,10000000,0.0,0.1111111111111111,0.0,0
SYN:Wu_2021:71:Chen_2024:L40:4,Wu_2021,71,True,True,Chen_2024,Chen_2024,L40,Chen_2024:Chen2024-L40-T3-r03,90.0,0.1,5.432356208682297,270617.70626920555,=,1,10000000,0.0,0.1111111111111111,0.0,0
SYN:Wu_2021:71:Chen_2024:L40:5,Wu_2021,71,True,True,Chen_2024,Chen_2024,L40,Chen_2024:Chen2024-L40-T3-r09,67.5,0.1,5.367483710390794,233068.56937915942,=,1,10000000,0.0,0.1111111111111111,0.0,0
SYN:Wu_2021:71:Chen_2024:L40:6,Wu_2021,71,True,True,Chen_2024,Chen_2024,L40,Chen_2024:Chen2024-L40-T3-r03,90.0,0.1,4.614121935408189,41126.517444264784,=,1,10000000,0.0,0.1111111111111111,0.0,0
SYN:Wu_2021:71:Chen_2024:L40:7,Wu_2021,71,True,True,Chen_2024,Chen_2024,L40,Chen_2024:Chen2024-L40-T3-r04,81.0,0.1,3.9295601557840287,8502.76460064444,=,1,10000000,0.0,0.1111111111111111,0.0,0
SYN:Wu_2021:71:Chen_2024:L40:8,Wu_2021,71,True,True,Chen_2024,Chen_2024,L40,Chen_2024:Chen2024-L40-T3-r04,81.0,0.1,5.761296451774259,577160.3017183787,=,1,10000000,0.0,0.1111111111111111,0.0,0
SYN:Wu_2021:71:Matusu_2026:71:0,Wu_2021,71,True,True,Matusu_2026,Matusu_2026_Eckart_CLM2,71,Matusu2026_71_19,40.0,0.1,5.43829254488047,274342.1544416374,=,1,10000000,0.0,0.015037593984962405,0.015037593984962405,0
SYN:Wu_2021:71:Matusu_2026:71:1,Wu_2021,71,True,True,Matusu_2026,Matusu_2026_Eckart_CLM2,71,Matusu2026_71_32,60.0,0.1,6.626755183486658,4234042.212091501,=,1,10000000,0.0,0.015037593984962405,0.015037593984962405,0
SYN:Wu_2021:71:Matusu_2026:71:2,Wu_2021,71,True,True,Matusu_2026,Matusu_2026_Eckart_CLM2,71,Matusu2026_71_3,90.0,0.1,4.951857726149529,89507.14941991241,=,1,10000000,0.0,0.015037593984962405,0.015037593984962405,0
SYN:Wu_2021:71:Matusu_2026:71:3,Wu_2021,71,True,True,Matusu_2026,Matusu_2026_Eckart_CLM2,71,Matusu2026_71_12,50.0,0.1,6.577381700923123,3779041.8456495744,=,1,10000000,0.0,0.015037593984962405,0.015037593984962405,0
SYN:Wu_2021:71:Matusu_2026:71:4,Wu_2021,71,True,True,Matusu_2026,Matusu_2026_Eckart_CLM2,71,Matusu2026_71_11,70.0,0.1,5.9531840327774015,897809.1615511853,=,1,10000000,0.0,0.015037593984962405,0.015037593984962405,0
SYN:Wu_2021:71:Matusu_2026:71:5,Wu_2021,71,True,True,Matusu_2026,Matusu_2026_Eckart_CLM2,71,Matusu2026_71_19,40.0,0.1,6.853047582150815,7129311.359740259,=,1,10000000,0.0,0.015037593984962405,0.015037593984962405,0
SYN:Wu_2021:71:Matusu_2026:71:6,Wu_2021,71,True,True,Matusu_2026,Matusu_2026_Eckart_CLM2,71,Matusu2026_71_51,30.0,0.1,8.064662941062137,10000000,>=,0,10000000,0.0,0.015037593984962405,0.015037593984962405,0
SYN:Wu_2021:71:Matusu_2026:71:7,Wu_2021,71,True,True,Matusu_2026,Matusu_2026_Eckart_CLM2,71,Matusu2026_71_3,90.0,0.1,4.075099678367173,11887.750413056023,=,1,10000000,0.0,0.015037593984962405,0.015037593984962405,0
SYN:Wu_2021:71:Matusu_2026:71:8,Wu_2021,71,True,True,Matusu_2026,Matusu_2026_Eckart_CLM2,71,Matusu2026_71_51,30.0,0.1,7.871383934076194,10000000,>=,0,10000000,0.0,0.015037593984962405,0.015037593984962405,0
SYN:Wu_2021:71:Matusu_2026:71:9,Wu_2021,71,True,True,Matusu_2026,Matusu_2026_Eckart_CLM2,71,Matusu2026_71_11,70.0,0.1,6.096126294221977,1247746.3101001414,=,1,10000000,0.0,0.015037593984962405,0.015037593984962405,0
SYN:Wu_2021:71:Matusu_2026:71:10,Wu_2021,71,True,True,Matusu_2026,Matusu_2026_Eckart_CLM2,71,Matusu2026_71_12,50.0,0.1,5.5875956369183895,386897.2447239975,=,1,10000000,0.0,0.015037593984962405,0.015037593984962405,0
SYN:Wu_2021:71:Matusu_2026:72:0,Wu_2021,71,True,True,Matusu_2026,Matusu_2026_Eckart_CLM2,72,Matusu2026_72_23,100.0,0.1,4.956740520677279,90519.16115537024,=,1,10000000,0.0,0.015037593984962405,0.015037593984962405,0
SYN:Wu_2021:71:Matusu_2026:72:1,Wu_2021,71,True,True,Matusu_2026,Matusu_2026_Eckart_CLM2,72,Matusu2026_72_1,80.0,0.1,4.693580515498802,49383.346341954326,=,1,10000000,0.0,0.015037593984962405,0.015037593984962405,0
SYN:Wu_2021:71:Matusu_2026:72:2,Wu_2021,71,True,True,Matusu_2026,Matusu_2026_Eckart_CLM2,72,Matusu2026_72_9,70.0,0.1,4.973668825331259,94117.16249942809,=,1,10000000,0.0,0.015037593984962405,0.015037593984962405,0
SYN:Wu_2021:71:Matusu_2026:72:3,Wu_2021,71,True,True,Matusu_2026,Matusu_2026_Eckart_CLM2,72,Matusu2026_72_2,90.0,0.1,4.701890933105934,50337.41776338529,=,1,10000000,0.0,0.015037593984962405,0.015037593984962405,0
SYN:Wu_2021:71:Matusu_2026:72:4,Wu_2021,71,True,True,Matusu_2026,Matusu_2026_Eckart_CLM2,72,Matusu2026_72_2,90.0,0.1,4.800704849203359,63198.22040816721,=,1,10000000,0.0,0.015037593984962405,0.015037593984962405,0
SYN:Wu_2021:71:Matusu_2026:72:5,Wu_2021,71,True,True,Matusu_2026,Matusu_2026_Eckart_CLM2,72,Matusu2026_72_26,45.0,0.1,5.908117182023865,809314.2401685681,=,1,10000000,0.0,0.015037593984962405,0.015037593984962405,0
SYN:Wu_2021:71:Matusu_2026:72:6,Wu_2021,71,True,True,Matusu_2026,Matusu_2026_Eckart_CLM2,72,Matusu2026_72_23,100.0,0.1,3.157151839696244,1435.9914023995427,=,1,10000000,0.0,0.015037593984962405,0.015037593984962405,0
SYN:Wu_2021:71:Matusu_2026:72:7,Wu_2021,71,True,True,Matusu_2026,Matusu_2026_Eckart_CLM2,72,Matusu2026_72_2,90.0,0.1,5.525526323466368,335371.63138697576,=,1,10000000,0.0,0.015037593984962405,0.015037593984962405,0
SYN:Wu_2021:71:Matusu_2026:72:8,Wu_2021,71,True,True,Matusu_2026,Matusu_2026_Eckart_CLM2,72,Matusu2026_72_18,40.0,0.1,6.484758695810355,3053224.198934675,=,1,10000000,0.0,0.015037593984962405,0.015037593984962405,0
SYN:Wu_2021:71:Matusu_2026:72:9,Wu_2021,71,True,True,Matusu_2026,Matusu_2026_Eckart_CLM2,72,Matusu2026_72_50,50.0,0.1,5.959853730022225,911703.7266735762,=,1,10000000,0.0,0.015037593984962405,0.015037593984962405,0
SYN:Wu_2021:71:Matusu_2026:72:10,Wu_2021,71,True,True,Matusu_2026,Matusu_2026_Eckart_CLM2,72,Matusu2026_72_23,100.0,0.1,1.9257828037854963,84.29131007329197,=,1,10000000,0.0,0.015037593984962405,0.015037593984962405,0
SYN:Wu_2021:71:Matusu_2026:73:0,Wu_2021,71,True,True,Matusu_2026,Matusu_2026_Eckart_CLM2,73,Matusu2026_73_8,70.0,0.1,5.82616863655022,670144.7761229288,=,1,10000000,0.0,0.015037593984962405,0.015037593984962405,0
SYN:Wu_2021:71:Matusu_2026:73:1,Wu_2021,71,True,True,Matusu_2026,Matusu_2026_Eckart_CLM2,73,Matusu2026_73_15,50.0,0.1,6.23134906158103,1703527.1580195122,=,1,10000000,0.0,0.015037593984962405,0.015037593984962405,0
SYN:Wu_2021:71:Matusu_2026:73:2,Wu_2021,71,True,True,Matusu_2026,Matusu_2026_Eckart_CLM2,73,Matusu2026_73_31,40.0,0.1,7.866366657170528,10000000,>=,0,10000000,0.0,0.015037593984962405,0.015037593984962405,0
SYN:Wu_2021:71:Matusu_2026:73:3,Wu_2021,71,True,True,Matusu_2026,Matusu_2026_Eckart_CLM2,73,Matusu2026_73_6,90.0,0.1,5.206627635070986,160926.52563488542,=,1,10000000,0.0,0.015037593984962405,0.015037593984962405,0
SYN:Wu_2021:71:Matusu_2026:73:4,Wu_2021,71,True,True,Matusu_2026,Matusu_2026_Eckart_CLM2,73,Matusu2026_73_8,70.0,0.1,5.739327658243941,548690.774583553,=,1,10000000,0.0,0.015037593984962405,0.015037593984962405,0
SYN:Wu_2021:71:Matusu_2026:73:5,Wu_2021,71,True,True,Matusu_2026,Matusu_2026_Eckart_CLM2,73,Matusu2026_73_15,50.0,0.1,3.9783654437043796,9514.050311726465,=,1,10000000,0.0,0.015037593984962405,0.015037593984962405,0
SYN:Wu_2021:71:Matusu_2026:73:6,Wu_2021,71,True,True,Matusu_2026,Matusu_2026_Eckart_CLM2,73,Matusu2026_73_14,60.0,0.1,6.605023000110731,4027383.6266842387,=,1,10000000,0.0,0.015037593984962405,0.015037593984962405,0
SYN:Wu_2021:71:Matusu_2026:73:7,Wu_2021,71,True,True,Matusu_2026,Matusu_2026_Eckart_CLM2,73,Matusu2026_73_8,70.0,0.1,6.033158219782868,1079339.869790307,=,1,10000000,0.0,0.015037593984962405,0.015037593984962405,0
SYN:Wu_2021:71:Matusu_2026:73:8,Wu_2021,71,True,True,Matusu_2026,Matusu_2026_Eckart_CLM2,73,Matusu2026_73_5,80.0,0.1,4.780109895358071,60271.20791015887,=,1,10000000,0.0,0.015037593984962405,0.015037593984962405,0
SYN:Wu_2021:71:Matusu_2026:73:9,Wu_2021,71,True,True,Matusu_2026,Matusu_2026_Eckart_CLM2,73,Matusu2026_73_22,100.0,0.1,5.982148575093733,959728.9051411981,=,1,10000000,0.0,0.015037593984962405,0.015037593984962405,0
SYN:Wu_2021:71:Matusu_2026:73:10,Wu_2021,71,True,True,Matusu_2026,Matusu_2026_Eckart_CLM2,73,Matusu2026_73_14,60.0,0.1,5.674076388277428,472146.07997479115,=,1,10000000,0.0,0.015037593984962405,0.015037593984962405,0
SYN:Wu_2021:71:Matusu_2026:74:0,Wu_2021,71,True,True,Matusu_2026,Matusu_2026_Eckart_CLM2,74,Matusu2026_74_13,80.0,0.1,6.148591257897172,1407963.0512523677,=,1,10000000,0.0,0.015037593984962405,0.015037593984962405,0
SYN:Wu_2021:71:Matusu_2026:74:1,Wu_2021,71,True,True,Matusu_2026,Matusu_2026_Eckart_CLM2,74,Matusu2026_74_56,35.0,0.1,7.788731976407249,10000000,>=,0,10000000,0.0,0.015037593984962405,0.015037593984962405,0
SYN:Wu_2021:71:Matusu_2026:74:2,Wu_2021,71,True,True,Matusu_2026,Matusu_2026_Eckart_CLM2,74,Matusu2026_74_40,110.0,0.1,3.5509234086093544,3555.6860560192276,=,1,10000000,0.0,0.015037593984962405,0.015037593984962405,0
SYN:Wu_2021:71:Matusu_2026:74:3,Wu_2021,71,True,True,Matusu_2026,Matusu_2026_Eckart_CLM2,74,Matusu2026_74_38,50.0,0.1,5.317481860321713,207721.6962245096,=,1,10000000,0.0,0.015037593984962405,0.015037593984962405,0
SYN:Wu_2021:71:Matusu_2026:74:4,Wu_2021,71,True,True,Matusu_2026,Matusu_2026_Eckart_CLM2,74,Matusu2026_74_13,80.0,0.1,3.8166956287079126,6556.8557403398645,=,1,10000000,0.0,0.015037593984962405,0.015037593984962405,0
SYN:Wu_2021:71:Matusu_2026:74:5,Wu_2021,71,True,True,Matusu_2026,Matusu_2026_Eckart_CLM2,74,Matusu2026_74_20,70.0,0.1,6.4731455007784735,2972661.789632106,=,1,10000000,0.0,0.015037593984962405,0.015037593984962405,0
SYN:Wu_2021:71:Matusu_2026:74:6,Wu_2021,71,True,True,Matusu_2026,Matusu_2026_Eckart_CLM2,74,Matusu2026_74_13,80.0,0.1,5.380769101886863,240308.48300960765,=,1,10000000,0.0,0.015037593984962405,0.015037593984962405,0
SYN:Wu_2021:71:Matusu_2026:74:7,Wu_2021,71,True,True,Matusu_2026,Matusu_2026_Eckart_CLM2,74,Matusu2026_74_55,30.0,0.1,8.688697248583631,10000000,>=,0,10000000,0.0,0.015037593984962405,0.015037593984962405,0
SYN:Wu_2021:71:Matusu_2026:74:8,Wu_2021,71,True,True,Matusu_2026,Matusu_2026_Eckart_CLM2,74,Matusu2026_74_38,50.0,0.1,7.213272674930121,10000000,>=,0,10000000,0.0,0.015037593984962405,0.015037593984962405,0
SYN:Wu_2021:71:Matusu_2026:74:9,Wu_2021,71,True,True,Matusu_2026,Matusu_2026_Eckart_CLM2,74,Matusu2026_74_55,30.0,0.1,8.398371099463867,10000000,>=,0,10000000,0.0,0.015037593984962405,0.015037593984962405,0
SYN:Wu_2021:71:Matusu_2026:74:10,Wu_2021,71,True,True,Matusu_2026,Matusu_2026_Eckart_CLM2,74,Matusu2026_74_56,35.0,0.1,7.524721363713541,10000000,>=,0,10000000,0.0,0.015037593984962405,0.015037593984962405,0
SYN:Wu_2021:71:Matusu_2026:91:0,Wu_2021,71,True,True,Matusu_2026,Matusu_2026_GE_virgin_CLM2,91,Matusu2026_91_11,40.0,0.1,6.758750765962734,5737870.8129344545,=,1,10000000,0.0,0.015037593984962405,0.015037593984962405,0
SYN:Wu_2021:71:Matusu_2026:91:1,Wu_2021,71,True,True,Matusu_2026,Matusu_2026_GE_virgin_CLM2,91,Matusu2026_91_20,110.0,0.1,4.139638350929056,13792.352587776855,=,1,10000000,0.0,0.015037593984962405,0.015037593984962405,0
SYN:Wu_2021:71:Matusu_2026:91:2,Wu_2021,71,True,True,Matusu_2026,Matusu_2026_GE_virgin_CLM2,91,Matusu2026_91_34,140.0,0.1,3.1811582721005083,1517.6033344326827,=,1,10000000,0.0,0.015037593984962405,0.015037593984962405,0
SYN:Wu_2021:71:Matusu_2026:91:3,Wu_2021,71,True,True,Matusu_2026,Matusu_2026_GE_virgin_CLM2,91,Matusu2026_91_11,40.0,0.1,7.602887838304796,10000000,>=,0,10000000,0.0,0.015037593984962405,0.015037593984962405,0
SYN:Wu_2021:71:Matusu_2026:91:4,Wu_2021,71,True,True,Matusu_2026,Matusu_2026_GE_virgin_CLM2,91,Matusu2026_91_21,50.0,0.1,7.274773089340076,10000000,>=,0,10000000,0.0,0.015037593984962405,0.015037593984962405,0
SYN:Wu_2021:71:Matusu_2026:91:5,Wu_2021,71,True,True,Matusu_2026,Matusu_2026_GE_virgin_CLM2,91,Matusu2026_91_1,55.0,0.1,5.540623269875604,347234.82081712416,=,1,10000000,0.0,0.015037593984962405,0.015037593984962405,0
SYN:Wu_2021:71:Matusu_2026:91:6,Wu_2021,71,True,True,Matusu_2026,Matusu_2026_GE_virgin_CLM2,91,Matusu2026_91_13,60.0,0.1,5.72733010201618,533740.4310336842,=,1,10000000,0.0,0.015037593984962405,0.015037593984962405,0
SYN:Wu_2021:71:Matusu_2026:91:7,Wu_2021,71,True,True,Matusu_2026,Matusu_2026_GE_virgin_CLM2,91,Matusu2026_91_30,70.0,0.1,7.012940235741048,10000000,>=,0,10000000,0.0,0.015037593984962405,0.015037593984962405,0
SYN:Wu_2021:71:Matusu_2026:91:8,Wu_2021,71,True,True,Matusu_2026,Matusu_2026_GE_virgin_CLM2,91,Matusu2026_91_5,45.0,0.1,7.2417175296055225,10000000,>=,0,10000000,0.0,0.015037593984962405,0.015037593984962405,0
SYN:Wu_2021:71:Matusu_2026:91:9,Wu_2021,71,True,True,Matusu_2026,Matusu_2026_GE_virgin_CLM2,91,Matusu2026_91_33,80.0,0.1,6.494787796624007,3124552.286804113,=,1,10000000,0.0,0.015037593984962405,0.015037593984962405,0
SYN:Wu_2021:71:Matusu_2026:91:10,Wu_2021,71,True,True,Matusu_2026,Matusu_2026_GE_virgin_CLM2,91,Matusu2026_91_5,45.0,0.1,6.924639087198387,8406962.054498173,=,1,10000000,0.0,0.015037593984962405,0.015037593984962405,0
SYN:Wu_2021:71:Matusu_2026:91:11,Wu_2021,71,True,True,Matusu_2026,Matusu_2026_GE_virgin_CLM2,91,Matusu2026_91_5,45.0,0.1,5.209905617854201,162145.7679145369,=,1,10000000,0.0,0.015037593984962405,0.015037593984962405,0
SYN:Wu_2021:71:Matusu_2026:91:12,Wu_2021,71,True,True,Matusu_2026,Matusu_2026_GE_virgin_CLM2,91,Matusu2026_91_9,120.0,0.1,4.1068184060038915,12788.464610781923,=,1,10000000,0.0,0.015037593984962405,0.015037593984962405,0
SYN:Wu_2021:71:Matusu_2026:91:13,Wu_2021,71,True,True,Matusu_2026,Matusu_2026_GE_virgin_CLM2,91,Matusu2026_91_11,40.0,0.1,7.315775988875426,10000000,>=,0,10000000,0.0,0.015037593984962405,0.015037593984962405,0
SYN:Wu_2021:71:Matusu_2026:91:14,Wu_2021,71,True,True,Matusu_2026,Matusu_2026_GE_virgin_CLM2,91,Matusu2026_91_5,45.0,0.1,7.88946687747361,10000000,>=,0,10000000,0.0,0.015037593984962405,0.015037593984962405,0
SYN:Wu_2021:71:Matusu_2026:92:0,Wu_2021,71,True,True,Matusu_2026,Matusu_2026_GE_virgin_CLM2,92,Matusu2026_92_17,50.0,0.1,5.35068879657163,224227.45959354448,=,1,10000000,0.0,0.015037593984962405,0.015037593984962405,0
SYN:Wu_2021:71:Matusu_2026:92:1,Wu_2021,71,True,True,Matusu_2026,Matusu_2026_GE_virgin_CLM2,92,Matusu2026_92_28,160.0,0.1,4.015852595932872,10371.76327630064,=,1,10000000,0.0,0.015037593984962405,0.015037593984962405,0
SYN:Wu_2021:71:Matusu_2026:92:2,Wu_2021,71,True,True,Matusu_2026,Matusu_2026_GE_virgin_CLM2,92,Matusu2026_92_16,120.0,0.1,4.061625610713756,11524.593366996962,=,1,10000000,0.0,0.015037593984962405,0.015037593984962405,0
SYN:Wu_2021:71:Matusu_2026:92:3,Wu_2021,71,True,True,Matusu_2026,Matusu_2026_GE_virgin_CLM2,92,Matusu2026_92_14,80.0,0.1,5.654406893376956,451239.2756221644,=,1,10000000,0.0,0.015037593984962405,0.015037593984962405,0
SYN:Wu_2021:71:Matusu_2026:92:4,Wu_2021,71,True,True,Matusu_2026,Matusu_2026_GE_virgin_CLM2,92,Matusu2026_92_23,70.0,0.1,5.857256920584022,719874.7166313434,=,1,10000000,0.0,0.015037593984962405,0.015037593984962405,0
SYN:Wu_2021:71:Matusu_2026:92:5,Wu_2021,71,True,True,Matusu_2026,Matusu_2026_GE_virgin_CLM2,92,Matusu2026_92_17,50.0,0.1,6.602384135488224,4002986.5924577303,=,1,10000000,0.0,0.015037593984962405,0.015037593984962405,0
SYN:Wu_2021:71:Matusu_2026:92:6,Wu_2021,71,True,True,Matusu_2026,Matusu_2026_GE_virgin_CLM2,92,Matusu2026_92_29,55.0,0.1,6.381202135484944,2405482.133041325,=,1,10000000,0.0,0.015037593984962405,0.015037593984962405,0
SYN:Wu_2021:71:Matusu_2026:92:7,Wu_2021,71,True,True,Matusu_2026,Matusu_2026_GE_virgin_CLM2,92,Matusu2026_92_17,50.0,0.1,6.660431144949555,4575421.882864983,=,1,10000000,0.0,0.015037593984962405,0.015037593984962405,0
SYN:Wu_2021:71:Matusu_2026:92:8,Wu_2021,71,True,True,Matusu_2026,Matusu_2026_GE_virgin_CLM2,92,Matusu2026_92_31,60.0,0.1,6.445176340659816,2787252.6732287514,=,1,10000000,0.0,0.015037593984962405,0.015037593984962405,0
SYN:Wu_2021:71:Matusu_2026:92:9,Wu_2021,71,True,True,Matusu_2026,Matusu_2026_GE_virgin_CLM2,92,Matusu2026_92_7,150.0,0.1,3.7151167895751933,5189.395723247092,=,1,10000000,0.0,0.015037593984962405,0.015037593984962405,0
SYN:Wu_2021:71:Matusu_2026:92:10,Wu_2021,71,True,True,Matusu_2026,Matusu_2026_GE_virgin_CLM2,92,Matusu2026_92_2,90.0,0.1,4.931184450538632,85346.25137305522,=,1,10000000,0.0,0.015037593984962405,0.015037593984962405,0
SYN:Wu_2021:71:Matusu_2026:92:11,Wu_2021,71,True,True,Matusu_2026,Matusu_2026_GE_virgin_CLM2,92,Matusu2026_92_23,70.0,0.1,5.743287157824024,553716.1082414207,=,1,10000000,0.0,0.015037593984962405,0.015037593984962405,0
SYN:Wu_2021:71:Matusu_2026:92:12,Wu_2021,71,True,True,Matusu_2026,Matusu_2026_GE_virgin_CLM2,92,Matusu2026_92_29,55.0,0.1,7.191765301036102,10000000,>=,0,10000000,0.0,0.015037593984962405,0.015037593984962405,0
SYN:Wu_2021:71:Matusu_2026:92:13,Wu_2021,71,True,True,Matusu_2026,Matusu_2026_GE_virgin_CLM2,92,Matusu2026_92_35,110.0,0.1,4.617996512733681,41495.07106798773,=,1,10000000,0.0,0.015037593984962405,0.015037593984962405,0
SYN:Wu_2021:71:Matusu_2026:93:0,Wu_2021,71,True,True,Matusu_2026,Matusu_2026_GE_virgin_CLM2,93,Matusu2026_93_8,130.0,0.1,4.352067835139285,22494.059270117432,=,1,10000000,0.0,0.015037593984962405,0.015037593984962405,0
SYN:Wu_2021:71:Matusu_2026:93:1,Wu_2021,71,True,True,Matusu_2026,Matusu_2026_GE_virgin_CLM2,93,Matusu2026_93_31,110.0,0.1,5.004453863937523,101030.81675580786,=,1,10000000,0.0,0.015037593984962405,0.015037593984962405,0
SYN:Wu_2021:71:Matusu_2026:93:2,Wu_2021,71,True,True,Matusu_2026,Matusu_2026_GE_virgin_CLM2,93,Matusu2026_93_28,140.0,0.1,3.3092162305232713,2038.056551441256,=,1,10000000,0.0,0.015037593984962405,0.015037593984962405,0
SYN:Wu_2021:71:Matusu_2026:93:3,Wu_2021,71,True,True,Matusu_2026,Matusu_2026_GE_virgin_CLM2,93,Matusu2026_93_29,65.0,0.1,4.963707162227212,91982.91366333276,=,1,10000000,0.0,0.015037593984962405,0.015037593984962405,0
SYN:Wu_2021:71:Matusu_2026:93:4,Wu_2021,71,True,True,Matusu_2026,Matusu_2026_GE_virgin_CLM2,93,Matusu2026_93_29,65.0,0.1,5.430380804159256,269389.5868081939,=,1,10000000,0.0,0.015037593984962405,0.015037593984962405,0
SYN:Wu_2021:71:Matusu_2026:93:5,Wu_2021,71,True,True,Matusu_2026,Matusu_2026_GE_virgin_CLM2,93,Matusu2026_93_8,130.0,0.1,3.630009016887769,4265.883756020726,=,1,10000000,0.0,0.015037593984962405,0.015037593984962405,0
SYN:Wu_2021:71:Matusu_2026:93:6,Wu_2021,71,True,True,Matusu_2026,Matusu_2026_GE_virgin_CLM2,93,Matusu2026_93_14,80.0,0.1,5.490096200619631,309098.0040024067,=,1,10000000,0.0,0.015037593984962405,0.015037593984962405,0
SYN:Wu_2021:71:Matusu_2026:93:7,Wu_2021,71,True,True,Matusu_2026,Matusu_2026_GE_virgin_CLM2,93,Matusu2026_93_29,65.0,0.1,7.106140086326369,10000000,>=,0,10000000,0.0,0.015037593984962405,0.015037593984962405,0
SYN:Wu_2021:71:Matusu_2026:93:8,Wu_2021,71,True,True,Matusu_2026,Matusu_2026_GE_virgin_CLM2,93,Matusu2026_93_28,140.0,0.1,3.809297034970777,6446.099946873413,=,1,10000000,0.0,0.015037593984962405,0.015037593984962405,0
SYN:Wu_2021:71:Matusu_2026:93:9,Wu_2021,71,True,True,Matusu_2026,Matusu_2026_GE_virgin_CLM2,93,Matusu2026_93_22,120.0,0.1,4.099289569282168,12568.677108677583,=,1,10000000,0.0,0.015037593984962405,0.015037593984962405,0
SYN:Wu_2021:71:Matusu_2026:93:10,Wu_2021,71,True,True,Matusu_2026,Matusu_2026_GE_virgin_CLM2,93,Matusu2026_93_2,130.0,0.1,3.9207330156429405,8331.68833110662,=,1,10000000,0.0,0.015037593984962405,0.015037593984962405,0
SYN:Wu_2021:71:Matusu_2026:93:11,Wu_2021,71,True,True,Matusu_2026,Matusu_2026_GE_virgin_CLM2,93,Matusu2026_93_8,130.0,0.1,3.8210970255053964,6623.644656755067,=,1,10000000,0.0,0.015037593984962405,0.015037593984962405,0
SYN:Wu_2021:71:Matusu_2026:93:12,Wu_2021,71,True,True,Matusu_2026,Matusu_2026_GE_virgin_CLM2,93,Matusu2026_93_31,110.0,0.1,4.464995912747938,29173.995575080142,=,1,10000000,0.0,0.015037593984962405,0.015037593984962405,0
SYN:Wu_2021:71:Matusu_2026:93:13,Wu_2021,71,True,True,Matusu_2026,Matusu_2026_GE_virgin_CLM2,93,Matusu2026_93_17,70.0,0.1,5.493679148228967,311658.6235269299,=,1,10000000,0.0,0.015037593984962405,0.015037593984962405,0
SYN:Wu_2021:71:Matusu_2026:93:14,Wu_2021,71,True,True,Matusu_2026,Matusu_2026_GE_virgin_CLM2,93,Matusu2026_93_17,70.0,0.1,5.9817367644013615,958819.2935345948,=,1,10000000,0.0,0.015037593984962405,0.015037593984962405,0
SYN:Wu_2021:71:Matusu_2026:94:0,Wu_2021,71,True,True,Matusu_2026,Matusu_2026_GE_virgin_CLM2,94,Matusu2026_94_21,110.0,0.1,3.540894766021603,3474.5196009175233,=,1,10000000,0.0,0.015037593984962405,0.015037593984962405,0
SYN:Wu_2021:71:Matusu_2026:94:1,Wu_2021,71,True,True,Matusu_2026,Matusu_2026_GE_virgin_CLM2,94,Matusu2026_94_27,100.0,0.1,4.412319256429666,25841.591469722127,=,1,10000000,0.0,0.015037593984962405,0.015037593984962405,0
SYN:Wu_2021:71:Matusu_2026:94:2,Wu_2021,71,True,True,Matusu_2026,Matusu_2026_GE_virgin_CLM2,94,Matusu2026_94_19,90.0,0.1,6.164230242954489,1459587.8615288448,=,1,10000000,0.0,0.015037593984962405,0.015037593984962405,0
SYN:Wu_2021:71:Matusu_2026:94:3,Wu_2021,71,True,True,Matusu_2026,Matusu_2026_GE_virgin_CLM2,94,Matusu2026_94_3,75.0,0.1,5.978922630792706,952626.4392837217,=,1,10000000,0.0,0.015037593984962405,0.015037593984962405,0
SYN:Wu_2021:71:Matusu_2026:94:4,Wu_2021,71,True,True,Matusu_2026,Matusu_2026_GE_virgin_CLM2,94,Matusu2026_94_21,110.0,0.1,3.316912000650397,2074.493128640337,=,1,10000000,0.0,0.015037593984962405,0.015037593984962405,0
SYN:Wu_2021:71:Matusu_2026:94:5,Wu_2021,71,True,True,Matusu_2026,Matusu_2026_GE_virgin_CLM2,94,Matusu2026_94_9,125.0,0.1,2.211987120444847,162.92477145103712,=,1,10000000,0.0,0.015037593984962405,0.015037593984962405,0
SYN:Wu_2021:71:Matusu_2026:94:6,Wu_2021,71,True,True,Matusu_2026,Matusu_2026_GE_virgin_CLM2,94,Matusu2026_94_1,140.0,0.1,4.419906912896082,26297.042780976837,=,1,10000000,0.0,0.015037593984962405,0.015037593984962405,0
SYN:Wu_2021:71:Matusu_2026:94:7,Wu_2021,71,True,True,Matusu_2026,Matusu_2026_GE_virgin_CLM2,94,Matusu2026_94_21,110.0,0.1,3.575491907682916,3762.633411940382,=,1,10000000,0.0,0.015037593984962405,0.015037593984962405,0
SYN:Wu_2021:71:Matusu_2026:94:8,Wu_2021,71,True,True,Matusu_2026,Matusu_2026_GE_virgin_CLM2,94,Matusu2026_94_21,110.0,0.1,3.0835356788017814,1212.0922622786456,=,1,10000000,0.0,0.015037593984962405,0.015037593984962405,0
SYN:Wu_2021:71:Matusu_2026:94:9,Wu_2021,71,True,True,Matusu_2026,Matusu_2026_GE_virgin_CLM2,94,Matusu2026_94_13,90.0,0.1,4.500495200620193,31658.8547710057,=,1,10000000,0.0,0.015037593984962405,0.015037593984962405,0
SYN:Wu_2021:71:Matusu_2026:94:10,Wu_2021,71,True,True,Matusu_2026,Matusu_2026_GE_virgin_CLM2,94,Matusu2026_94_20,70.0,0.1,4.677327268642624,47569.355640397334,=,1,10000000,0.0,0.015037593984962405,0.015037593984962405,0
SYN:Wu_2021:71:Matusu_2026:94:11,Wu_2021,71,True,True,Matusu_2026,Matusu_2026_GE_virgin_CLM2,94,Matusu2026_94_36,125.0,0.1,2.0664117517281175,116.52302529762923,=,1,10000000,0.0,0.015037593984962405,0.015037593984962405,0
SYN:Wu_2021:71:Matusu_2026:94:12,Wu_2021,71,True,True,Matusu_2026,Matusu_2026_GE_virgin_CLM2,94,Matusu2026_94_27,100.0,0.1,4.211280691998028,16265.997154777362,=,1,10000000,0.0,0.015037593984962405,0.015037593984962405,0
SYN:Wu_2021:71:Matusu_2026:94:13,Wu_2021,71,True,True,Matusu_2026,Matusu_2026_GE_virgin_CLM2,94,Matusu2026_94_21,110.0,0.1,3.426564055058153,2670.3245901933155,=,1,10000000,0.0,0.015037593984962405,0.015037593984962405,0
SYN:Wu_2021:71:Matusu_2026:94:14,Wu_2021,71,True,True,Matusu_2026,Matusu_2026_GE_virgin_CLM2,94,Matusu2026_94_5,85.0,0.1,5.52788483922138,337197.88288602623,=,1,10000000,0.0,0.015037593984962405,0.015037593984962405,0
SYN:Wu_2021:71:Matusu_2026:C01:0,Wu_2021,71,True,True,Matusu_2026,Matusu_2026_Aconity_TWO,C01,Matusu2026_C01_9,110.0,0.1,3.3954974198009733,2485.9787946665856,=,1,10000000,0.0,0.015037593984962405,0.015037593984962405,0
SYN:Wu_2021:71:Matusu_2026:C01:1,Wu_2021,71,True,True,Matusu_2026,Matusu_2026_Aconity_TWO,C01,Matusu2026_C01_4,90.0,0.1,5.050309056275595,112281.7198640025,=,1,10000000,0.0,0.015037593984962405,0.015037593984962405,0
SYN:Wu_2021:71:Matusu_2026:C01:2,Wu_2021,71,True,True,Matusu_2026,Matusu_2026_Aconity_TWO,C01,Matusu2026_C01_5,110.0,0.1,4.012225102252351,10285.492746567636,=,1,10000000,0.0,0.015037593984962405,0.015037593984962405,0
SYN:Wu_2021:71:Matusu_2026:C01:3,Wu_2021,71,True,True,Matusu_2026,Matusu_2026_Aconity_TWO,C01,Matusu2026_C01_9,110.0,0.1,4.098007715758628,12531.63438684398,=,1,10000000,0.0,0.015037593984962405,0.015037593984962405,0
SYN:Wu_2021:71:Matusu_2026:C01:4,Wu_2021,71,True,True,Matusu_2026,Matusu_2026_Aconity_TWO,C01,Matusu2026_C01_8,80.0,0.1,6.3160898171173265,2070569.5222174707,=,1,10000000,0.0,0.015037593984962405,0.015037593984962405,0
SYN:Wu_2021:71:Matusu_2026:C01:5,Wu_2021,71,True,True,Matusu_2026,Matusu_2026_Aconity_TWO,C01,Matusu2026_C01_7,40.0,0.1,7.638230321482101,10000000,>=,0,10000000,0.0,0.015037593984962405,0.015037593984962405,0
SYN:Wu_2021:71:Matusu_2026:C01:6,Wu_2021,71,True,True,Matusu_2026,Matusu_2026_Aconity_TWO,C01,Matusu2026_C01_10,43.0,0.1,5.002947459787471,100680.98593283717,=,1,10000000,0.0,0.015037593984962405,0.015037593984962405,0
SYN:Wu_2021:71:Matusu_2026:C01:7,Wu_2021,71,True,True,Matusu_2026,Matusu_2026_Aconity_TWO,C01,Matusu2026_C01_9,110.0,0.1,4.495592508903774,31303.47194627089,=,1,10000000,0.0,0.015037593984962405,0.015037593984962405,0
SYN:Wu_2021:71:Matusu_2026:C01:8,Wu_2021,71,True,True,Matusu_2026,Matusu_2026_Aconity_TWO,C01,Matusu2026_C01_5,110.0,0.1,3.3671420952918654,2328.853102323073,=,1,10000000,0.0,0.015037593984962405,0.015037593984962405,0
SYN:Wu_2021:71:Matusu_2026:C01:9,Wu_2021,71,True,True,Matusu_2026,Matusu_2026_Aconity_TWO,C01,Matusu2026_C01_3,70.0,0.1,5.892662068204883,781019.8434925623,=,1,10000000,0.0,0.015037593984962405,0.015037593984962405,0
SYN:Wu_2021:71:Matusu_2026:C02:0,Wu_2021,71,True,True,Matusu_2026,Matusu_2026_Aconity_TWO,C02,Matusu2026_C02_6,75.0,0.1,5.188368778210814,154301.01333967666,=,1,10000000,0.0,0.015037593984962405,0.015037593984962405,0
SYN:Wu_2021:71:Matusu_2026:C02:1,Wu_2021,71,True,True,Matusu_2026,Matusu_2026_Aconity_TWO,C02,Matusu2026_C02_5,70.0,0.1,5.29558142700469,197506.51548114943,=,1,10000000,0.0,0.015037593984962405,0.015037593984962405,0
SYN:Wu_2021:71:Matusu_2026:C02:2,Wu_2021,71,True,True,Matusu_2026,Matusu_2026_Aconity_TWO,C02,Matusu2026_C02_2,60.0,0.1,6.432801888514374,2708955.6096329447,=,1,10000000,0.0,0.015037593984962405,0.015037593984962405,0
SYN:Wu_2021:71:Matusu_2026:C02:3,Wu_2021,71,True,True,Matusu_2026,Matusu_2026_Aconity_TWO,C02,Matusu2026_C02_5,70.0,0.1,4.9476156179581405,88637.11621487592,=,1,10000000,0.0,0.015037593984962405,0.015037593984962405,0
SYN:Wu_2021:71:Matusu_2026:C02:4,Wu_2021,71,True,True,Matusu_2026,Matusu_2026_Aconity_TWO,C02,Matusu2026_C02_9,65.0,0.1,6.454285712865463,2846333.0320399413,=,1,10000000,0.0,0.015037593984962405,0.015037593984962405,0
SYN:Wu_2021:71:Matusu_2026:C02:5,Wu_2021,71,True,True,Matusu_2026,Matusu_2026_Aconity_TWO,C02,Matusu2026_C02_3,80.0,0.1,5.3662181684270225,232390.39194922592,=,1,10000000,0.0,0.015037593984962405,0.015037593984962405,0
SYN:Wu_2021:71:Matusu_2026:C02:6,Wu_2021,71,True,True,Matusu_2026,Matusu_2026_Aconity_TWO,C02,Matusu2026_C02_7,70.0,0.1,5.455729997880361,285581.45233091246,=,1,10000000,0.0,0.015037593984962405,0.015037593984962405,0
SYN:Wu_2021:71:Matusu_2026:C02:7,Wu_2021,71,True,True,Matusu_2026,Matusu_2026_Aconity_TWO,C02,Matusu2026_C02_4,90.0,0.1,4.775466968954466,59630.29652181622,=,1,10000000,0.0,0.015037593984962405,0.015037593984962405,0
SYN:Wu_2021:71:Matusu_2026:C02:8,Wu_2021,71,True,True,Matusu_2026,Matusu_2026_Aconity_TWO,C02,Matusu2026_C02_6,75.0,0.1,4.575986370456443,37669.197700484656,=,1,10000000,0.0,0.015037593984962405,0.015037593984962405,0
SYN:Wu_2021:71:Matusu_2026:C02:9,Wu_2021,71,True,True,Matusu_2026,Matusu_2026_Aconity_TWO,C02,Matusu2026_C02_1,100.0,0.1,4.799186449469047,62977.649780865,=,1,10000000,0.0,0.015037593984962405,0.015037593984962405,0
SYN:Wu_2021:71:Matusu_2026:C03:0,Wu_2021,71,True,True,Matusu_2026,Matusu_2026_Aconity_TWO,C03,Matusu2026_C03_10,85.0,0.1,4.139272338587494,13780.733640636443,=,1,10000000,0.0,0.015037593984962405,0.015037593984962405,0
SYN:Wu_2021:71:Matusu_2026:C03:1,Wu_2021,71,True,True,Matusu_2026,Matusu_2026_Aconity_TWO,C03,Matusu2026_C03_9,75.0,0.1,6.156520906127008,1433906.7399926896,=,1,10000000,0.0,0.015037593984962405,0.015037593984962405,0
SYN:Wu_2021:71:Matusu_2026:C03:2,Wu_2021,71,True,True,Matusu_2026,Matusu_2026_Aconity_TWO,C03,Matusu2026_C03_10,85.0,0.1,5.247855312332709,176951.93347124735,=,1,10000000,0.0,0.015037593984962405,0.015037593984962405,0
SYN:Wu_2021:71:Matusu_2026:C03:3,Wu_2021,71,True,True,Matusu_2026,Matusu_2026_Aconity_TWO,C03,Matusu2026_C03_5,70.0,0.1,6.329711999683367,2136544.7801210573,=,1,10000000,0.0,0.015037593984962405,0.015037593984962405,0
SYN:Wu_2021:71:Matusu_2026:C03:4,Wu_2021,71,True,True,Matusu_2026,Matusu_2026_Aconity_TWO,C03,Matusu2026_C03_2,110.0,0.1,4.707411798090332,50981.404770041765,=,1,10000000,0.0,0.015037593984962405,0.015037593984962405,0
SYN:Wu_2021:71:Matusu_2026:C03:5,Wu_2021,71,True,True,Matusu_2026,Matusu_2026_Aconity_TWO,C03,Matusu2026_C03_10,85.0,0.1,4.557379033520849,36089.347790007676,=,1,10000000,0.0,0.015037593984962405,0.015037593984962405,0
SYN:Wu_2021:71:Matusu_2026:C03:6,Wu_2021,71,True,True,Matusu_2026,Matusu_2026_Aconity_TWO,C03,Matusu2026_C03_1,90.0,0.1,4.1491221821741755,14096.85336255994,=,1,10000000,0.0,0.015037593984962405,0.015037593984962405,0
SYN:Wu_2021:71:Matusu_2026:C03:7,Wu_2021,71,True,True,Matusu_2026,Matusu_2026_Aconity_TWO,C03,Matusu2026_C03_10,85.0,0.1,4.473571747180363,29755.80796091837,=,1,10000000,0.0,0.015037593984962405,0.015037593984962405,0
SYN:Wu_2021:71:Matusu_2026:C03:8,Wu_2021,71,True,True,Matusu_2026,Matusu_2026_Aconity_TWO,C03,Matusu2026_C03_3,80.0,0.1,3.607597668430452,4051.330452110537,=,1,10000000,0.0,0.015037593984962405,0.015037593984962405,0
SYN:Wu_2021:71:Matusu_2026:C03:9,Wu_2021,71,True,True,Matusu_2026,Matusu_2026_Aconity_TWO,C03,Matusu2026_C03_6,65.0,0.1,5.46344720126051,290701.4521767336,=,1,10000000,0.0,0.015037593984962405,0.015037593984962405,0
SYN:Wu_2021:101:Chen_2024:L10:0,Wu_2021,101,True,True,Chen_2024,Chen_2024,L10,Chen_2024:Chen2024-L10-T4-r06,85.5,0.1,6.440253121367274,2755834.427946918,=,1,10000000,0.2472704497844375,0.1111111111111111,0.0,0
SYN:Wu_2021:101:Chen_2024:L10:1,Wu_2021,101,True,True,Chen_2024,Chen_2024,L10,Chen_2024:Chen2024-L10-T4-r01,99.0,0.1,6.046249608401184,1112370.8727254178,=,1,10000000,0.2472704497844375,0.1111111111111111,0.0,0
SYN:Wu_2021:101:Chen_2024:L10:2,Wu_2021,101,True,True,Chen_2024,Chen_2024,L10,Chen_2024:Chen2024-L10-T4-r07,81.0,0.1,6.087903831647852,1224345.0554016249,=,1,10000000,0.2472704497844375,0.1111111111111111,0.0,0
SYN:Wu_2021:101:Chen_2024:L10:3,Wu_2021,101,True,True,Chen_2024,Chen_2024,L10,Chen_2024:Chen2024-L10-T4-r05,85.5,0.1,5.841940486800329,694929.0820084234,=,1,10000000,0.2472704497844375,0.1111111111111111,0.0,0
SYN:Wu_2021:101:Chen_2024:L10:4,Wu_2021,101,True,True,Chen_2024,Chen_2024,L10,Chen_2024:Chen2024-L10-T4-r09,72.0,0.1,5.987740919457487,972167.0996168618,=,1,10000000,0.2472704497844375,0.1111111111111111,0.0,0
SYN:Wu_2021:101:Chen_2024:L10:5,Wu_2021,101,True,True,Chen_2024,Chen_2024,L10,Chen_2024:Chen2024-L10-T4-r08,81.0,0.1,4.500516545728882,31660.41080805189,=,1,10000000,0.2472704497844375,0.1111111111111111,0.0,0
SYN:Wu_2021:101:Chen_2024:L10:6,Wu_2021,101,True,True,Chen_2024,Chen_2024,L10,Chen_2024:Chen2024-L10-T4-r04,90.0,0.1,5.550889295870554,355540.6776794672,=,1,10000000,0.2472704497844375,0.1111111111111111,0.0,0
SYN:Wu_2021:101:Chen_2024:L10:7,Wu_2021,101,True,True,Chen_2024,Chen_2024,L10,Chen_2024:Chen2024-L10-T4-r07,81.0,0.1,5.336794124238456,217167.14616484503,=,1,10000000,0.2472704497844375,0.1111111111111111,0.0,0
SYN:Wu_2021:101:Chen_2024:L10:8,Wu_2021,101,True,True,Chen_2024,Chen_2024,L10,Chen_2024:Chen2024-L10-T4-r05,85.5,0.1,4.605113936646358,40282.270052569314,=,1,10000000,0.2472704497844375,0.1111111111111111,0.0,0
SYN:Wu_2021:101:Chen_2024:L40:0,Wu_2021,101,True,True,Chen_2024,Chen_2024,L40,Chen_2024:Chen2024-L40-T3-r01,99.0,0.1,3.940258433956604,8714.820251653213,=,1,10000000,0.2472704497844375,0.1111111111111111,0.0,0
SYN:Wu_2021:101:Chen_2024:L40:1,Wu_2021,101,True,True,Chen_2024,Chen_2024,L40,Chen_2024:Chen2024-L40-T3-r02,90.0,0.1,4.081324969409033,12059.379697123091,=,1,10000000,0.2472704497844375,0.1111111111111111,0.0,0
SYN:Wu_2021:101:Chen_2024:L40:2,Wu_2021,101,True,True,Chen_2024,Chen_2024,L40,Chen_2024:Chen2024-L40-T3-r05,81.0,0.1,6.938291890521861,8675447.590883708,=,1,10000000,0.2472704497844375,0.1111111111111111,0.0,0
SYN:Wu_2021:101:Chen_2024:L40:3,Wu_2021,101,True,True,Chen_2024,Chen_2024,L40,Chen_2024:Chen2024-L40-T3-r07,72.0,0.1,5.726496415206788,532716.8271048835,=,1,10000000,0.2472704497844375,0.1111111111111111,0.0,0
SYN:Wu_2021:101:Chen_2024:L40:4,Wu_2021,101,True,True,Chen_2024,Chen_2024,L40,Chen_2024:Chen2024-L40-T3-r02,90.0,0.1,5.075077721446405,118871.49411185928,=,1,10000000,0.2472704497844375,0.1111111111111111,0.0,0
SYN:Wu_2021:101:Chen_2024:L40:5,Wu_2021,101,True,True,Chen_2024,Chen_2024,L40,Chen_2024:Chen2024-L40-T3-r07,72.0,0.1,4.973854912745759,94157.49866052956,=,1,10000000,0.2472704497844375,0.1111111111111111,0.0,0
SYN:Wu_2021:101:Chen_2024:L40:6,Wu_2021,101,True,True,Chen_2024,Chen_2024,L40,Chen_2024:Chen2024-L40-T3-r03,90.0,0.1,4.5147066088874945,32711.963193183776,=,1,10000000,0.2472704497844375,0.1111111111111111,0.0,0
SYN:Wu_2021:101:Chen_2024:L40:7,Wu_2021,101,True,True,Chen_2024,Chen_2024,L40,Chen_2024:Chen2024-L40-T3-r02,90.0,0.1,5.101197256636422,126240.07870731236,=,1,10000000,0.2472704497844375,0.1111111111111111,0.0,0
SYN:Wu_2021:101:Chen_2024:L40:8,Wu_2021,101,True,True,Chen_2024,Chen_2024,L40,Chen_2024:Chen2024-L40-T3-r05,81.0,0.1,4.920365818612398,83246.46845769857,=,1,10000000,0.2472704497844375,0.1111111111111111,0.0,0
SYN:Wu_2021:101:Matusu_2026:71:0,Wu_2021,101,True,True,Matusu_2026,Matusu_2026_Eckart_CLM2,71,Matusu2026_71_52,110.0,0.1,4.56301838391038,36561.026775758364,=,1,10000000,-0.12361181063782514,0.015037593984962405,0.015037593984962405,0
SYN:Wu_2021:101:Matusu_2026:71:1,Wu_2021,101,True,True,Matusu_2026,Matusu_2026_Eckart_CLM2,71,Matusu2026_71_19,40.0,0.1,5.845165623348952,700108.9399415021,=,1,10000000,-0.12361181063782514,0.015037593984962405,0.015037593984962405,0
SYN:Wu_2021:101:Matusu_2026:71:2,Wu_2021,101,True,True,Matusu_2026,Matusu_2026_Eckart_CLM2,71,Matusu2026_71_19,40.0,0.1,7.757591593574761,10000000,>=,0,10000000,-0.12361181063782514,0.015037593984962405,0.015037593984962405,0
SYN:Wu_2021:101:Matusu_2026:71:3,Wu_2021,101,True,True,Matusu_2026,Matusu_2026_Eckart_CLM2,71,Matusu2026_71_12,50.0,0.1,5.932839821067287,856721.8059987101,=,1,10000000,-0.12361181063782514,0.015037593984962405,0.015037593984962405,0
SYN:Wu_2021:101:Matusu_2026:71:4,Wu_2021,101,True,True,Matusu_2026,Matusu_2026_Eckart_CLM2,71,Matusu2026_71_32,60.0,0.1,6.481259501217556,3028722.6208800683,=,1,10000000,-0.12361181063782514,0.015037593984962405,0.015037593984962405,0
SYN:Wu_2021:101:Matusu_2026:71:5,Wu_2021,101,True,True,Matusu_2026,Matusu_2026_Eckart_CLM2,71,Matusu2026_71_19,40.0,0.1,7.592514219167097,10000000,>=,0,10000000,-0.12361181063782514,0.015037593984962405,0.015037593984962405,0
SYN:Wu_2021:101:Matusu_2026:71:6,Wu_2021,101,True,True,Matusu_2026,Matusu_2026_Eckart_CLM2,71,Matusu2026_71_4,80.0,0.1,4.4528301068576255,28368.090703178663,=,1,10000000,-0.12361181063782514,0.015037593984962405,0.015037593984962405,0
SYN:Wu_2021:101:Matusu_2026:71:7,Wu_2021,101,True,True,Matusu_2026,Matusu_2026_Eckart_CLM2,71,Matusu2026_71_32,60.0,0.1,5.786254062274141,611299.5305534827,=,1,10000000,-0.12361181063782514,0.015037593984962405,0.015037593984962405,0
SYN:Wu_2021:101:Matusu_2026:71:8,Wu_2021,101,True,True,Matusu_2026,Matusu_2026_Eckart_CLM2,71,Matusu2026_71_11,70.0,0.1,4.637573293402587,43408.351526239174,=,1,10000000,-0.12361181063782514,0.015037593984962405,0.015037593984962405,0
SYN:Wu_2021:101:Matusu_2026:71:9,Wu_2021,101,True,True,Matusu_2026,Matusu_2026_Eckart_CLM2,71,Matusu2026_71_16,40.0,0.1,7.53384977494208,10000000,>=,0,10000000,-0.12361181063782514,0.015037593984962405,0.015037593984962405,0
SYN:Wu_2021:101:Matusu_2026:71:10,Wu_2021,101,True,True,Matusu_2026,Matusu_2026_Eckart_CLM2,71,Matusu2026_71_19,40.0,0.1,5.351420393613955,224605.50352957167,=,1,10000000,-0.12361181063782514,0.015037593984962405,0.015037593984962405,0
SYN:Wu_2021:101:Matusu_2026:72:0,Wu_2021,101,True,True,Matusu_2026,Matusu_2026_Eckart_CLM2,72,Matusu2026_72_2,90.0,0.1,3.6866052069497135,4859.6524076476835,=,1,10000000,-0.12361181063782514,0.015037593984962405,0.015037593984962405,0
SYN:Wu_2021:101:Matusu_2026:72:1,Wu_2021,101,True,True,Matusu_2026,Matusu_2026_Eckart_CLM2,72,Matusu2026_72_53,47.5,0.1,7.194262398352941,10000000,>=,0,10000000,-0.12361181063782514,0.015037593984962405,0.015037593984962405,0
SYN:Wu_2021:101:Matusu_2026:72:2,Wu_2021,101,True,True,Matusu_2026,Matusu_2026_Eckart_CLM2,72,Matusu2026_72_23,100.0,0.1,4.284598445264145,19257.435204467372,=,1,10000000,-0.12361181063782514,0.015037593984962405,0.015037593984962405,0
SYN:Wu_2021:101:Matusu_2026:72:3,Wu_2021,101,True,True,Matusu_2026,Matusu_2026_Eckart_CLM2,72,Matusu2026_72_26,45.0,0.1,7.763761524120762,10000000,>=,0,10000000,-0.12361181063782514,0.015037593984962405,0.015037593984962405,0
SYN:Wu_2021:101:Matusu_2026:72:4,Wu_2021,101,True,True,Matusu_2026,Matusu_2026_Eckart_CLM2,72,Matusu2026_72_23,100.0,0.1,4.474996399476179,29853.578686687062,=,1,10000000,-0.12361181063782514,0.015037593984962405,0.015037593984962405,0
SYN:Wu_2021:101:Matusu_2026:72:5,Wu_2021,101,True,True,Matusu_2026,Matusu_2026_Eckart_CLM2,72,Matusu2026_72_17,50.0,0.1,6.596703976843511,3950972.226862665,=,1,10000000,-0.12361181063782514,0.015037593984962405,0.015037593984962405,0
SYN:Wu_2021:101:Matusu_2026:72:6,Wu_2021,101,True,True,Matusu_2026,Matusu_2026_Eckart_CLM2,72,Matusu2026_72_23,100.0,0.1,3.840779526518575,6930.738715376869,=,1,10000000,-0.12361181063782514,0.015037593984962405,0.015037593984962405,0
SYN:Wu_2021:101:Matusu_2026:72:7,Wu_2021,101,True,True,Matusu_2026,Matusu_2026_Eckart_CLM2,72,Matusu2026_72_17,50.0,0.1,6.939132173135127,8692249.288551636,=,1,10000000,-0.12361181063782514,0.015037593984962405,0.015037593984962405,0
SYN:Wu_2021:101:Matusu_2026:72:8,Wu_2021,101,True,True,Matusu_2026,Matusu_2026_Eckart_CLM2,72,Matusu2026_72_53,47.5,0.1,6.19821211886555,1578381.9975419969,=,1,10000000,-0.12361181063782514,0.015037593984962405,0.015037593984962405,0
SYN:Wu_2021:101:Matusu_2026:72:9,Wu_2021,101,True,True,Matusu_2026,Matusu_2026_Eckart_CLM2,72,Matusu2026_72_23,100.0,0.1,3.5149300717462673,3272.8799211293476,=,1,10000000,-0.12361181063782514,0.015037593984962405,0.015037593984962405,0
SYN:Wu_2021:101:Matusu_2026:72:10,Wu_2021,101,True,True,Matusu_2026,Matusu_2026_Eckart_CLM2,72,Matusu2026_72_24,110.0,0.1,3.179607127050929,1512.1926646394295,=,1,10000000,-0.12361181063782514,0.015037593984962405,0.015037593984962405,0
SYN:Wu_2021:101:Matusu_2026:73:0,Wu_2021,101,True,True,Matusu_2026,Matusu_2026_Eckart_CLM2,73,Matusu2026_73_8,70.0,0.1,5.390897339892338,245978.6082247334,=,1,10000000,-0.12361181063782514,0.015037593984962405,0.015037593984962405,0
SYN:Wu_2021:101:Matusu_2026:73:1,Wu_2021,101,True,True,Matusu_2026,Matusu_2026_Eckart_CLM2,73,Matusu2026_73_21,45.0,0.1,6.325634086445245,2116577.0679105693,=,1,10000000,-0.12361181063782514,0.015037593984962405,0.015037593984962405,0
SYN:Wu_2021:101:Matusu_2026:73:2,Wu_2021,101,True,True,Matusu_2026,Matusu_2026_Eckart_CLM2,73,Matusu2026_73_5,80.0,0.1,4.848817201545219,70602.03214080128,=,1,10000000,-0.12361181063782514,0.015037593984962405,0.015037593984962405,0
SYN:Wu_2021:101:Matusu_2026:73:3,Wu_2021,101,True,True,Matusu_2026,Matusu_2026_Eckart_CLM2,73,Matusu2026_73_14,60.0,0.1,4.667705595712742,46527.0583888854,=,1,10000000,-0.12361181063782514,0.015037593984962405,0.015037593984962405,0
SYN:Wu_2021:101:Matusu_2026:73:4,Wu_2021,101,True,True,Matusu_2026,Matusu_2026_Eckart_CLM2,73,Matusu2026_73_31,40.0,0.1,7.342044375689388,10000000,>=,0,10000000,-0.12361181063782514,0.015037593984962405,0.015037593984962405,0
SYN:Wu_2021:101:Matusu_2026:73:5,Wu_2021,101,True,True,Matusu_2026,Matusu_2026_Eckart_CLM2,73,Matusu2026_73_8,70.0,0.1,5.634646360782234,431167.8406015274,=,1,10000000,-0.12361181063782514,0.015037593984962405,0.015037593984962405,0
SYN:Wu_2021:101:Matusu_2026:73:6,Wu_2021,101,True,True,Matusu_2026,Matusu_2026_Eckart_CLM2,73,Matusu2026_73_22,100.0,0.1,5.178419607475957,150806.3426134233,=,1,10000000,-0.12361181063782514,0.015037593984962405,0.015037593984962405,0
SYN:Wu_2021:101:Matusu_2026:73:7,Wu_2021,101,True,True,Matusu_2026,Matusu_2026_Eckart_CLM2,73,Matusu2026_73_21,45.0,0.1,5.827158712701751,671674.2711065363,=,1,10000000,-0.12361181063782514,0.015037593984962405,0.015037593984962405,0
SYN:Wu_2021:101:Matusu_2026:73:8,Wu_2021,101,True,True,Matusu_2026,Matusu_2026_Eckart_CLM2,73,Matusu2026_73_15,50.0,0.1,5.842088597891497,695166.1199213701,=,1,10000000,-0.12361181063782514,0.015037593984962405,0.015037593984962405,0
SYN:Wu_2021:101:Matusu_2026:73:9,Wu_2021,101,True,True,Matusu_2026,Matusu_2026_Eckart_CLM2,73,Matusu2026_73_5,80.0,0.1,5.14956398041847,141112.01078650812,=,1,10000000,-0.12361181063782514,0.015037593984962405,0.015037593984962405,0
SYN:Wu_2021:101:Matusu_2026:73:10,Wu_2021,101,True,True,Matusu_2026,Matusu_2026_Eckart_CLM2,73,Matusu2026_73_5,80.0,0.1,3.6122431823338235,4094.8988859689225,=,1,10000000,-0.12361181063782514,0.015037593984962405,0.015037593984962405,0
SYN:Wu_2021:101:Matusu_2026:74:0,Wu_2021,101,True,True,Matusu_2026,Matusu_2026_Eckart_CLM2,74,Matusu2026_74_55,30.0,0.1,8.235391393308566,10000000,>=,0,10000000,-0.12361181063782514,0.015037593984962405,0.015037593984962405,0
SYN:Wu_2021:101:Matusu_2026:74:1,Wu_2021,101,True,True,Matusu_2026,Matusu_2026_Eckart_CLM2,74,Matusu2026_74_55,30.0,0.1,7.386431280647487,10000000,>=,0,10000000,-0.12361181063782514,0.015037593984962405,0.015037593984962405,0
SYN:Wu_2021:101:Matusu_2026:74:2,Wu_2021,101,True,True,Matusu_2026,Matusu_2026_Eckart_CLM2,74,Matusu2026_74_38,50.0,0.1,5.131965513924799,135508.1804931577,=,1,10000000,-0.12361181063782514,0.015037593984962405,0.015037593984962405,0
SYN:Wu_2021:101:Matusu_2026:74:3,Wu_2021,101,True,True,Matusu_2026,Matusu_2026_Eckart_CLM2,74,Matusu2026_74_41,125.0,0.1,2.9602368364274225,912.5083273606001,=,1,10000000,-0.12361181063782514,0.015037593984962405,0.015037593984962405,0
SYN:Wu_2021:101:Matusu_2026:74:4,Wu_2021,101,True,True,Matusu_2026,Matusu_2026_Eckart_CLM2,74,Matusu2026_74_7,100.0,0.1,4.147509387402203,14044.600410642697,=,1,10000000,-0.12361181063782514,0.015037593984962405,0.015037593984962405,0
SYN:Wu_2021:101:Matusu_2026:74:5,Wu_2021,101,True,True,Matusu_2026,Matusu_2026_Eckart_CLM2,74,Matusu2026_74_13,80.0,0.1,6.325910520136881,2117924.7236738154,=,1,10000000,-0.12361181063782514,0.015037593984962405,0.015037593984962405,0
SYN:Wu_2021:101:Matusu_2026:74:6,Wu_2021,101,True,True,Matusu_2026,Matusu_2026_Eckart_CLM2,74,Matusu2026_74_7,100.0,0.1,4.281359002976725,19114.326626338385,=,1,10000000,-0.12361181063782514,0.015037593984962405,0.015037593984962405,0
SYN:Wu_2021:101:Matusu_2026:74:7,Wu_2021,101,True,True,Matusu_2026,Matusu_2026_Eckart_CLM2,74,Matusu2026_74_41,125.0,0.1,2.638282173511815,434.79262959078466,=,1,10000000,-0.12361181063782514,0.015037593984962405,0.015037593984962405,0
SYN:Wu_2021:101:Matusu_2026:74:8,Wu_2021,101,True,True,Matusu_2026,Matusu_2026_Eckart_CLM2,74,Matusu2026_74_39,90.0,0.1,5.333660312352532,215605.73682578758,=,1,10000000,-0.12361181063782514,0.015037593984962405,0.015037593984962405,0
SYN:Wu_2021:101:Matusu_2026:74:9,Wu_2021,101,True,True,Matusu_2026,Matusu_2026_Eckart_CLM2,74,Matusu2026_74_41,125.0,0.1,4.037118396101368,10892.269947638531,=,1,10000000,-0.12361181063782514,0.015037593984962405,0.015037593984962405,0
SYN:Wu_2021:101:Matusu_2026:74:10,Wu_2021,101,True,True,Matusu_2026,Matusu_2026_Eckart_CLM2,74,Matusu2026_74_41,125.0,0.1,3.4953218205803918,3128.396710669832,=,1,10000000,-0.12361181063782514,0.015037593984962405,0.015037593984962405,0
SYN:Wu_2021:101:Matusu_2026:91:0,Wu_2021,101,True,True,Matusu_2026,Matusu_2026_GE_virgin_CLM2,91,Matusu2026_91_19,100.0,0.1,4.209957792764909,16216.524881865209,=,1,10000000,-0.12361181063782514,0.015037593984962405,0.015037593984962405,0
SYN:Wu_2021:101:Matusu_2026:91:1,Wu_2021,101,True,True,Matusu_2026,Matusu_2026_GE_virgin_CLM2,91,Matusu2026_91_20,110.0,0.1,5.045006599180089,110919.16694944337,=,1,10000000,-0.12361181063782514,0.015037593984962405,0.015037593984962405,0
SYN:Wu_2021:101:Matusu_2026:91:2,Wu_2021,101,True,True,Matusu_2026,Matusu_2026_GE_virgin_CLM2,91,Matusu2026_91_27,140.0,0.1,2.8076656156446367,642.1930713671853,=,1,10000000,-0.12361181063782514,0.015037593984962405,0.015037593984962405,0
SYN:Wu_2021:101:Matusu_2026:91:3,Wu_2021,101,True,True,Matusu_2026,Matusu_2026_GE_virgin_CLM2,91,Matusu2026_91_19,100.0,0.1,4.18026490992263,15144.847685874454,=,1,10000000,-0.12361181063782514,0.015037593984962405,0.015037593984962405,0
SYN:Wu_2021:101:Matusu_2026:91:4,Wu_2021,101,True,True,Matusu_2026,Matusu_2026_GE_virgin_CLM2,91,Matusu2026_91_5,45.0,0.1,7.029552295403439,10000000,>=,0,10000000,-0.12361181063782514,0.015037593984962405,0.015037593984962405,0
SYN:Wu_2021:101:Matusu_2026:91:5,Wu_2021,101,True,True,Matusu_2026,Matusu_2026_GE_virgin_CLM2,91,Matusu2026_91_3,130.0,0.1,4.761365215253538,57725.169291538325,=,1,10000000,-0.12361181063782514,0.015037593984962405,0.015037593984962405,0
SYN:Wu_2021:101:Matusu_2026:91:6,Wu_2021,101,True,True,Matusu_2026,Matusu_2026_GE_virgin_CLM2,91,Matusu2026_91_19,100.0,0.1,4.282007523398202,19142.89086470121,=,1,10000000,-0.12361181063782514,0.015037593984962405,0.015037593984962405,0
SYN:Wu_2021:101:Matusu_2026:91:7,Wu_2021,101,True,True,Matusu_2026,Matusu_2026_GE_virgin_CLM2,91,Matusu2026_91_30,70.0,0.1,5.690672485218699,490537.8070330915,=,1,10000000,-0.12361181063782514,0.015037593984962405,0.015037593984962405,0
SYN:Wu_2021:101:Matusu_2026:91:8,Wu_2021,101,True,True,Matusu_2026,Matusu_2026_GE_virgin_CLM2,91,Matusu2026_91_1,55.0,0.1,6.220488124210984,1661453.2446819833,=,1,10000000,-0.12361181063782514,0.015037593984962405,0.015037593984962405,0
SYN:Wu_2021:101:Matusu_2026:91:9,Wu_2021,101,True,True,Matusu_2026,Matusu_2026_GE_virgin_CLM2,91,Matusu2026_91_30,70.0,0.1,6.331444498428203,2145084.9626780776,=,1,10000000,-0.12361181063782514,0.015037593984962405,0.015037593984962405,0
SYN:Wu_2021:101:Matusu_2026:91:10,Wu_2021,101,True,True,Matusu_2026,Matusu_2026_GE_virgin_CLM2,91,Matusu2026_91_20,110.0,0.1,4.604013906548941,40180.367680342,=,1,10000000,-0.12361181063782514,0.015037593984962405,0.015037593984962405,0
SYN:Wu_2021:101:Matusu_2026:91:11,Wu_2021,101,True,True,Matusu_2026,Matusu_2026_GE_virgin_CLM2,91,Matusu2026_91_20,110.0,0.1,4.70085760137539,50217.790594750186,=,1,10000000,-0.12361181063782514,0.015037593984962405,0.015037593984962405,0
SYN:Wu_2021:101:Matusu_2026:91:12,Wu_2021,101,True,True,Matusu_2026,Matusu_2026_GE_virgin_CLM2,91,Matusu2026_91_1,55.0,0.1,4.904819937139264,80319.3041226873,=,1,10000000,-0.12361181063782514,0.015037593984962405,0.015037593984962405,0
SYN:Wu_2021:101:Matusu_2026:91:13,Wu_2021,101,True,True,Matusu_2026,Matusu_2026_GE_virgin_CLM2,91,Matusu2026_91_34,140.0,0.1,3.136384933232922,1368.9416378509754,=,1,10000000,-0.12361181063782514,0.015037593984962405,0.015037593984962405,0
SYN:Wu_2021:101:Matusu_2026:91:14,Wu_2021,101,True,True,Matusu_2026,Matusu_2026_GE_virgin_CLM2,91,Matusu2026_91_30,70.0,0.1,6.165703496997466,1464547.6186367983,=,1,10000000,-0.12361181063782514,0.015037593984962405,0.015037593984962405,0
SYN:Wu_2021:101:Matusu_2026:92:0,Wu_2021,101,True,True,Matusu_2026,Matusu_2026_GE_virgin_CLM2,92,Matusu2026_92_16,120.0,0.1,3.78363438459032,6076.232518275384,=,1,10000000,-0.12361181063782514,0.015037593984962405,0.015037593984962405,0
SYN:Wu_2021:101:Matusu_2026:92:1,Wu_2021,101,True,True,Matusu_2026,Matusu_2026_GE_virgin_CLM2,92,Matusu2026_92_35,110.0,0.1,4.385282800003554,24281.9074796239,=,1,10000000,-0.12361181063782514,0.015037593984962405,0.015037593984962405,0
SYN:Wu_2021:101:Matusu_2026:92:2,Wu_2021,101,True,True,Matusu_2026,Matusu_2026_GE_virgin_CLM2,92,Matusu2026_92_35,110.0,0.1,2.491397822786049,310.0257899683123,=,1,10000000,-0.12361181063782514,0.015037593984962405,0.015037593984962405,0
SYN:Wu_2021:101:Matusu_2026:92:3,Wu_2021,101,True,True,Matusu_2026,Matusu_2026_GE_virgin_CLM2,92,Matusu2026_92_8,130.0,0.1,4.802121487646861,63404.70520123355,=,1,10000000,-0.12361181063782514,0.015037593984962405,0.015037593984962405,0
SYN:Wu_2021:101:Matusu_2026:92:4,Wu_2021,101,True,True,Matusu_2026,Matusu_2026_GE_virgin_CLM2,92,Matusu2026_92_16,120.0,0.1,2.7114789181796954,514.6108258161039,=,1,10000000,-0.12361181063782514,0.015037593984962405,0.015037593984962405,0
SYN:Wu_2021:101:Matusu_2026:92:5,Wu_2021,101,True,True,Matusu_2026,Matusu_2026_GE_virgin_CLM2,92,Matusu2026_92_31,60.0,0.1,5.627952145642327,424572.778233245,=,1,10000000,-0.12361181063782514,0.015037593984962405,0.015037593984962405,0
SYN:Wu_2021:101:Matusu_2026:92:6,Wu_2021,101,True,True,Matusu_2026,Matusu_2026_GE_virgin_CLM2,92,Matusu2026_92_15,100.0,0.1,4.523490452496487,33380.31667767817,=,1,10000000,-0.12361181063782514,0.015037593984962405,0.015037593984962405,0
SYN:Wu_2021:101:Matusu_2026:92:7,Wu_2021,101,True,True,Matusu_2026,Matusu_2026_GE_virgin_CLM2,92,Matusu2026_92_26,140.0,0.1,3.8882935932617477,7732.031119047135,=,1,10000000,-0.12361181063782514,0.015037593984962405,0.015037593984962405,0
SYN:Wu_2021:101:Matusu_2026:92:8,Wu_2021,101,True,True,Matusu_2026,Matusu_2026_GE_virgin_CLM2,92,Matusu2026_92_4,70.0,0.1,4.160243451286075,14462.502641655175,=,1,10000000,-0.12361181063782514,0.015037593984962405,0.015037593984962405,0
SYN:Wu_2021:101:Matusu_2026:92:9,Wu_2021,101,True,True,Matusu_2026,Matusu_2026_GE_virgin_CLM2,92,Matusu2026_92_17,50.0,0.1,7.422828468425562,10000000,>=,0,10000000,-0.12361181063782514,0.015037593984962405,0.015037593984962405,0
SYN:Wu_2021:101:Matusu_2026:92:10,Wu_2021,101,True,True,Matusu_2026,Matusu_2026_GE_virgin_CLM2,92,Matusu2026_92_16,120.0,0.1,3.6527851829154647,4495.574332204856,=,1,10000000,-0.12361181063782514,0.015037593984962405,0.015037593984962405,0
SYN:Wu_2021:101:Matusu_2026:92:11,Wu_2021,101,True,True,Matusu_2026,Matusu_2026_GE_virgin_CLM2,92,Matusu2026_92_4,70.0,0.1,5.867666346607826,737337.5416058563,=,1,10000000,-0.12361181063782514,0.015037593984962405,0.015037593984962405,0
SYN:Wu_2021:101:Matusu_2026:92:12,Wu_2021,101,True,True,Matusu_2026,Matusu_2026_GE_virgin_CLM2,92,Matusu2026_92_31,60.0,0.1,6.0221018626442575,1052208.6376899309,=,1,10000000,-0.12361181063782514,0.015037593984962405,0.015037593984962405,0
SYN:Wu_2021:101:Matusu_2026:92:13,Wu_2021,101,True,True,Matusu_2026,Matusu_2026_GE_virgin_CLM2,92,Matusu2026_92_26,140.0,0.1,3.6001075285830644,3982.057515893202,=,1,10000000,-0.12361181063782514,0.015037593984962405,0.015037593984962405,0
SYN:Wu_2021:101:Matusu_2026:93:0,Wu_2021,101,True,True,Matusu_2026,Matusu_2026_GE_virgin_CLM2,93,Matusu2026_93_26,70.0,0.1,5.922322233112837,836223.2399667697,=,1,10000000,-0.12361181063782514,0.015037593984962405,0.015037593984962405,0
SYN:Wu_2021:101:Matusu_2026:93:1,Wu_2021,101,True,True,Matusu_2026,Matusu_2026_GE_virgin_CLM2,93,Matusu2026_93_17,70.0,0.1,4.940671949197617,87231.22054544129,=,1,10000000,-0.12361181063782514,0.015037593984962405,0.015037593984962405,0
SYN:Wu_2021:101:Matusu_2026:93:2,Wu_2021,101,True,True,Matusu_2026,Matusu_2026_GE_virgin_CLM2,93,Matusu2026_93_35,60.0,0.1,5.215076262302087,164087.78867811762,=,1,10000000,-0.12361181063782514,0.015037593984962405,0.015037593984962405,0
SYN:Wu_2021:101:Matusu_2026:93:3,Wu_2021,101,True,True,Matusu_2026,Matusu_2026_GE_virgin_CLM2,93,Matusu2026_93_29,65.0,0.1,5.6683698620439245,465982.77360846073,=,1,10000000,-0.12361181063782514,0.015037593984962405,0.015037593984962405,0
SYN:Wu_2021:101:Matusu_2026:93:4,Wu_2021,101,True,True,Matusu_2026,Matusu_2026_GE_virgin_CLM2,93,Matusu2026_93_23,140.0,0.1,2.9798112681403017,954.5776639422411,=,1,10000000,-0.12361181063782514,0.015037593984962405,0.015037593984962405,0
SYN:Wu_2021:101:Matusu_2026:93:5,Wu_2021,101,True,True,Matusu_2026,Matusu_2026_GE_virgin_CLM2,93,Matusu2026_93_2,130.0,0.1,4.667737040738076,46530.42729537109,=,1,10000000,-0.12361181063782514,0.015037593984962405,0.015037593984962405,0
SYN:Wu_2021:101:Matusu_2026:93:6,Wu_2021,101,True,True,Matusu_2026,Matusu_2026_GE_virgin_CLM2,93,Matusu2026_93_2,130.0,0.1,2.8405809093064147,692.7569784310296,=,1,10000000,-0.12361181063782514,0.015037593984962405,0.015037593984962405,0
SYN:Wu_2021:101:Matusu_2026:93:7,Wu_2021,101,True,True,Matusu_2026,Matusu_2026_GE_virgin_CLM2,93,Matusu2026_93_17,70.0,0.1,5.459154264055043,287842.0665787796,=,1,10000000,-0.12361181063782514,0.015037593984962405,0.015037593984962405,0
SYN:Wu_2021:101:Matusu_2026:93:8,Wu_2021,101,True,True,Matusu_2026,Matusu_2026_GE_virgin_CLM2,93,Matusu2026_93_2,130.0,0.1,3.6553779702813562,4522.493697264021,=,1,10000000,-0.12361181063782514,0.015037593984962405,0.015037593984962405,0
SYN:Wu_2021:101:Matusu_2026:93:9,Wu_2021,101,True,True,Matusu_2026,Matusu_2026_GE_virgin_CLM2,93,Matusu2026_93_23,140.0,0.1,3.889503256575696,7753.597574060108,=,1,10000000,-0.12361181063782514,0.015037593984962405,0.015037593984962405,0
SYN:Wu_2021:101:Matusu_2026:93:10,Wu_2021,101,True,True,Matusu_2026,Matusu_2026_GE_virgin_CLM2,93,Matusu2026_93_14,80.0,0.1,5.5320269438683765,340429.3094673367,=,1,10000000,-0.12361181063782514,0.015037593984962405,0.015037593984962405,0
SYN:Wu_2021:101:Matusu_2026:93:11,Wu_2021,101,True,True,Matusu_2026,Matusu_2026_GE_virgin_CLM2,93,Matusu2026_93_15,100.0,0.1,3.7407432024614096,5504.821010860808,=,1,10000000,-0.12361181063782514,0.015037593984962405,0.015037593984962405,0
SYN:Wu_2021:101:Matusu_2026:93:12,Wu_2021,101,True,True,Matusu_2026,Matusu_2026_GE_virgin_CLM2,93,Matusu2026_93_14,80.0,0.1,5.740497244269585,550170.4295011372,=,1,10000000,-0.12361181063782514,0.015037593984962405,0.015037593984962405,0
SYN:Wu_2021:101:Matusu_2026:93:13,Wu_2021,101,True,True,Matusu_2026,Matusu_2026_GE_virgin_CLM2,93,Matusu2026_93_28,140.0,0.1,3.409385745223498,2566.7628518493934,=,1,10000000,-0.12361181063782514,0.015037593984962405,0.015037593984962405,0
SYN:Wu_2021:101:Matusu_2026:93:14,Wu_2021,101,True,True,Matusu_2026,Matusu_2026_GE_virgin_CLM2,93,Matusu2026_93_15,100.0,0.1,4.777615141998925,59925.97958560814,=,1,10000000,-0.12361181063782514,0.015037593984962405,0.015037593984962405,0
SYN:Wu_2021:101:Matusu_2026:94:0,Wu_2021,101,True,True,Matusu_2026,Matusu_2026_GE_virgin_CLM2,94,Matusu2026_94_34,80.0,0.1,4.662393415969689,45961.41767289547,=,1,10000000,-0.12361181063782514,0.015037593984962405,0.015037593984962405,0
SYN:Wu_2021:101:Matusu_2026:94:1,Wu_2021,101,True,True,Matusu_2026,Matusu_2026_GE_virgin_CLM2,94,Matusu2026_94_3,75.0,0.1,4.741168413273963,55102.133328043106,=,1,10000000,-0.12361181063782514,0.015037593984962405,0.015037593984962405,0
SYN:Wu_2021:101:Matusu_2026:94:2,Wu_2021,101,True,True,Matusu_2026,Matusu_2026_GE_virgin_CLM2,94,Matusu2026_94_36,125.0,0.1,3.8814575242193516,7611.276939566766,=,1,10000000,-0.12361181063782514,0.015037593984962405,0.015037593984962405,0
SYN:Wu_2021:101:Matusu_2026:94:3,Wu_2021,101,True,True,Matusu_2026,Matusu_2026_GE_virgin_CLM2,94,Matusu2026_94_19,90.0,0.1,3.4804066314151925,3022.780635726158,=,1,10000000,-0.12361181063782514,0.015037593984962405,0.015037593984962405,0
SYN:Wu_2021:101:Matusu_2026:94:4,Wu_2021,101,True,True,Matusu_2026,Matusu_2026_GE_virgin_CLM2,94,Matusu2026_94_11,85.0,0.1,4.983734491173329,96323.99604073644,=,1,10000000,-0.12361181063782514,0.015037593984962405,0.015037593984962405,0
SYN:Wu_2021:101:Matusu_2026:94:5,Wu_2021,101,True,True,Matusu_2026,Matusu_2026_GE_virgin_CLM2,94,Matusu2026_94_36,125.0,0.1,4.676350218140793,47462.45715896125,=,1,10000000,-0.12361181063782514,0.015037593984962405,0.015037593984962405,0
SYN:Wu_2021:101:Matusu_2026:94:6,Wu_2021,101,True,True,Matusu_2026,Matusu_2026_GE_virgin_CLM2,94,Matusu2026_94_19,90.0,0.1,3.82449382879191,6675.654149714351,=,1,10000000,-0.12361181063782514,0.015037593984962405,0.015037593984962405,0
SYN:Wu_2021:101:Matusu_2026:94:7,Wu_2021,101,True,True,Matusu_2026,Matusu_2026_GE_virgin_CLM2,94,Matusu2026_94_33,70.0,0.1,5.14431908437224,139418.075771887,=,1,10000000,-0.12361181063782514,0.015037593984962405,0.015037593984962405,0
SYN:Wu_2021:101:Matusu_2026:94:8,Wu_2021,101,True,True,Matusu_2026,Matusu_2026_GE_virgin_CLM2,94,Matusu2026_94_20,70.0,0.1,6.2273544427300855,1687930.0414162015,=,1,10000000,-0.12361181063782514,0.015037593984962405,0.015037593984962405,0
SYN:Wu_2021:101:Matusu_2026:94:9,Wu_2021,101,True,True,Matusu_2026,Matusu_2026_GE_virgin_CLM2,94,Matusu2026_94_13,90.0,0.1,5.6480764550750004,444709.5491667753,=,1,10000000,-0.12361181063782514,0.015037593984962405,0.015037593984962405,0
SYN:Wu_2021:101:Matusu_2026:94:10,Wu_2021,101,True,True,Matusu_2026,Matusu_2026_GE_virgin_CLM2,94,Matusu2026_94_18,140.0,0.1,4.475982896381902,29921.46795958659,=,1,10000000,-0.12361181063782514,0.015037593984962405,0.015037593984962405,0
SYN:Wu_2021:101:Matusu_2026:94:11,Wu_2021,101,True,True,Matusu_2026,Matusu_2026_GE_virgin_CLM2,94,Matusu2026_94_34,80.0,0.1,5.468042546427192,293793.74581039126,=,1,10000000,-0.12361181063782514,0.015037593984962405,0.015037593984962405,0
SYN:Wu_2021:101:Matusu_2026:94:12,Wu_2021,101,True,True,Matusu_2026,Matusu_2026_GE_virgin_CLM2,94,Matusu2026_94_18,140.0,0.1,3.1712235392027495,1483.2813603619097,=,1,10000000,-0.12361181063782514,0.015037593984962405,0.015037593984962405,0
SYN:Wu_2021:101:Matusu_2026:94:13,Wu_2021,101,True,True,Matusu_2026,Matusu_2026_GE_virgin_CLM2,94,Matusu2026_94_5,85.0,0.1,4.533192594972655,34134.42527393377,=,1,10000000,-0.12361181063782514,0.015037593984962405,0.015037593984962405,0
SYN:Wu_2021:101:Matusu_2026:94:14,Wu_2021,101,True,True,Matusu_2026,Matusu_2026_GE_virgin_CLM2,94,Matusu2026_94_3,75.0,0.1,3.9676379170990095,9281.922054815841,=,1,10000000,-0.12361181063782514,0.015037593984962405,0.015037593984962405,0
SYN:Wu_2021:101:Matusu_2026:C01:0,Wu_2021,101,True,True,Matusu_2026,Matusu_2026_Aconity_TWO,C01,Matusu2026_C01_4,90.0,0.1,5.229800376696753,169746.32347475033,=,1,10000000,-0.12361181063782514,0.015037593984962405,0.015037593984962405,0
SYN:Wu_2021:101:Matusu_2026:C01:1,Wu_2021,101,True,True,Matusu_2026,Matusu_2026_Aconity_TWO,C01,Matusu2026_C01_3,70.0,0.1,6.062979607161583,1156057.956776077,=,1,10000000,-0.12361181063782514,0.015037593984962405,0.015037593984962405,0
SYN:Wu_2021:101:Matusu_2026:C01:2,Wu_2021,101,True,True,Matusu_2026,Matusu_2026_Aconity_TWO,C01,Matusu2026_C01_5,110.0,0.1,4.745842624397334,55698.38777110736,=,1,10000000,-0.12361181063782514,0.015037593984962405,0.015037593984962405,0
SYN:Wu_2021:101:Matusu_2026:C01:3,Wu_2021,101,True,True,Matusu_2026,Matusu_2026_Aconity_TWO,C01,Matusu2026_C01_2,50.0,0.1,7.382823163527065,10000000,>=,0,10000000,-0.12361181063782514,0.015037593984962405,0.015037593984962405,0
SYN:Wu_2021:101:Matusu_2026:C01:4,Wu_2021,101,True,True,Matusu_2026,Matusu_2026_Aconity_TWO,C01,Matusu2026_C01_9,110.0,0.1,4.5301157166829995,33893.44523497077,=,1,10000000,-0.12361181063782514,0.015037593984962405,0.015037593984962405,0
SYN:Wu_2021:101:Matusu_2026:C01:5,Wu_2021,101,True,True,Matusu_2026,Matusu_2026_Aconity_TWO,C01,Matusu2026_C01_3,70.0,0.1,6.313406152661482,2057814.166378924,=,1,10000000,-0.12361181063782514,0.015037593984962405,0.015037593984962405,0
SYN:Wu_2021:101:Matusu_2026:C01:6,Wu_2021,101,True,True,Matusu_2026,Matusu_2026_Aconity_TWO,C01,Matusu2026_C01_9,110.0,0.1,3.7720959070359132,5916.922855887947,=,1,10000000,-0.12361181063782514,0.015037593984962405,0.015037593984962405,0
SYN:Wu_2021:101:Matusu_2026:C01:7,Wu_2021,101,True,True,Matusu_2026,Matusu_2026_Aconity_TWO,C01,Matusu2026_C01_8,80.0,0.1,5.063200877578003,115664.71113978217,=,1,10000000,-0.12361181063782514,0.015037593984962405,0.015037593984962405,0
SYN:Wu_2021:101:Matusu_2026:C01:8,Wu_2021,101,True,True,Matusu_2026,Matusu_2026_Aconity_TWO,C01,Matusu2026_C01_3,70.0,0.1,5.225845398095354,168207.5162564023,=,1,10000000,-0.12361181063782514,0.015037593984962405,0.015037593984962405,0
SYN:Wu_2021:101:Matusu_2026:C01:9,Wu_2021,101,True,True,Matusu_2026,Matusu_2026_Aconity_TWO,C01,Matusu2026_C01_5,110.0,0.1,4.683121235865491,48208.23549750599,=,1,10000000,-0.12361181063782514,0.015037593984962405,0.015037593984962405,0
SYN:Wu_2021:101:Matusu_2026:C02:0,Wu_2021,101,True,True,Matusu_2026,Matusu_2026_Aconity_TWO,C02,Matusu2026_C02_3,80.0,0.1,5.543163350926663,349271.66211910517,=,1,10000000,-0.12361181063782514,0.015037593984962405,0.015037593984962405,0
SYN:Wu_2021:101:Matusu_2026:C02:1,Wu_2021,101,True,True,Matusu_2026,Matusu_2026_Aconity_TWO,C02,Matusu2026_C02_8,110.0,0.1,4.500092470562464,31629.51048247832,=,1,10000000,-0.12361181063782514,0.015037593984962405,0.015037593984962405,0
SYN:Wu_2021:101:Matusu_2026:C02:2,Wu_2021,101,True,True,Matusu_2026,Matusu_2026_Aconity_TWO,C02,Matusu2026_C02_1,100.0,0.1,4.326850083791777,21225.11655484855,=,1,10000000,-0.12361181063782514,0.015037593984962405,0.015037593984962405,0
SYN:Wu_2021:101:Matusu_2026:C02:3,Wu_2021,101,True,True,Matusu_2026,Matusu_2026_Aconity_TWO,C02,Matusu2026_C02_5,70.0,0.1,2.997951242170762,995.293670403169,=,1,10000000,-0.12361181063782514,0.015037593984962405,0.015037593984962405,0
SYN:Wu_2021:101:Matusu_2026:C02:4,Wu_2021,101,True,True,Matusu_2026,Matusu_2026_Aconity_TWO,C02,Matusu2026_C02_5,70.0,0.1,6.370333047139479,2346027.2220982965,=,1,10000000,-0.12361181063782514,0.015037593984962405,0.015037593984962405,0
SYN:Wu_2021:101:Matusu_2026:C02:5,Wu_2021,101,True,True,Matusu_2026,Matusu_2026_Aconity_TWO,C02,Matusu2026_C02_3,80.0,0.1,4.50183957528514,31757.00776906212,=,1,10000000,-0.12361181063782514,0.015037593984962405,0.015037593984962405,0
SYN:Wu_2021:101:Matusu_2026:C02:6,Wu_2021,101,True,True,Matusu_2026,Matusu_2026_Aconity_TWO,C02,Matusu2026_C02_1,100.0,0.1,5.2669480564207385,184904.74513352595,=,1,10000000,-0.12361181063782514,0.015037593984962405,0.015037593984962405,0
SYN:Wu_2021:101:Matusu_2026:C02:7,Wu_2021,101,True,True,Matusu_2026,Matusu_2026_Aconity_TWO,C02,Matusu2026_C02_1,100.0,0.1,4.028337646618932,10674.25679559335,=,1,10000000,-0.12361181063782514,0.015037593984962405,0.015037593984962405,0
SYN:Wu_2021:101:Matusu_2026:C02:8,Wu_2021,101,True,True,Matusu_2026,Matusu_2026_Aconity_TWO,C02,Matusu2026_C02_10,70.0,0.1,4.799133523504839,62969.975380462914,=,1,10000000,-0.12361181063782514,0.015037593984962405,0.015037593984962405,0
SYN:Wu_2021:101:Matusu_2026:C02:9,Wu_2021,101,True,True,Matusu_2026,Matusu_2026_Aconity_TWO,C02,Matusu2026_C02_8,110.0,0.1,3.954255564642169,9000.270550505542,=,1,10000000,-0.12361181063782514,0.015037593984962405,0.015037593984962405,0
SYN:Wu_2021:101:Matusu_2026:C03:0,Wu_2021,101,True,True,Matusu_2026,Matusu_2026_Aconity_TWO,C03,Matusu2026_C03_10,85.0,0.1,4.66071992166739,45784.65243410089,=,1,10000000,-0.12361181063782514,0.015037593984962405,0.015037593984962405,0
SYN:Wu_2021:101:Matusu_2026:C03:1,Wu_2021,101,True,True,Matusu_2026,Matusu_2026_Aconity_TWO,C03,Matusu2026_C03_7,110.0,0.1,2.602985055819717,400.85292394196034,=,1,10000000,-0.12361181063782514,0.015037593984962405,0.015037593984962405,0
SYN:Wu_2021:101:Matusu_2026:C03:2,Wu_2021,101,True,True,Matusu_2026,Matusu_2026_Aconity_TWO,C03,Matusu2026_C03_6,65.0,0.1,5.554322055046244,358362.08527639555,=,1,10000000,-0.12361181063782514,0.015037593984962405,0.015037593984962405,0
SYN:Wu_2021:101:Matusu_2026:C03:3,Wu_2021,101,True,True,Matusu_2026,Matusu_2026_Aconity_TWO,C03,Matusu2026_C03_1,90.0,0.1,5.045829920973548,111129.64345522778,=,1,10000000,-0.12361181063782514,0.015037593984962405,0.015037593984962405,0
SYN:Wu_2021:101:Matusu_2026:C03:4,Wu_2021,101,True,True,Matusu_2026,Matusu_2026_Aconity_TWO,C03,Matusu2026_C03_5,70.0,0.1,6.341698557673171,2196334.875011042,=,1,10000000,-0.12361181063782514,0.015037593984962405,0.015037593984962405,0
SYN:Wu_2021:101:Matusu_2026:C03:5,Wu_2021,101,True,True,Matusu_2026,Matusu_2026_Aconity_TWO,C03,Matusu2026_C03_8,60.0,0.1,6.024140619610141,1057159.7500984052,=,1,10000000,-0.12361181063782514,0.015037593984962405,0.015037593984962405,0
SYN:Wu_2021:101:Matusu_2026:C03:6,Wu_2021,101,True,True,Matusu_2026,Matusu_2026_Aconity_TWO,C03,Matusu2026_C03_8,60.0,0.1,5.181109704844061,151743.3629975722,=,1,10000000,-0.12361181063782514,0.015037593984962405,0.015037593984962405,0
SYN:Wu_2021:101:Matusu_2026:C03:7,Wu_2021,101,True,True,Matusu_2026,Matusu_2026_Aconity_TWO,C03,Matusu2026_C03_7,110.0,0.1,4.135738544812322,13669.056694387624,=,1,10000000,-0.12361181063782514,0.015037593984962405,0.015037593984962405,0
SYN:Wu_2021:101:Matusu_2026:C03:8,Wu_2021,101,True,True,Matusu_2026,Matusu_2026_Aconity_TWO,C03,Matusu2026_C03_4,100.0,0.1,4.889422141502768,77521.49536085424,=,1,10000000,-0.12361181063782514,0.015037593984962405,0.015037593984962405,0
SYN:Wu_2021:101:Matusu_2026:C03:9,Wu_2021,101,True,True,Matusu_2026,Matusu_2026_Aconity_TWO,C03,Matusu2026_C03_3,80.0,0.1,5.914504167737227,821304.4345019124,=,1,10000000,-0.12361181063782514,0.015037593984962405,0.015037593984962405,0
SYN:Chen_2024:13:Matusu_2026:71:0,Chen_2024,13,True,True,Matusu_2026,Matusu_2026_Eckart_CLM2,71,Matusu2026_71_32,60.0,0.1,6.46206108198943,2897751.117531537,=,1,10000000,0.0,0.015037593984962405,0.015037593984962405,0
SYN:Chen_2024:13:Matusu_2026:71:1,Chen_2024,13,True,True,Matusu_2026,Matusu_2026_Eckart_CLM2,71,Matusu2026_71_11,70.0,0.1,5.903843847562662,801389.8684272257,=,1,10000000,0.0,0.015037593984962405,0.015037593984962405,0
SYN:Chen_2024:13:Matusu_2026:71:2,Chen_2024,13,True,True,Matusu_2026,Matusu_2026_Eckart_CLM2,71,Matusu2026_71_11,70.0,0.1,5.7399352173471,549458.9062939908,=,1,10000000,0.0,0.015037593984962405,0.015037593984962405,0
SYN:Chen_2024:13:Matusu_2026:71:3,Chen_2024,13,True,True,Matusu_2026,Matusu_2026_Eckart_CLM2,71,Matusu2026_71_51,30.0,0.1,8.086050601789767,10000000,>=,0,10000000,0.0,0.015037593984962405,0.015037593984962405,0
SYN:Chen_2024:13:Matusu_2026:71:4,Chen_2024,13,True,True,Matusu_2026,Matusu_2026_Eckart_CLM2,71,Matusu2026_71_52,110.0,0.1,3.883976333816063,7655.5488808403525,=,1,10000000,0.0,0.015037593984962405,0.015037593984962405,0
SYN:Chen_2024:13:Matusu_2026:71:5,Chen_2024,13,True,True,Matusu_2026,Matusu_2026_Eckart_CLM2,71,Matusu2026_71_52,110.0,0.1,4.7259452464802845,53204.11781391815,=,1,10000000,0.0,0.015037593984962405,0.015037593984962405,0
SYN:Chen_2024:13:Matusu_2026:71:6,Chen_2024,13,True,True,Matusu_2026,Matusu_2026_Eckart_CLM2,71,Matusu2026_71_33,35.0,0.1,7.7453095050455625,10000000,>=,0,10000000,0.0,0.015037593984962405,0.015037593984962405,0
SYN:Chen_2024:13:Matusu_2026:71:7,Chen_2024,13,True,True,Matusu_2026,Matusu_2026_Eckart_CLM2,71,Matusu2026_71_11,70.0,0.1,5.755563610383123,569591.6451498293,=,1,10000000,0.0,0.015037593984962405,0.015037593984962405,0
SYN:Chen_2024:13:Matusu_2026:71:8,Chen_2024,13,True,True,Matusu_2026,Matusu_2026_Eckart_CLM2,71,Matusu2026_71_32,60.0,0.1,5.067663391377934,116859.32983203128,=,1,10000000,0.0,0.015037593984962405,0.015037593984962405,0
SYN:Chen_2024:13:Matusu_2026:71:9,Chen_2024,13,True,True,Matusu_2026,Matusu_2026_Eckart_CLM2,71,Matusu2026_71_32,60.0,0.1,7.004325719087655,10000000,>=,0,10000000,0.0,0.015037593984962405,0.015037593984962405,0
SYN:Chen_2024:13:Matusu_2026:71:10,Chen_2024,13,True,True,Matusu_2026,Matusu_2026_Eckart_CLM2,71,Matusu2026_71_52,110.0,0.1,5.268745978508514,185671.81316636302,=,1,10000000,0.0,0.015037593984962405,0.015037593984962405,0
SYN:Chen_2024:13:Matusu_2026:72:0,Chen_2024,13,True,True,Matusu_2026,Matusu_2026_Eckart_CLM2,72,Matusu2026_72_23,100.0,0.1,4.659149008040629,45619.34107467795,=,1,10000000,0.0,0.015037593984962405,0.015037593984962405,0
SYN:Chen_2024:13:Matusu_2026:72:1,Chen_2024,13,True,True,Matusu_2026,Matusu_2026_Eckart_CLM2,72,Matusu2026_72_17,50.0,0.1,5.389392529682291,245127.77866481413,=,1,10000000,0.0,0.015037593984962405,0.015037593984962405,0
SYN:Chen_2024:13:Matusu_2026:72:2,Chen_2024,13,True,True,Matusu_2026,Matusu_2026_Eckart_CLM2,72,Matusu2026_72_50,50.0,0.1,6.08328797569991,1211401.1335166595,=,1,10000000,0.0,0.015037593984962405,0.015037593984962405,0
SYN:Chen_2024:13:Matusu_2026:72:3,Chen_2024,13,True,True,Matusu_2026,Matusu_2026_Eckart_CLM2,72,Matusu2026_72_17,50.0,0.1,6.3624581203953,2303870.799964158,=,1,10000000,0.0,0.015037593984962405,0.015037593984962405,0
SYN:Chen_2024:13:Matusu_2026:72:4,Chen_2024,13,True,True,Matusu_2026,Matusu_2026_Eckart_CLM2,72,Matusu2026_72_17,50.0,0.1,5.069427267267885,117334.9161374059,=,1,10000000,0.0,0.015037593984962405,0.015037593984962405,0
SYN:Chen_2024:13:Matusu_2026:72:5,Chen_2024,13,True,True,Matusu_2026,Matusu_2026_Eckart_CLM2,72,Matusu2026_72_18,40.0,0.1,8.358889556599543,10000000,>=,0,10000000,0.0,0.015037593984962405,0.015037593984962405,0
SYN:Chen_2024:13:Matusu_2026:72:6,Chen_2024,13,True,True,Matusu_2026,Matusu_2026_Eckart_CLM2,72,Matusu2026_72_10,60.0,0.1,6.939049213552693,8690589.040649548,=,1,10000000,0.0,0.015037593984962405,0.015037593984962405,0
SYN:Chen_2024:13:Matusu_2026:72:7,Chen_2024,13,True,True,Matusu_2026,Matusu_2026_Eckart_CLM2,72,Matusu2026_72_26,45.0,0.1,5.9991223874236965,997981.2627608785,=,1,10000000,0.0,0.015037593984962405,0.015037593984962405,0
SYN:Chen_2024:13:Matusu_2026:72:8,Chen_2024,13,True,True,Matusu_2026,Matusu_2026_Eckart_CLM2,72,Matusu2026_72_18,40.0,0.1,5.84553464976898,700704.085639175,=,1,10000000,0.0,0.015037593984962405,0.015037593984962405,0
SYN:Chen_2024:13:Matusu_2026:72:9,Chen_2024,13,True,True,Matusu_2026,Matusu_2026_Eckart_CLM2,72,Matusu2026_72_50,50.0,0.1,6.276319965779319,1889382.8362906955,=,1,10000000,0.0,0.015037593984962405,0.015037593984962405,0
SYN:Chen_2024:13:Matusu_2026:72:10,Chen_2024,13,True,True,Matusu_2026,Matusu_2026_Eckart_CLM2,72,Matusu2026_72_50,50.0,0.1,6.275602300940513,1886263.238957219,=,1,10000000,0.0,0.015037593984962405,0.015037593984962405,0
SYN:Chen_2024:13:Matusu_2026:73:0,Chen_2024,13,True,True,Matusu_2026,Matusu_2026_Eckart_CLM2,73,Matusu2026_73_31,40.0,0.1,7.591221103725302,10000000,>=,0,10000000,0.0,0.015037593984962405,0.015037593984962405,0
SYN:Chen_2024:13:Matusu_2026:73:1,Chen_2024,13,True,True,Matusu_2026,Matusu_2026_Eckart_CLM2,73,Matusu2026_73_14,60.0,0.1,7.286197797158566,10000000,>=,0,10000000,0.0,0.015037593984962405,0.015037593984962405,0
SYN:Chen_2024:13:Matusu_2026:73:2,Chen_2024,13,True,True,Matusu_2026,Matusu_2026_Eckart_CLM2,73,Matusu2026_73_54,35.0,0.1,7.558059276965825,10000000,>=,0,10000000,0.0,0.015037593984962405,0.015037593984962405,0
SYN:Chen_2024:13:Matusu_2026:73:3,Chen_2024,13,True,True,Matusu_2026,Matusu_2026_Eckart_CLM2,73,Matusu2026_73_15,50.0,0.1,5.980376645387429,955821.1702798454,=,1,10000000,0.0,0.015037593984962405,0.015037593984962405,0
SYN:Chen_2024:13:Matusu_2026:73:4,Chen_2024,13,True,True,Matusu_2026,Matusu_2026_Eckart_CLM2,73,Matusu2026_73_8,70.0,0.1,4.835261583435803,68432.37037410446,=,1,10000000,0.0,0.015037593984962405,0.015037593984962405,0
SYN:Chen_2024:13:Matusu_2026:73:5,Chen_2024,13,True,True,Matusu_2026,Matusu_2026_Eckart_CLM2,73,Matusu2026_73_31,40.0,0.1,7.66874727481672,10000000,>=,0,10000000,0.0,0.015037593984962405,0.015037593984962405,0
SYN:Chen_2024:13:Matusu_2026:73:6,Chen_2024,13,True,True,Matusu_2026,Matusu_2026_Eckart_CLM2,73,Matusu2026_73_31,40.0,0.1,4.22397260096929,16748.372095590632,=,1,10000000,0.0,0.015037593984962405,0.015037593984962405,0
SYN:Chen_2024:13:Matusu_2026:73:7,Chen_2024,13,True,True,Matusu_2026,Matusu_2026_Eckart_CLM2,73,Matusu2026_73_21,45.0,0.1,6.284157383811076,1923788.7636772103,=,1,10000000,0.0,0.015037593984962405,0.015037593984962405,0
SYN:Chen_2024:13:Matusu_2026:73:8,Chen_2024,13,True,True,Matusu_2026,Matusu_2026_Eckart_CLM2,73,Matusu2026_73_47,35.0,0.1,8.252852012993094,10000000,>=,0,10000000,0.0,0.015037593984962405,0.015037593984962405,0
SYN:Chen_2024:13:Matusu_2026:73:9,Chen_2024,13,True,True,Matusu_2026,Matusu_2026_Eckart_CLM2,73,Matusu2026_73_31,40.0,0.1,7.448506047041299,10000000,>=,0,10000000,0.0,0.015037593984962405,0.015037593984962405,0
SYN:Chen_2024:13:Matusu_2026:73:10,Chen_2024,13,True,True,Matusu_2026,Matusu_2026_Eckart_CLM2,73,Matusu2026_73_47,35.0,0.1,4.993400475789242,98491.8910003426,=,1,10000000,0.0,0.015037593984962405,0.015037593984962405,0
SYN:Chen_2024:13:Matusu_2026:74:0,Chen_2024,13,True,True,Matusu_2026,Matusu_2026_Eckart_CLM2,74,Matusu2026_74_13,80.0,0.1,5.583567049725597,383324.9164835784,=,1,10000000,0.0,0.015037593984962405,0.015037593984962405,0
SYN:Chen_2024:13:Matusu_2026:74:1,Chen_2024,13,True,True,Matusu_2026,Matusu_2026_Eckart_CLM2,74,Matusu2026_74_13,80.0,0.1,4.592594443196684,39137.62279164545,=,1,10000000,0.0,0.015037593984962405,0.015037593984962405,0
SYN:Chen_2024:13:Matusu_2026:74:2,Chen_2024,13,True,True,Matusu_2026,Matusu_2026_Eckart_CLM2,74,Matusu2026_74_39,90.0,0.1,2.063200454327408,115.66459841642038,=,1,10000000,0.0,0.015037593984962405,0.015037593984962405,0
SYN:Chen_2024:13:Matusu_2026:74:3,Chen_2024,13,True,True,Matusu_2026,Matusu_2026_Eckart_CLM2,74,Matusu2026_74_7,100.0,0.1,4.098969014085825,12559.403520375512,=,1,10000000,0.0,0.015037593984962405,0.015037593984962405,0
SYN:Chen_2024:13:Matusu_2026:74:4,Chen_2024,13,True,True,Matusu_2026,Matusu_2026_Eckart_CLM2,74,Matusu2026_74_39,90.0,0.1,5.233155460804792,171062.75447044882,=,1,10000000,0.0,0.015037593984962405,0.015037593984962405,0
SYN:Chen_2024:13:Matusu_2026:74:5,Chen_2024,13,True,True,Matusu_2026,Matusu_2026_Eckart_CLM2,74,Matusu2026_74_20,70.0,0.1,5.013437092262846,103142.36664694849,=,1,10000000,0.0,0.015037593984962405,0.015037593984962405,0
SYN:Chen_2024:13:Matusu_2026:74:6,Chen_2024,13,True,True,Matusu_2026,Matusu_2026_Eckart_CLM2,74,Matusu2026_74_48,40.0,0.1,6.219182720588714,1656466.7416431059,=,1,10000000,0.0,0.015037593984962405,0.015037593984962405,0
SYN:Chen_2024:13:Matusu_2026:74:7,Chen_2024,13,True,True,Matusu_2026,Matusu_2026_Eckart_CLM2,74,Matusu2026_74_48,40.0,0.1,7.944918601277135,10000000,>=,0,10000000,0.0,0.015037593984962405,0.015037593984962405,0
SYN:Chen_2024:13:Matusu_2026:74:8,Chen_2024,13,True,True,Matusu_2026,Matusu_2026_Eckart_CLM2,74,Matusu2026_74_41,125.0,0.1,5.229487137275774,169623.9363117834,=,1,10000000,0.0,0.015037593984962405,0.015037593984962405,0
SYN:Chen_2024:13:Matusu_2026:74:9,Chen_2024,13,True,True,Matusu_2026,Matusu_2026_Eckart_CLM2,74,Matusu2026_74_40,110.0,0.1,2.8577966239616255,720.7698703598172,=,1,10000000,0.0,0.015037593984962405,0.015037593984962405,0
SYN:Chen_2024:13:Matusu_2026:74:10,Chen_2024,13,True,True,Matusu_2026,Matusu_2026_Eckart_CLM2,74,Matusu2026_74_55,30.0,0.1,7.262660437888983,10000000,>=,0,10000000,0.0,0.015037593984962405,0.015037593984962405,0
SYN:Chen_2024:13:Matusu_2026:91:0,Chen_2024,13,True,True,Matusu_2026,Matusu_2026_GE_virgin_CLM2,91,Matusu2026_91_20,110.0,0.1,5.707666209238231,510112.7859528184,=,1,10000000,0.0,0.015037593984962405,0.015037593984962405,0
SYN:Chen_2024:13:Matusu_2026:91:1,Chen_2024,13,True,True,Matusu_2026,Matusu_2026_GE_virgin_CLM2,91,Matusu2026_91_19,100.0,0.1,5.126121613615419,133696.98500479202,=,1,10000000,0.0,0.015037593984962405,0.015037593984962405,0
SYN:Chen_2024:13:Matusu_2026:91:2,Chen_2024,13,True,True,Matusu_2026,Matusu_2026_GE_virgin_CLM2,91,Matusu2026_91_19,100.0,0.1,3.618849035224957,4157.660612473412,=,1,10000000,0.0,0.015037593984962405,0.015037593984962405,0
SYN:Chen_2024:13:Matusu_2026:91:3,Chen_2024,13,True,True,Matusu_2026,Matusu_2026_GE_virgin_CLM2,91,Matusu2026_91_19,100.0,0.1,5.115534430138466,130477.14046293426,=,1,10000000,0.0,0.015037593984962405,0.015037593984962405,0
SYN:Chen_2024:13:Matusu_2026:91:4,Chen_2024,13,True,True,Matusu_2026,Matusu_2026_GE_virgin_CLM2,91,Matusu2026_91_21,50.0,0.1,5.409143869554557,256533.37187257665,=,1,10000000,0.0,0.015037593984962405,0.015037593984962405,0
SYN:Chen_2024:13:Matusu_2026:91:5,Chen_2024,13,True,True,Matusu_2026,Matusu_2026_GE_virgin_CLM2,91,Matusu2026_91_27,140.0,0.1,4.648207122151524,44484.33699765298,=,1,10000000,0.0,0.015037593984962405,0.015037593984962405,0
SYN:Chen_2024:13:Matusu_2026:91:6,Chen_2024,13,True,True,Matusu_2026,Matusu_2026_GE_virgin_CLM2,91,Matusu2026_91_33,80.0,0.1,5.430377375267223,269387.45990076096,=,1,10000000,0.0,0.015037593984962405,0.015037593984962405,0
SYN:Chen_2024:13:Matusu_2026:91:7,Chen_2024,13,True,True,Matusu_2026,Matusu_2026_GE_virgin_CLM2,91,Matusu2026_91_20,110.0,0.1,4.192632345284676,15582.328125570148,=,1,10000000,0.0,0.015037593984962405,0.015037593984962405,0
SYN:Chen_2024:13:Matusu_2026:91:8,Chen_2024,13,True,True,Matusu_2026,Matusu_2026_GE_virgin_CLM2,91,Matusu2026_91_33,80.0,0.1,6.147594739627113,1404736.0877895053,=,1,10000000,0.0,0.015037593984962405,0.015037593984962405,0
SYN:Chen_2024:13:Matusu_2026:91:9,Chen_2024,13,True,True,Matusu_2026,Matusu_2026_GE_virgin_CLM2,91,Matusu2026_91_36,50.0,0.1,6.866431634843214,7352442.467224576,=,1,10000000,0.0,0.015037593984962405,0.015037593984962405,0
SYN:Chen_2024:13:Matusu_2026:91:10,Chen_2024,13,True,True,Matusu_2026,Matusu_2026_GE_virgin_CLM2,91,Matusu2026_91_1,55.0,0.1,6.178720988064261,1509110.316664757,=,1,10000000,0.0,0.015037593984962405,0.015037593984962405,0
SYN:Chen_2024:13:Matusu_2026:91:11,Chen_2024,13,True,True,Matusu_2026,Matusu_2026_GE_virgin_CLM2,91,Matusu2026_91_18,90.0,0.1,4.751593723258919,56440.873086894666,=,1,10000000,0.0,0.015037593984962405,0.015037593984962405,0
SYN:Chen_2024:13:Matusu_2026:91:12,Chen_2024,13,True,True,Matusu_2026,Matusu_2026_GE_virgin_CLM2,91,Matusu2026_91_1,55.0,0.1,6.193932306144438,1562904.012457278,=,1,10000000,0.0,0.015037593984962405,0.015037593984962405,0
SYN:Chen_2024:13:Matusu_2026:91:13,Chen_2024,13,True,True,Matusu_2026,Matusu_2026_GE_virgin_CLM2,91,Matusu2026_91_1,55.0,0.1,4.724829448642803,53067.60020562903,=,1,10000000,0.0,0.015037593984962405,0.015037593984962405,0
SYN:Chen_2024:13:Matusu_2026:91:14,Chen_2024,13,True,True,Matusu_2026,Matusu_2026_GE_virgin_CLM2,91,Matusu2026_91_34,140.0,0.1,3.5628880008110473,3655.005213828309,=,1,10000000,0.0,0.015037593984962405,0.015037593984962405,0
SYN:Chen_2024:13:Matusu_2026:92:0,Chen_2024,13,True,True,Matusu_2026,Matusu_2026_GE_virgin_CLM2,92,Matusu2026_92_29,55.0,0.1,6.0426134035366434,1103096.2381618633,=,1,10000000,0.0,0.015037593984962405,0.015037593984962405,0
SYN:Chen_2024:13:Matusu_2026:92:1,Chen_2024,13,True,True,Matusu_2026,Matusu_2026_GE_virgin_CLM2,92,Matusu2026_92_23,70.0,0.1,3.752844510278833,5660.365956273924,=,1,10000000,0.0,0.015037593984962405,0.015037593984962405,0
SYN:Chen_2024:13:Matusu_2026:92:2,Chen_2024,13,True,True,Matusu_2026,Matusu_2026_GE_virgin_CLM2,92,Matusu2026_92_17,50.0,0.1,5.961795698942418,915789.5825189389,=,1,10000000,0.0,0.015037593984962405,0.015037593984962405,0
SYN:Chen_2024:13:Matusu_2026:92:3,Chen_2024,13,True,True,Matusu_2026,Matusu_2026_GE_virgin_CLM2,92,Matusu2026_92_35,110.0,0.1,3.659780893725624,4568.576418296671,=,1,10000000,0.0,0.015037593984962405,0.015037593984962405,0
SYN:Chen_2024:13:Matusu_2026:92:4,Chen_2024,13,True,True,Matusu_2026,Matusu_2026_GE_virgin_CLM2,92,Matusu2026_92_17,50.0,0.1,6.286780626650736,1935444.074244996,=,1,10000000,0.0,0.015037593984962405,0.015037593984962405,0
SYN:Chen_2024:13:Matusu_2026:92:5,Chen_2024,13,True,True,Matusu_2026,Matusu_2026_GE_virgin_CLM2,92,Matusu2026_92_14,80.0,0.1,2.594497342999258,393.0948399575544,=,1,10000000,0.0,0.015037593984962405,0.015037593984962405,0
SYN:Chen_2024:13:Matusu_2026:92:6,Chen_2024,13,True,True,Matusu_2026,Matusu_2026_GE_virgin_CLM2,92,Matusu2026_92_17,50.0,0.1,6.747252922295803,5587955.286007833,=,1,10000000,0.0,0.015037593984962405,0.015037593984962405,0
SYN:Chen_2024:13:Matusu_2026:92:7,Chen_2024,13,True,True,Matusu_2026,Matusu_2026_GE_virgin_CLM2,92,Matusu2026_92_29,55.0,0.1,5.3379009397036565,217721.3104807438,=,1,10000000,0.0,0.015037593984962405,0.015037593984962405,0
SYN:Chen_2024:13:Matusu_2026:92:8,Chen_2024,13,True,True,Matusu_2026,Matusu_2026_GE_virgin_CLM2,92,Matusu2026_92_16,120.0,0.1,4.6270632624824195,42370.468144979604,=,1,10000000,0.0,0.015037593984962405,0.015037593984962405,0
SYN:Chen_2024:13:Matusu_2026:92:9,Chen_2024,13,True,True,Matusu_2026,Matusu_2026_GE_virgin_CLM2,92,Matusu2026_92_17,50.0,0.1,6.842975983481017,6965879.916749425,=,1,10000000,0.0,0.015037593984962405,0.015037593984962405,0
SYN:Chen_2024:13:Matusu_2026:92:10,Chen_2024,13,True,True,Matusu_2026,Matusu_2026_GE_virgin_CLM2,92,Matusu2026_92_29,55.0,0.1,5.931535711043695,854153.0795885797,=,1,10000000,0.0,0.015037593984962405,0.015037593984962405,0
SYN:Chen_2024:13:Matusu_2026:92:11,Chen_2024,13,True,True,Matusu_2026,Matusu_2026_GE_virgin_CLM2,92,Matusu2026_92_16,120.0,0.1,3.8080635506128706,6427.817691377875,=,1,10000000,0.0,0.015037593984962405,0.015037593984962405,0
SYN:Chen_2024:13:Matusu_2026:92:12,Chen_2024,13,True,True,Matusu_2026,Matusu_2026_GE_virgin_CLM2,92,Matusu2026_92_14,80.0,0.1,4.638604061412139,43511.50061592159,=,1,10000000,0.0,0.015037593984962405,0.015037593984962405,0
SYN:Chen_2024:13:Matusu_2026:92:13,Chen_2024,13,True,True,Matusu_2026,Matusu_2026_GE_virgin_CLM2,92,Matusu2026_92_28,160.0,0.1,4.314570999415811,20633.40959251404,=,1,10000000,0.0,0.015037593984962405,0.015037593984962405,0
SYN:Chen_2024:13:Matusu_2026:93:0,Chen_2024,13,True,True,Matusu_2026,Matusu_2026_GE_virgin_CLM2,93,Matusu2026_93_23,140.0,0.1,4.792607083477884,62030.75733054817,=,1,10000000,0.0,0.015037593984962405,0.015037593984962405,0
SYN:Chen_2024:13:Matusu_2026:93:1,Chen_2024,13,True,True,Matusu_2026,Matusu_2026_GE_virgin_CLM2,93,Matusu2026_93_28,140.0,0.1,3.018498763529464,1043.5151617546828,=,1,10000000,0.0,0.015037593984962405,0.015037593984962405,0
SYN:Chen_2024:13:Matusu_2026:93:2,Chen_2024,13,True,True,Matusu_2026,Matusu_2026_GE_virgin_CLM2,93,Matusu2026_93_35,60.0,0.1,6.518632233054896,3300898.9767758767,=,1,10000000,0.0,0.015037593984962405,0.015037593984962405,0
SYN:Chen_2024:13:Matusu_2026:93:3,Chen_2024,13,True,True,Matusu_2026,Matusu_2026_GE_virgin_CLM2,93,Matusu2026_93_26,70.0,0.1,4.660105067023517,45719.878440082626,=,1,10000000,0.0,0.015037593984962405,0.015037593984962405,0
SYN:Chen_2024:13:Matusu_2026:93:4,Chen_2024,13,True,True,Matusu_2026,Matusu_2026_GE_virgin_CLM2,93,Matusu2026_93_26,70.0,0.1,5.2058010016275,160620.51040274405,=,1,10000000,0.0,0.015037593984962405,0.015037593984962405,0
SYN:Chen_2024:13:Matusu_2026:93:5,Chen_2024,13,True,True,Matusu_2026,Matusu_2026_GE_virgin_CLM2,93,Matusu2026_93_2,130.0,0.1,4.753365431314506,56671.59440648931,=,1,10000000,0.0,0.015037593984962405,0.015037593984962405,0
SYN:Chen_2024:13:Matusu_2026:93:6,Chen_2024,13,True,True,Matusu_2026,Matusu_2026_GE_virgin_CLM2,93,Matusu2026_93_17,70.0,0.1,4.309839856050203,20409.852026585493,=,1,10000000,0.0,0.015037593984962405,0.015037593984962405,0
SYN:Chen_2024:13:Matusu_2026:93:7,Chen_2024,13,True,True,Matusu_2026,Matusu_2026_GE_virgin_CLM2,93,Matusu2026_93_16,120.0,0.1,4.494295568522846,31210.12934465375,=,1,10000000,0.0,0.015037593984962405,0.015037593984962405,0
SYN:Chen_2024:13:Matusu_2026:93:8,Chen_2024,13,True,True,Matusu_2026,Matusu_2026_GE_virgin_CLM2,93,Matusu2026_93_22,120.0,0.1,4.6371833407236505,43369.392694193855,=,1,10000000,0.0,0.015037593984962405,0.015037593984962405,1
SYN:Chen_2024:13:Matusu_2026:93:9,Chen_2024,13,True,True,Matusu_2026,Matusu_2026_GE_virgin_CLM2,93,Matusu2026_93_14,80.0,0.1,5.0237958168575885,105632.07642363972,=,1,10000000,0.0,0.015037593984962405,0.015037593984962405,0
SYN:Chen_2024:13:Matusu_2026:93:10,Chen_2024,13,True,True,Matusu_2026,Matusu_2026_GE_virgin_CLM2,93,Matusu2026_93_7,90.0,0.1,3.251782822316698,1785.594429175143,=,1,10000000,0.0,0.015037593984962405,0.015037593984962405,0
SYN:Chen_2024:13:Matusu_2026:93:11,Chen_2024,13,True,True,Matusu_2026,Matusu_2026_GE_virgin_CLM2,93,Matusu2026_93_26,70.0,0.1,2.1930021710985392,155.95602992663865,=,1,10000000,0.0,0.015037593984962405,0.015037593984962405,0
SYN:Chen_2024:13:Matusu_2026:93:12,Chen_2024,13,True,True,Matusu_2026,Matusu_2026_GE_virgin_CLM2,93,Matusu2026_93_28,140.0,0.1,1.9098025841836792,81.24611144311066,=,1,10000000,0.0,0.015037593984962405,0.015037593984962405,0
SYN:Chen_2024:13:Matusu_2026:93:13,Chen_2024,13,True,True,Matusu_2026,Matusu_2026_GE_virgin_CLM2,93,Matusu2026_93_7,90.0,0.1,5.337037232650372,217288.74554444128,=,1,10000000,0.0,0.015037593984962405,0.015037593984962405,0
SYN:Chen_2024:13:Matusu_2026:93:14,Chen_2024,13,True,True,Matusu_2026,Matusu_2026_GE_virgin_CLM2,93,Matusu2026_93_22,120.0,0.1,4.248072768431569,17704.055746683585,=,1,10000000,0.0,0.015037593984962405,0.015037593984962405,0
SYN:Chen_2024:13:Matusu_2026:94:0,Chen_2024,13,True,True,Matusu_2026,Matusu_2026_GE_virgin_CLM2,94,Matusu2026_94_34,80.0,0.1,5.482914568187422,304028.68997960683,=,1,10000000,0.0,0.015037593984962405,0.015037593984962405,0
SYN:Chen_2024:13:Matusu_2026:94:1,Chen_2024,13,True,True,Matusu_2026,Matusu_2026_GE_virgin_CLM2,94,Matusu2026_94_9,125.0,0.1,4.2931589547099405,19640.790114641906,=,1,10000000,0.0,0.015037593984962405,0.015037593984962405,0
SYN:Chen_2024:13:Matusu_2026:94:2,Chen_2024,13,True,True,Matusu_2026,Matusu_2026_GE_virgin_CLM2,94,Matusu2026_94_11,85.0,0.1,4.967359511989368,92759.73771956265,=,1,10000000,0.0,0.015037593984962405,0.015037593984962405,0
SYN:Chen_2024:13:Matusu_2026:94:3,Chen_2024,13,True,True,Matusu_2026,Matusu_2026_GE_virgin_CLM2,94,Matusu2026_94_5,85.0,0.1,4.705988865313333,50814.641424942056,=,1,10000000,0.0,0.015037593984962405,0.015037593984962405,0
SYN:Chen_2024:13:Matusu_2026:94:4,Chen_2024,13,True,True,Matusu_2026,Matusu_2026_GE_virgin_CLM2,94,Matusu2026_94_1,140.0,0.1,4.636273314362159,43278.61104486689,=,1,10000000,0.0,0.015037593984962405,0.015037593984962405,0
SYN:Chen_2024:13:Matusu_2026:94:5,Chen_2024,13,True,True,Matusu_2026,Matusu_2026_GE_virgin_CLM2,94,Matusu2026_94_18,140.0,0.1,4.482073298511297,30344.032756063134,=,1,10000000,0.0,0.015037593984962405,0.015037593984962405,0
SYN:Chen_2024:13:Matusu_2026:94:6,Chen_2024,13,True,True,Matusu_2026,Matusu_2026_GE_virgin_CLM2,94,Matusu2026_94_36,125.0,0.1,4.209290685532409,16191.634267304922,=,1,10000000,0.0,0.015037593984962405,0.015037593984962405,0
SYN:Chen_2024:13:Matusu_2026:94:7,Chen_2024,13,True,True,Matusu_2026,Matusu_2026_GE_virgin_CLM2,94,Matusu2026_94_33,70.0,0.1,5.658357980728459,455363.2528145843,=,1,10000000,0.0,0.015037593984962405,0.015037593984962405,0
SYN:Chen_2024:13:Matusu_2026:94:8,Chen_2024,13,True,True,Matusu_2026,Matusu_2026_GE_virgin_CLM2,94,Matusu2026_94_18,140.0,0.1,4.176407590739696,15010.929689304516,=,1,10000000,0.0,0.015037593984962405,0.015037593984962405,0
SYN:Chen_2024:13:Matusu_2026:94:9,Chen_2024,13,True,True,Matusu_2026,Matusu_2026_GE_virgin_CLM2,94,Matusu2026_94_9,125.0,0.1,3.358829194627126,2284.7000680410615,=,1,10000000,0.0,0.015037593984962405,0.015037593984962405,0
SYN:Chen_2024:13:Matusu_2026:94:10,Chen_2024,13,True,True,Matusu_2026,Matusu_2026_GE_virgin_CLM2,94,Matusu2026_94_21,110.0,0.1,4.17365896643625,14916.226397636234,=,1,10000000,0.0,0.015037593984962405,0.015037593984962405,0
SYN:Chen_2024:13:Matusu_2026:94:11,Chen_2024,13,True,True,Matusu_2026,Matusu_2026_GE_virgin_CLM2,94,Matusu2026_94_30,75.0,0.1,3.718362330505724,5228.322043368321,=,1,10000000,0.0,0.015037593984962405,0.015037593984962405,0
SYN:Chen_2024:13:Matusu_2026:94:12,Chen_2024,13,True,True,Matusu_2026,Matusu_2026_GE_virgin_CLM2,94,Matusu2026_94_1,140.0,0.1,3.1600743046007733,1445.687096047134,=,1,10000000,0.0,0.015037593984962405,0.015037593984962405,0
SYN:Chen_2024:13:Matusu_2026:94:13,Chen_2024,13,True,True,Matusu_2026,Matusu_2026_GE_virgin_CLM2,94,Matusu2026_94_27,100.0,0.1,4.469544848670966,29481.179067771034,=,1,10000000,0.0,0.015037593984962405,0.015037593984962405,0
SYN:Chen_2024:13:Matusu_2026:94:14,Chen_2024,13,True,True,Matusu_2026,Matusu_2026_GE_virgin_CLM2,94,Matusu2026_94_5,85.0,0.1,4.570293018872309,37178.59888303192,=,1,10000000,0.0,0.015037593984962405,0.015037593984962405,0
SYN:Chen_2024:13:Matusu_2026:C01:0,Chen_2024,13,True,True,Matusu_2026,Matusu_2026_Aconity_TWO,C01,Matusu2026_C01_1,60.0,0.1,5.752446580838996,565518.1928495729,=,1,10000000,0.0,0.015037593984962405,0.015037593984962405,0
SYN:Chen_2024:13:Matusu_2026:C01:1,Chen_2024,13,True,True,Matusu_2026,Matusu_2026_Aconity_TWO,C01,Matusu2026_C01_7,40.0,0.1,5.894587987726345,784491.0400611067,=,1,10000000,0.0,0.015037593984962405,0.015037593984962405,0
SYN:Chen_2024:13:Matusu_2026:C01:2,Chen_2024,13,True,True,Matusu_2026,Matusu_2026_Aconity_TWO,C01,Matusu2026_C01_3,70.0,0.1,5.021448786024421,105062.75527927183,=,1,10000000,0.0,0.015037593984962405,0.015037593984962405,0
SYN:Chen_2024:13:Matusu_2026:C01:3,Chen_2024,13,True,True,Matusu_2026,Matusu_2026_Aconity_TWO,C01,Matusu2026_C01_2,50.0,0.1,6.861152111339266,7263603.200826902,=,1,10000000,0.0,0.015037593984962405,0.015037593984962405,0
SYN:Chen_2024:13:Matusu_2026:C01:4,Chen_2024,13,True,True,Matusu_2026,Matusu_2026_Aconity_TWO,C01,Matusu2026_C01_10,43.0,0.1,7.031253411525772,10000000,>=,0,10000000,0.0,0.015037593984962405,0.015037593984962405,0
SYN:Chen_2024:13:Matusu_2026:C01:5,Chen_2024,13,True,True,Matusu_2026,Matusu_2026_Aconity_TWO,C01,Matusu2026_C01_3,70.0,0.1,5.236572125718832,172413.84045801044,=,1,10000000,0.0,0.015037593984962405,0.015037593984962405,0
SYN:Chen_2024:13:Matusu_2026:C01:6,Chen_2024,13,True,True,Matusu_2026,Matusu_2026_Aconity_TWO,C01,Matusu2026_C01_7,40.0,0.1,6.359904953549596,2290366.345421716,=,1,10000000,0.0,0.015037593984962405,0.015037593984962405,0
SYN:Chen_2024:13:Matusu_2026:C01:7,Chen_2024,13,True,True,Matusu_2026,Matusu_2026_Aconity_TWO,C01,Matusu2026_C01_7,40.0,0.1,6.838563293208803,6895460.789142615,=,1,10000000,0.0,0.015037593984962405,0.015037593984962405,0
SYN:Chen_2024:13:Matusu_2026:C01:8,Chen_2024,13,True,True,Matusu_2026,Matusu_2026_Aconity_TWO,C01,Matusu2026_C01_6,45.0,0.1,7.568080733091146,10000000,>=,0,10000000,0.0,0.015037593984962405,0.015037593984962405,0
SYN:Chen_2024:13:Matusu_2026:C01:9,Chen_2024,13,True,True,Matusu_2026,Matusu_2026_Aconity_TWO,C01,Matusu2026_C01_5,110.0,0.1,3.5034607850932526,3187.5777382661404,=,1,10000000,0.0,0.015037593984962405,0.015037593984962405,0
SYN:Chen_2024:13:Matusu_2026:C02:0,Chen_2024,13,True,True,Matusu_2026,Matusu_2026_Aconity_TWO,C02,Matusu2026_C02_3,80.0,0.1,6.354419994706579,2261621.8676815666,=,1,10000000,0.0,0.015037593984962405,0.015037593984962405,0
SYN:Chen_2024:13:Matusu_2026:C02:1,Chen_2024,13,True,True,Matusu_2026,Matusu_2026_Aconity_TWO,C02,Matusu2026_C02_8,110.0,0.1,3.2596069124198435,1818.0545604910133,=,1,10000000,0.0,0.015037593984962405,0.015037593984962405,0
SYN:Chen_2024:13:Matusu_2026:C02:2,Chen_2024,13,True,True,Matusu_2026,Matusu_2026_Aconity_TWO,C02,Matusu2026_C02_10,70.0,0.1,5.525738281633096,335535.3500351861,=,1,10000000,0.0,0.015037593984962405,0.015037593984962405,0
SYN:Chen_2024:13:Matusu_2026:C02:3,Chen_2024,13,True,True,Matusu_2026,Matusu_2026_Aconity_TWO,C02,Matusu2026_C02_4,90.0,0.1,5.411384732027083,257860.44750515296,=,1,10000000,0.0,0.015037593984962405,0.015037593984962405,0
SYN:Chen_2024:13:Matusu_2026:C02:4,Chen_2024,13,True,True,Matusu_2026,Matusu_2026_Aconity_TWO,C02,Matusu2026_C02_2,60.0,0.1,5.968286578288877,929579.5869561074,=,1,10000000,0.0,0.015037593984962405,0.015037593984962405,0
SYN:Chen_2024:13:Matusu_2026:C02:5,Chen_2024,13,True,True,Matusu_2026,Matusu_2026_Aconity_TWO,C02,Matusu2026_C02_1,100.0,0.1,4.676036339236701,47428.16687319383,=,1,10000000,0.0,0.015037593984962405,0.015037593984962405,0
SYN:Chen_2024:13:Matusu_2026:C02:6,Chen_2024,13,True,True,Matusu_2026,Matusu_2026_Aconity_TWO,C02,Matusu2026_C02_1,100.0,0.1,5.289258360394874,194651.77143999914,=,1,10000000,0.0,0.015037593984962405,0.015037593984962405,0
SYN:Chen_2024:13:Matusu_2026:C02:7,Chen_2024,13,True,True,Matusu_2026,Matusu_2026_Aconity_TWO,C02,Matusu2026_C02_2,60.0,0.1,4.101893876189024,12644.273353855097,=,1,10000000,0.0,0.015037593984962405,0.015037593984962405,0
SYN:Chen_2024:13:Matusu_2026:C02:8,Chen_2024,13,True,True,Matusu_2026,Matusu_2026_Aconity_TWO,C02,Matusu2026_C02_8,110.0,0.1,5.199720866219581,158387.48624881828,=,1,10000000,0.0,0.015037593984962405,0.015037593984962405,0
SYN:Chen_2024:13:Matusu_2026:C02:9,Chen_2024,13,True,True,Matusu_2026,Matusu_2026_Aconity_TWO,C02,Matusu2026_C02_9,65.0,0.1,5.845656752587602,700901.117782038,=,1,10000000,0.0,0.015037593984962405,0.015037593984962405,0
SYN:Chen_2024:13:Matusu_2026:C03:0,Chen_2024,13,True,True,Matusu_2026,Matusu_2026_Aconity_TWO,C03,Matusu2026_C03_9,75.0,0.1,6.385528727227012,2429566.144936978,=,1,10000000,0.0,0.015037593984962405,0.015037593984962405,0
SYN:Chen_2024:13:Matusu_2026:C03:1,Chen_2024,13,True,True,Matusu_2026,Matusu_2026_Aconity_TWO,C03,Matusu2026_C03_5,70.0,0.1,5.976785131855513,947949.3472501691,=,1,10000000,0.0,0.015037593984962405,0.015037593984962405,0
SYN:Chen_2024:13:Matusu_2026:C03:2,Chen_2024,13,True,True,Matusu_2026,Matusu_2026_Aconity_TWO,C03,Matusu2026_C03_6,65.0,0.1,4.988684777218818,97428.22204060637,=,1,10000000,0.0,0.015037593984962405,0.015037593984962405,0
SYN:Chen_2024:13:Matusu_2026:C03:3,Chen_2024,13,True,True,Matusu_2026,Matusu_2026_Aconity_TWO,C03,Matusu2026_C03_8,60.0,0.1,4.087431659373156,12230.146501886737,=,1,10000000,0.0,0.015037593984962405,0.015037593984962405,0
SYN:Chen_2024:13:Matusu_2026:C03:4,Chen_2024,13,True,True,Matusu_2026,Matusu_2026_Aconity_TWO,C03,Matusu2026_C03_9,75.0,0.1,6.932279656888476,8556174.965425214,=,1,10000000,0.0,0.015037593984962405,0.015037593984962405,0
SYN:Chen_2024:13:Matusu_2026:C03:5,Chen_2024,13,True,True,Matusu_2026,Matusu_2026_Aconity_TWO,C03,Matusu2026_C03_5,70.0,0.1,5.9238640695949805,839197.2839404931,=,1,10000000,0.0,0.015037593984962405,0.015037593984962405,0
SYN:Chen_2024:13:Matusu_2026:C03:6,Chen_2024,13,True,True,Matusu_2026,Matusu_2026_Aconity_TWO,C03,Matusu2026_C03_10,85.0,0.1,5.214187183648658,163752.21516808114,=,1,10000000,0.0,0.015037593984962405,0.015037593984962405,0
SYN:Chen_2024:13:Matusu_2026:C03:7,Chen_2024,13,True,True,Matusu_2026,Matusu_2026_Aconity_TWO,C03,Matusu2026_C03_6,65.0,0.1,6.213468668258065,1634815.2047640507,=,1,10000000,0.0,0.015037593984962405,0.015037593984962405,0
SYN:Chen_2024:13:Matusu_2026:C03:8,Chen_2024,13,True,True,Matusu_2026,Matusu_2026_Aconity_TWO,C03,Matusu2026_C03_7,110.0,0.1,2.1800903479223224,151.38761530569172,=,1,10000000,0.0,0.015037593984962405,0.015037593984962405,0
SYN:Chen_2024:13:Matusu_2026:C03:9,Chen_2024,13,True,True,Matusu_2026,Matusu_2026_Aconity_TWO,C03,Matusu2026_C03_9,75.0,0.1,5.641672008906834,438199.63240606873,=,1,10000000,0.0,0.015037593984962405,0.015037593984962405,0
SYN:Chen_2024:13:Wu_2021:Horizontal:0,Chen_2024,13,True,True,Wu_2021,Wu_2021,Horizontal,Wu_2021:H-HCF04,66.15,0.1,6.221252245782098,1664379.0699731528,=,1,10000000,0.061802981238033655,0.04878048780487805,0.04878048780487805,0
SYN:Chen_2024:13:Wu_2021:Horizontal:1,Chen_2024,13,True,True,Wu_2021,Wu_2021,Horizontal,Wu_2021:H-HCF07,59.85,0.1,3.651801590673292,4485.40425469133,=,1,10000000,0.061802981238033655,0.04878048780487805,0.04878048780487805,0
SYN:Chen_2024:13:Wu_2021:Horizontal:2,Chen_2024,13,True,True,Wu_2021,Wu_2021,Horizontal,Wu_2021:H-HCF05,81.0,0.1,5.27585168339715,188734.66882380523,=,1,10000000,0.061802981238033655,0.04878048780487805,0.04878048780487805,0
SYN:Chen_2024:13:Wu_2021:Horizontal:3,Chen_2024,13,True,True,Wu_2021,Wu_2021,Horizontal,Wu_2021:H-HCF18,90.0,0.1,5.2071398394881925,161116.43342085983,=,1,10000000,0.061802981238033655,0.04878048780487805,0.04878048780487805,0
SYN:Chen_2024:13:Wu_2021:Horizontal:4,Chen_2024,13,True,True,Wu_2021,Wu_2021,Horizontal,Wu_2021:H-HCF16,63.0,0.1,5.789554142081784,615962.3143490688,=,1,10000000,0.061802981238033655,0.04878048780487805,0.04878048780487805,0
SYN:Chen_2024:13:Wu_2021:Horizontal:5,Chen_2024,13,True,True,Wu_2021,Wu_2021,Horizontal,Wu_2021:H-HCF19,90.0,0.1,5.444641718009723,278382.36367929686,=,1,10000000,0.061802981238033655,0.04878048780487805,0.04878048780487805,0
SYN:Chen_2024:13:Wu_2021:Horizontal:6,Chen_2024,13,True,True,Wu_2021,Wu_2021,Horizontal,Wu_2021:H-HCF07,59.85,0.1,6.545502075793671,3511576.029373115,=,1,10000000,0.061802981238033655,0.04878048780487805,0.04878048780487805,0
SYN:Chen_2024:13:Wu_2021:Horizontal:7,Chen_2024,13,True,True,Wu_2021,Wu_2021,Horizontal,Wu_2021:H-HCF11,81.0,0.1,3.091888898377069,1235.631292648789,=,1,10000000,0.061802981238033655,0.04878048780487805,0.04878048780487805,0
SYN:Chen_2024:13:Wu_2021:Horizontal:8,Chen_2024,13,True,True,Wu_2021,Wu_2021,Horizontal,Wu_2021:H-HCF17,63.0,0.1,4.968853916570973,93079.47318220367,=,1,10000000,0.061802981238033655,0.04878048780487805,0.04878048780487805,0
SYN:Chen_2024:13:Wu_2021:Horizontal:9,Chen_2024,13,True,True,Wu_2021,Wu_2021,Horizontal,Wu_2021:H-HCF01,72.0,0.1,5.300260519399062,199645.95682133702,=,1,10000000,0.061802981238033655,0.04878048780487805,0.04878048780487805,0
SYN:Chen_2024:13:Wu_2021:Horizontal:10,Chen_2024,13,True,True,Wu_2021,Wu_2021,Horizontal,Wu_2021:H-HCF07,59.85,0.1,4.9148523687795675,82196.31896700908,=,1,10000000,0.061802981238033655,0.04878048780487805,0.04878048780487805,0
SYN:Chen_2024:13:Wu_2021:Horizontal:11,Chen_2024,13,True,True,Wu_2021,Wu_2021,Horizontal,Wu_2021:H-HCF06,66.15,0.1,6.820710719976775,6617755.535459705,=,1,10000000,0.061802981238033655,0.04878048780487805,0.04878048780487805,0
SYN:Chen_2024:13:Wu_2021:Horizontal:12,Chen_2024,13,True,True,Wu_2021,Wu_2021,Horizontal,Wu_2021:H-HCF10,66.15,0.1,5.31741788409354,207691.0988478184,=,1,10000000,0.061802981238033655,0.04878048780487805,0.04878048780487805,0
SYN:Chen_2024:13:Wu_2021:Horizontal:13,Chen_2024,13,True,True,Wu_2021,Wu_2021,Horizontal,Wu_2021:H-HCF06,66.15,0.1,5.917457483765675,826908.5525341931,=,1,10000000,0.061802981238033655,0.04878048780487805,0.04878048780487805,0
SYN:Chen_2024:13:Wu_2021:Horizontal:14,Chen_2024,13,True,True,Wu_2021,Wu_2021,Horizontal,Wu_2021:H-HCF02,72.0,0.1,4.34694234933685,22230.1477572835,=,1,10000000,0.061802981238033655,0.04878048780487805,0.04878048780487805,0
SYN:Chen_2024:13:Wu_2021:Horizontal:15,Chen_2024,13,True,True,Wu_2021,Wu_2021,Horizontal,Wu_2021:H-HCF08,57.15,0.1,6.172172042733498,1486524.4019487645,=,1,10000000,0.061802981238033655,0.04878048780487805,0.04878048780487805,0
SYN:Chen_2024:13:Wu_2021:Horizontal:16,Chen_2024,13,True,True,Wu_2021,Wu_2021,Horizontal,Wu_2021:H-HCF13,72.0,0.1,3.485604334989019,3059.17509504422,=,1,10000000,0.061802981238033655,0.04878048780487805,0.04878048780487805,0
SYN:Chen_2024:13:Wu_2021:Horizontal:17,Chen_2024,13,True,True,Wu_2021,Wu_2021,Horizontal,Wu_2021:H-HCF08,57.15,0.1,5.286427583890503,193387.1369794131,=,1,10000000,0.061802981238033655,0.04878048780487805,0.04878048780487805,0
SYN:Chen_2024:13:Wu_2021:Horizontal:18,Chen_2024,13,True,True,Wu_2021,Wu_2021,Horizontal,Wu_2021:H-HCF12,63.0,0.1,4.84857947692774,70563.39649369562,=,1,10000000,0.061802981238033655,0.04878048780487805,0.04878048780487805,0
SYN:Chen_2024:13:Wu_2021:Vertical:0,Chen_2024,13,True,True,Wu_2021,Wu_2021,Vertical,Wu_2021:V-HCF16,22.5,0.1,7.448167750980382,10000000,>=,0,10000000,0.061802981238033655,0.04878048780487805,0.04878048780487805,0
SYN:Chen_2024:13:Wu_2021:Vertical:1,Chen_2024,13,True,True,Wu_2021,Wu_2021,Vertical,Wu_2021:V-HCF04,63.0,0.1,5.810537160652416,646453.3057750101,=,1,10000000,0.061802981238033655,0.04878048780487805,0.04878048780487805,0
SYN:Chen_2024:13:Wu_2021:Vertical:2,Chen_2024,13,True,True,Wu_2021,Wu_2021,Vertical,Wu_2021:V-HCF18,36.0,0.1,7.4087901803106035,10000000,>=,0,10000000,0.061802981238033655,0.04878048780487805,0.04878048780487805,0
SYN:Chen_2024:13:Wu_2021:Vertical:3,Chen_2024,13,True,True,Wu_2021,Wu_2021,Vertical,Wu_2021:V-HCF12,45.0,0.1,4.999731321429801,99938.15360571667,=,1,10000000,0.061802981238033655,0.04878048780487805,0.04878048780487805,0
SYN:Chen_2024:13:Wu_2021:Vertical:4,Chen_2024,13,True,True,Wu_2021,Wu_2021,Vertical,Wu_2021:V-HCF18,36.0,0.1,7.794615383089942,10000000,>=,0,10000000,0.061802981238033655,0.04878048780487805,0.04878048780487805,0
SYN:Chen_2024:13:Wu_2021:Vertical:5,Chen_2024,13,True,True,Wu_2021,Wu_2021,Vertical,Wu_2021:V-HCF15,27.0,0.1,6.767561466734767,5855466.042649022,=,1,10000000,0.061802981238033655,0.04878048780487805,0.04878048780487805,0
SYN:Chen_2024:13:Wu_2021:Vertical:6,Chen_2024,13,True,True,Wu_2021,Wu_2021,Vertical,Wu_2021:V-HCF19,45.0,0.1,6.007927351761024,1018421.0136082354,=,1,10000000,0.061802981238033655,0.04878048780487805,0.04878048780487805,0
SYN:Chen_2024:13:Wu_2021:Vertical:7,Chen_2024,13,True,True,Wu_2021,Wu_2021,Vertical,Wu_2021:V-HCF11,36.0,0.1,5.751190190450865,563884.5435495707,=,1,10000000,0.061802981238033655,0.04878048780487805,0.04878048780487805,0
SYN:Chen_2024:13:Wu_2021:Vertical:8,Chen_2024,13,True,True,Wu_2021,Wu_2021,Vertical,Wu_2021:V-HCF20,36.0,0.1,7.2265747810632925,10000000,>=,0,10000000,0.061802981238033655,0.04878048780487805,0.04878048780487805,0
SYN:Chen_2024:13:Wu_2021:Vertical:9,Chen_2024,13,True,True,Wu_2021,Wu_2021,Vertical,Wu_2021:V-HCF05,36.0,0.1,7.330536040591285,10000000,>=,0,10000000,0.061802981238033655,0.04878048780487805,0.04878048780487805,0
SYN:Chen_2024:13:Wu_2021:Vertical:10,Chen_2024,13,True,True,Wu_2021,Wu_2021,Vertical,Wu_2021:V-HCF02,63.0,0.1,5.377735164674106,238635.56254473876,=,1,10000000,0.061802981238033655,0.04878048780487805,0.04878048780487805,0
SYN:Chen_2024:13:Wu_2021:Vertical:11,Chen_2024,13,True,True,Wu_2021,Wu_2021,Vertical,Wu_2021:V-HCF12,45.0,0.1,6.191858361761379,1555458.2608990269,=,1,10000000,0.061802981238033655,0.04878048780487805,0.04878048780487805,0
SYN:Chen_2024:13:Wu_2021:Vertical:12,Chen_2024,13,True,True,Wu_2021,Wu_2021,Vertical,Wu_2021:V-HCF14,27.0,0.1,8.469275303284608,10000000,>=,0,10000000,0.061802981238033655,0.04878048780487805,0.04878048780487805,0
SYN:Chen_2024:13:Wu_2021:Vertical:13,Chen_2024,13,True,True,Wu_2021,Wu_2021,Vertical,Wu_2021:V-HCF17,27.0,0.1,8.789821992156574,10000000,>=,0,10000000,0.061802981238033655,0.04878048780487805,0.04878048780487805,0
SYN:Chen_2024:13:Wu_2021:Vertical:14,Chen_2024,13,True,True,Wu_2021,Wu_2021,Vertical,Wu_2021:V-HCF08,22.5,0.1,8.293318976954026,10000000,>=,0,10000000,0.061802981238033655,0.04878048780487805,0.04878048780487805,0
SYN:Chen_2024:13:Wu_2021:Vertical:15,Chen_2024,13,True,True,Wu_2021,Wu_2021,Vertical,Wu_2021:V-HCF17,27.0,0.1,8.245721385074036,10000000,>=,0,10000000,0.061802981238033655,0.04878048780487805,0.04878048780487805,0
SYN:Chen_2024:13:Wu_2021:Vertical:16,Chen_2024,13,True,True,Wu_2021,Wu_2021,Vertical,Wu_2021:V-HCF12,45.0,0.1,6.595651950317666,3941413.0510609555,=,1,10000000,0.061802981238033655,0.04878048780487805,0.04878048780487805,0
SYN:Chen_2024:13:Wu_2021:Vertical:17,Chen_2024,13,True,True,Wu_2021,Wu_2021,Vertical,Wu_2021:V-HCF13,45.0,0.1,7.231437770039275,10000000,>=,0,10000000,0.061802981238033655,0.04878048780487805,0.04878048780487805,0
SYN:Chen_2024:13:Wu_2021:Vertical:18,Chen_2024,13,True,True,Wu_2021,Wu_2021,Vertical,Wu_2021:V-HCF22,63.0,0.1,6.323266652479063,2105070.535366039,=,1,10000000,0.061802981238033655,0.04878048780487805,0.04878048780487805,0
SYN:Chen_2024:13:Wu_2021:Vertical:19,Chen_2024,13,True,True,Wu_2021,Wu_2021,Vertical,Wu_2021:V-HCF21,45.0,0.1,5.6234403055700035,420184.76867918874,=,1,10000000,0.061802981238033655,0.04878048780487805,0.04878048780487805,0
SYN:Chen_2024:13:Wu_2021:Vertical:20,Chen_2024,13,True,True,Wu_2021,Wu_2021,Vertical,Wu_2021:V-HCF04,63.0,0.1,4.956302125328092,90427.8333611949,=,1,10000000,0.061802981238033655,0.04878048780487805,0.04878048780487805,0
SYN:Chen_2024:13:Wu_2021:Vertical:21,Chen_2024,13,True,True,Wu_2021,Wu_2021,Vertical,Wu_2021:V-HCF09,63.0,0.1,4.660037431528567,45712.75874145003,=,1,10000000,0.061802981238033655,0.04878048780487805,0.04878048780487805,0
SYN:Chen_2024:29:Matusu_2026:71:0,Chen_2024,29,True,True,Matusu_2026,Matusu_2026_Eckart_CLM2,71,Matusu2026_71_12,50.0,0.1,6.71295784885377,5163662.500868264,=,1,10000000,0.12361181063782514,0.015037593984962405,0.015037593984962405,0
SYN:Chen_2024:29:Matusu_2026:71:1,Chen_2024,29,True,True,Matusu_2026,Matusu_2026_Eckart_CLM2,71,Matusu2026_71_3,90.0,0.1,4.985880533087985,96801.15363761414,=,1,10000000,0.12361181063782514,0.015037593984962405,0.015037593984962405,0
SYN:Chen_2024:29:Matusu_2026:71:2,Chen_2024,29,True,True,Matusu_2026,Matusu_2026_Eckart_CLM2,71,Matusu2026_71_4,80.0,0.1,4.378878961370656,23926.488280724454,=,1,10000000,0.12361181063782514,0.015037593984962405,0.015037593984962405,0
SYN:Chen_2024:29:Matusu_2026:71:3,Chen_2024,29,True,True,Matusu_2026,Matusu_2026_Eckart_CLM2,71,Matusu2026_71_19,40.0,0.1,6.130038859725035,1349083.590254732,=,1,10000000,0.12361181063782514,0.015037593984962405,0.015037593984962405,0
SYN:Chen_2024:29:Matusu_2026:71:4,Chen_2024,29,True,True,Matusu_2026,Matusu_2026_Eckart_CLM2,71,Matusu2026_71_11,70.0,0.1,6.304878542691064,2017801.9745838286,=,1,10000000,0.12361181063782514,0.015037593984962405,0.015037593984962405,0
SYN:Chen_2024:29:Matusu_2026:71:5,Chen_2024,29,True,True,Matusu_2026,Matusu_2026_Eckart_CLM2,71,Matusu2026_71_11,70.0,0.1,6.442592015996016,2770716.0214952696,=,1,10000000,0.12361181063782514,0.015037593984962405,0.015037593984962405,0
SYN:Chen_2024:29:Matusu_2026:71:6,Chen_2024,29,True,True,Matusu_2026,Matusu_2026_Eckart_CLM2,71,Matusu2026_71_4,80.0,0.1,4.610434669915721,40778.82143598063,=,1,10000000,0.12361181063782514,0.015037593984962405,0.015037593984962405,0
SYN:Chen_2024:29:Matusu_2026:71:7,Chen_2024,29,True,True,Matusu_2026,Matusu_2026_Eckart_CLM2,71,Matusu2026_71_3,90.0,0.1,4.4462363336844755,27940.63896882647,=,1,10000000,0.12361181063782514,0.015037593984962405,0.015037593984962405,0
SYN:Chen_2024:29:Matusu_2026:71:8,Chen_2024,29,True,True,Matusu_2026,Matusu_2026_Eckart_CLM2,71,Matusu2026_71_32,60.0,0.1,2.686853436163064,486.2430827715752,=,1,10000000,0.12361181063782514,0.015037593984962405,0.015037593984962405,0
SYN:Chen_2024:29:Matusu_2026:71:9,Chen_2024,29,True,True,Matusu_2026,Matusu_2026_Eckart_CLM2,71,Matusu2026_71_3,90.0,0.1,4.391476774253951,24630.701115542797,=,1,10000000,0.12361181063782514,0.015037593984962405,0.015037593984962405,0
SYN:Chen_2024:29:Matusu_2026:71:10,Chen_2024,29,True,True,Matusu_2026,Matusu_2026_Eckart_CLM2,71,Matusu2026_71_42,45.0,0.1,7.149071146966432,10000000,>=,0,10000000,0.12361181063782514,0.015037593984962405,0.015037593984962405,0
SYN:Chen_2024:29:Matusu_2026:72:0,Chen_2024,29,True,True,Matusu_2026,Matusu_2026_Eckart_CLM2,72,Matusu2026_72_24,110.0,0.1,4.699614558631797,50074.262149777765,=,1,10000000,0.12361181063782514,0.015037593984962405,0.015037593984962405,0
SYN:Chen_2024:29:Matusu_2026:72:1,Chen_2024,29,True,True,Matusu_2026,Matusu_2026_Eckart_CLM2,72,Matusu2026_72_50,50.0,0.1,4.761026331594345,57680.14342279234,=,1,10000000,0.12361181063782514,0.015037593984962405,0.015037593984962405,0
SYN:Chen_2024:29:Matusu_2026:72:2,Chen_2024,29,True,True,Matusu_2026,Matusu_2026_Eckart_CLM2,72,Matusu2026_72_17,50.0,0.1,5.61971478771271,416595.7045663925,=,1,10000000,0.12361181063782514,0.015037593984962405,0.015037593984962405,0
SYN:Chen_2024:29:Matusu_2026:72:3,Chen_2024,29,True,True,Matusu_2026,Matusu_2026_Eckart_CLM2,72,Matusu2026_72_26,45.0,0.1,4.842661950385271,69608.44793732536,=,1,10000000,0.12361181063782514,0.015037593984962405,0.015037593984962405,0
SYN:Chen_2024:29:Matusu_2026:72:4,Chen_2024,29,True,True,Matusu_2026,Matusu_2026_Eckart_CLM2,72,Matusu2026_72_18,40.0,0.1,7.860921370432507,10000000,>=,0,10000000,0.12361181063782514,0.015037593984962405,0.015037593984962405,0
SYN:Chen_2024:29:Matusu_2026:72:5,Chen_2024,29,True,True,Matusu_2026,Matusu_2026_Eckart_CLM2,72,Matusu2026_72_24,110.0,0.1,5.443533911510312,277673.165633887,=,1,10000000,0.12361181063782514,0.015037593984962405,0.015037593984962405,0
SYN:Chen_2024:29:Matusu_2026:72:6,Chen_2024,29,True,True,Matusu_2026,Matusu_2026_Eckart_CLM2,72,Matusu2026_72_53,47.5,0.1,6.443950326785161,2779395.3512211437,=,1,10000000,0.12361181063782514,0.015037593984962405,0.015037593984962405,0
SYN:Chen_2024:29:Matusu_2026:72:7,Chen_2024,29,True,True,Matusu_2026,Matusu_2026_Eckart_CLM2,72,Matusu2026_72_50,50.0,0.1,5.919345666186824,830511.5300819576,=,1,10000000,0.12361181063782514,0.015037593984962405,0.015037593984962405,0
SYN:Chen_2024:29:Matusu_2026:72:8,Chen_2024,29,True,True,Matusu_2026,Matusu_2026_Eckart_CLM2,72,Matusu2026_72_23,100.0,0.1,4.38025604964201,24002.476305485357,=,1,10000000,0.12361181063782514,0.015037593984962405,0.015037593984962405,0
SYN:Chen_2024:29:Matusu_2026:72:9,Chen_2024,29,True,True,Matusu_2026,Matusu_2026_Eckart_CLM2,72,Matusu2026_72_10,60.0,0.1,6.212406897741534,1630823.2625915173,=,1,10000000,0.12361181063782514,0.015037593984962405,0.015037593984962405,0
SYN:Chen_2024:29:Matusu_2026:72:10,Chen_2024,29,True,True,Matusu_2026,Matusu_2026_Eckart_CLM2,72,Matusu2026_72_23,100.0,0.1,5.019960036539529,104703.2196481213,=,1,10000000,0.12361181063782514,0.015037593984962405,0.015037593984962405,0
SYN:Chen_2024:29:Matusu_2026:73:0,Chen_2024,29,True,True,Matusu_2026,Matusu_2026_Eckart_CLM2,73,Matusu2026_73_14,60.0,0.1,5.112023566036397,129426.60700507923,=,1,10000000,0.12361181063782514,0.015037593984962405,0.015037593984962405,0
SYN:Chen_2024:29:Matusu_2026:73:1,Chen_2024,29,True,True,Matusu_2026,Matusu_2026_Eckart_CLM2,73,Matusu2026_73_5,80.0,0.1,4.708230821240645,51077.639812070825,=,1,10000000,0.12361181063782514,0.015037593984962405,0.015037593984962405,0
SYN:Chen_2024:29:Matusu_2026:73:2,Chen_2024,29,True,True,Matusu_2026,Matusu_2026_Eckart_CLM2,73,Matusu2026_73_54,35.0,0.1,6.511127028592593,3244344.986634283,=,1,10000000,0.12361181063782514,0.015037593984962405,0.015037593984962405,0
SYN:Chen_2024:29:Matusu_2026:73:3,Chen_2024,29,True,True,Matusu_2026,Matusu_2026_Eckart_CLM2,73,Matusu2026_73_31,40.0,0.1,7.289691619901283,10000000,>=,0,10000000,0.12361181063782514,0.015037593984962405,0.015037593984962405,0
SYN:Chen_2024:29:Matusu_2026:73:4,Chen_2024,29,True,True,Matusu_2026,Matusu_2026_Eckart_CLM2,73,Matusu2026_73_31,40.0,0.1,6.2705657543891125,1864514.4538358836,=,1,10000000,0.12361181063782514,0.015037593984962405,0.015037593984962405,0
SYN:Chen_2024:29:Matusu_2026:73:5,Chen_2024,29,True,True,Matusu_2026,Matusu_2026_Eckart_CLM2,73,Matusu2026_73_14,60.0,0.1,5.638077861436319,434588.13127020554,=,1,10000000,0.12361181063782514,0.015037593984962405,0.015037593984962405,0
SYN:Chen_2024:29:Matusu_2026:73:6,Chen_2024,29,True,True,Matusu_2026,Matusu_2026_Eckart_CLM2,73,Matusu2026_73_54,35.0,0.1,7.078012441186463,10000000,>=,0,10000000,0.12361181063782514,0.015037593984962405,0.015037593984962405,0
SYN:Chen_2024:29:Matusu_2026:73:7,Chen_2024,29,True,True,Matusu_2026,Matusu_2026_Eckart_CLM2,73,Matusu2026_73_22,100.0,0.1,5.348665649833535,223185.3324981585,=,1,10000000,0.12361181063782514,0.015037593984962405,0.015037593984962405,0
SYN:Chen_2024:29:Matusu_2026:73:8,Chen_2024,29,True,True,Matusu_2026,Matusu_2026_Eckart_CLM2,73,Matusu2026_73_47,35.0,0.1,8.317696722324927,10000000,>=,0,10000000,0.12361181063782514,0.015037593984962405,0.015037593984962405,0
SYN:Chen_2024:29:Matusu_2026:73:9,Chen_2024,29,True,True,Matusu_2026,Matusu_2026_Eckart_CLM2,73,Matusu2026_73_6,90.0,0.1,5.205917221192866,160663.49907664373,=,1,10000000,0.12361181063782514,0.015037593984962405,0.015037593984962405,0
SYN:Chen_2024:29:Matusu_2026:73:10,Chen_2024,29,True,True,Matusu_2026,Matusu_2026_Eckart_CLM2,73,Matusu2026_73_8,70.0,0.1,5.5266848168471,336267.4394029481,=,1,10000000,0.12361181063782514,0.015037593984962405,0.015037593984962405,0
SYN:Chen_2024:29:Matusu_2026:74:0,Chen_2024,29,True,True,Matusu_2026,Matusu_2026_Eckart_CLM2,74,Matusu2026_74_40,110.0,0.1,5.829534869200401,675359.2759425505,=,1,10000000,0.12361181063782514,0.015037593984962405,0.015037593984962405,0
SYN:Chen_2024:29:Matusu_2026:74:1,Chen_2024,29,True,True,Matusu_2026,Matusu_2026_Eckart_CLM2,74,Matusu2026_74_13,80.0,0.1,4.681443678815695,48022.37987048141,=,1,10000000,0.12361181063782514,0.015037593984962405,0.015037593984962405,0
SYN:Chen_2024:29:Matusu_2026:74:2,Chen_2024,29,True,True,Matusu_2026,Matusu_2026_Eckart_CLM2,74,Matusu2026_74_25,60.0,0.1,6.30692976954976,2027354.8462403296,=,1,10000000,0.12361181063782514,0.015037593984962405,0.015037593984962405,0
SYN:Chen_2024:29:Matusu_2026:74:3,Chen_2024,29,True,True,Matusu_2026,Matusu_2026_Eckart_CLM2,74,Matusu2026_74_7,100.0,0.1,4.581569225629971,38156.561019070454,=,1,10000000,0.12361181063782514,0.015037593984962405,0.015037593984962405,0
SYN:Chen_2024:29:Matusu_2026:74:4,Chen_2024,29,True,True,Matusu_2026,Matusu_2026_Eckart_CLM2,74,Matusu2026_74_20,70.0,0.1,6.487114516057841,3069831.343918916,=,1,10000000,0.12361181063782514,0.015037593984962405,0.015037593984962405,0
SYN:Chen_2024:29:Matusu_2026:74:5,Chen_2024,29,True,True,Matusu_2026,Matusu_2026_Eckart_CLM2,74,Matusu2026_74_7,100.0,0.1,4.185321235337776,15322.203826909747,=,1,10000000,0.12361181063782514,0.015037593984962405,0.015037593984962405,0
SYN:Chen_2024:29:Matusu_2026:74:6,Chen_2024,29,True,True,Matusu_2026,Matusu_2026_Eckart_CLM2,74,Matusu2026_74_25,60.0,0.1,6.70110109752569,5024595.412832392,=,1,10000000,0.12361181063782514,0.015037593984962405,0.015037593984962405,0
SYN:Chen_2024:29:Matusu_2026:74:7,Chen_2024,29,True,True,Matusu_2026,Matusu_2026_Eckart_CLM2,74,Matusu2026_74_55,30.0,0.1,7.846408752173866,10000000,>=,0,10000000,0.12361181063782514,0.015037593984962405,0.015037593984962405,0
SYN:Chen_2024:29:Matusu_2026:74:8,Chen_2024,29,True,True,Matusu_2026,Matusu_2026_Eckart_CLM2,74,Matusu2026_74_25,60.0,0.1,5.710756128965177,513755.079721568,=,1,10000000,0.12361181063782514,0.015037593984962405,0.015037593984962405,0
SYN:Chen_2024:29:Matusu_2026:74:9,Chen_2024,29,True,True,Matusu_2026,Matusu_2026_Eckart_CLM2,74,Matusu2026_74_56,35.0,0.1,7.662559863858919,10000000,>=,0,10000000,0.12361181063782514,0.015037593984962405,0.015037593984962405,0
SYN:Chen_2024:29:Matusu_2026:74:10,Chen_2024,29,True,True,Matusu_2026,Matusu_2026_Eckart_CLM2,74,Matusu2026_74_7,100.0,0.1,4.765880871851078,58328.50856541927,=,1,10000000,0.12361181063782514,0.015037593984962405,0.015037593984962405,0
SYN:Chen_2024:29:Matusu_2026:91:0,Chen_2024,29,True,True,Matusu_2026,Matusu_2026_GE_virgin_CLM2,91,Matusu2026_91_5,45.0,0.1,6.525836749066606,3356114.3447080464,=,1,10000000,0.12361181063782514,0.015037593984962405,0.015037593984962405,0
SYN:Chen_2024:29:Matusu_2026:91:1,Chen_2024,29,True,True,Matusu_2026,Matusu_2026_GE_virgin_CLM2,91,Matusu2026_91_18,90.0,0.1,5.7218812845468445,527085.7615535099,=,1,10000000,0.12361181063782514,0.015037593984962405,0.015037593984962405,0
SYN:Chen_2024:29:Matusu_2026:91:2,Chen_2024,29,True,True,Matusu_2026,Matusu_2026_GE_virgin_CLM2,91,Matusu2026_91_34,140.0,0.1,3.357172284939132,2276.0001426309677,=,1,10000000,0.12361181063782514,0.015037593984962405,0.015037593984962405,0
SYN:Chen_2024:29:Matusu_2026:91:3,Chen_2024,29,True,True,Matusu_2026,Matusu_2026_GE_virgin_CLM2,91,Matusu2026_91_1,55.0,0.1,6.720913674114518,5259127.189109076,=,1,10000000,0.12361181063782514,0.015037593984962405,0.015037593984962405,0
SYN:Chen_2024:29:Matusu_2026:91:4,Chen_2024,29,True,True,Matusu_2026,Matusu_2026_GE_virgin_CLM2,91,Matusu2026_91_27,140.0,0.1,3.7381918264017835,5472.576313602849,=,1,10000000,0.12361181063782514,0.015037593984962405,0.015037593984962405,0
SYN:Chen_2024:29:Matusu_2026:91:5,Chen_2024,29,True,True,Matusu_2026,Matusu_2026_GE_virgin_CLM2,91,Matusu2026_91_34,140.0,0.1,3.2772970818325176,1893.6385308737354,=,1,10000000,0.12361181063782514,0.015037593984962405,0.015037593984962405,0
SYN:Chen_2024:29:Matusu_2026:91:6,Chen_2024,29,True,True,Matusu_2026,Matusu_2026_GE_virgin_CLM2,91,Matusu2026_91_13,60.0,0.1,7.360408471621685,10000000,>=,0,10000000,0.12361181063782514,0.015037593984962405,0.015037593984962405,0
SYN:Chen_2024:29:Matusu_2026:91:7,Chen_2024,29,True,True,Matusu_2026,Matusu_2026_GE_virgin_CLM2,91,Matusu2026_91_18,90.0,0.1,4.866665961791283,73564.10604870791,=,1,10000000,0.12361181063782514,0.015037593984962405,0.015037593984962405,0
SYN:Chen_2024:29:Matusu_2026:91:8,Chen_2024,29,True,True,Matusu_2026,Matusu_2026_GE_virgin_CLM2,91,Matusu2026_91_1,55.0,0.1,5.8245524482781414,667655.5265993082,=,1,10000000,0.12361181063782514,0.015037593984962405,0.015037593984962405,0
SYN:Chen_2024:29:Matusu_2026:91:9,Chen_2024,29,True,True,Matusu_2026,Matusu_2026_GE_virgin_CLM2,91,Matusu2026_91_18,90.0,0.1,4.547145678049278,35248.908878099974,=,1,10000000,0.12361181063782514,0.015037593984962405,0.015037593984962405,0
SYN:Chen_2024:29:Matusu_2026:91:10,Chen_2024,29,True,True,Matusu_2026,Matusu_2026_GE_virgin_CLM2,91,Matusu2026_91_9,120.0,0.1,3.662576404899632,4598.078748553497,=,1,10000000,0.12361181063782514,0.015037593984962405,0.015037593984962405,0
SYN:Chen_2024:29:Matusu_2026:91:11,Chen_2024,29,True,True,Matusu_2026,Matusu_2026_GE_virgin_CLM2,91,Matusu2026_91_34,140.0,0.1,3.2279947714893726,1690.4205803941904,=,1,10000000,0.12361181063782514,0.015037593984962405,0.015037593984962405,0
SYN:Chen_2024:29:Matusu_2026:91:12,Chen_2024,29,True,True,Matusu_2026,Matusu_2026_GE_virgin_CLM2,91,Matusu2026_91_3,130.0,0.1,3.425144055738997,2661.6077702797656,=,1,10000000,0.12361181063782514,0.015037593984962405,0.015037593984962405,0
SYN:Chen_2024:29:Matusu_2026:91:13,Chen_2024,29,True,True,Matusu_2026,Matusu_2026_GE_virgin_CLM2,91,Matusu2026_91_30,70.0,0.1,5.328163798338695,212894.18454638222,=,1,10000000,0.12361181063782514,0.015037593984962405,0.015037593984962405,0
SYN:Chen_2024:29:Matusu_2026:91:14,Chen_2024,29,True,True,Matusu_2026,Matusu_2026_GE_virgin_CLM2,91,Matusu2026_91_18,90.0,0.1,6.1132509841071645,1297929.1434522984,=,1,10000000,0.12361181063782514,0.015037593984962405,0.015037593984962405,0
SYN:Chen_2024:29:Matusu_2026:92:0,Chen_2024,29,True,True,Matusu_2026,Matusu_2026_GE_virgin_CLM2,92,Matusu2026_92_26,140.0,0.1,4.090718537642558,12323.059279589439,=,1,10000000,0.12361181063782514,0.015037593984962405,0.015037593984962405,0
SYN:Chen_2024:29:Matusu_2026:92:1,Chen_2024,29,True,True,Matusu_2026,Matusu_2026_GE_virgin_CLM2,92,Matusu2026_92_23,70.0,0.1,5.564112667930266,366532.6509626892,=,1,10000000,0.12361181063782514,0.015037593984962405,0.015037593984962405,0
SYN:Chen_2024:29:Matusu_2026:92:2,Chen_2024,29,True,True,Matusu_2026,Matusu_2026_GE_virgin_CLM2,92,Matusu2026_92_14,80.0,0.1,5.190034097442018,154893.82247819033,=,1,10000000,0.12361181063782514,0.015037593984962405,0.015037593984962405,0
SYN:Chen_2024:29:Matusu_2026:92:3,Chen_2024,29,True,True,Matusu_2026,Matusu_2026_GE_virgin_CLM2,92,Matusu2026_92_29,55.0,0.1,7.660595212954708,10000000,>=,0,10000000,0.12361181063782514,0.015037593984962405,0.015037593984962405,0
SYN:Chen_2024:29:Matusu_2026:92:4,Chen_2024,29,True,True,Matusu_2026,Matusu_2026_GE_virgin_CLM2,92,Matusu2026_92_31,60.0,0.1,5.4875237216623844,307272.51964559883,=,1,10000000,0.12361181063782514,0.015037593984962405,0.015037593984962405,0
SYN:Chen_2024:29:Matusu_2026:92:5,Chen_2024,29,True,True,Matusu_2026,Matusu_2026_GE_virgin_CLM2,92,Matusu2026_92_2,90.0,0.1,5.451148551668229,282584.6398455799,=,1,10000000,0.12361181063782514,0.015037593984962405,0.015037593984962405,0
SYN:Chen_2024:29:Matusu_2026:92:6,Chen_2024,29,True,True,Matusu_2026,Matusu_2026_GE_virgin_CLM2,92,Matusu2026_92_14,80.0,0.1,4.6735722568846745,47159.83282195791,=,1,10000000,0.12361181063782514,0.015037593984962405,0.015037593984962405,0
SYN:Chen_2024:29:Matusu_2026:92:7,Chen_2024,29,True,True,Matusu_2026,Matusu_2026_GE_virgin_CLM2,92,Matusu2026_92_23,70.0,0.1,5.9709879443810445,935379.7084990587,=,1,10000000,0.12361181063782514,0.015037593984962405,0.015037593984962405,0
SYN:Chen_2024:29:Matusu_2026:92:8,Chen_2024,29,True,True,Matusu_2026,Matusu_2026_GE_virgin_CLM2,92,Matusu2026_92_35,110.0,0.1,3.4415802506659556,2764.26866456547,=,1,10000000,0.12361181063782514,0.015037593984962405,0.015037593984962405,0
SYN:Chen_2024:29:Matusu_2026:92:9,Chen_2024,29,True,True,Matusu_2026,Matusu_2026_GE_virgin_CLM2,92,Matusu2026_92_14,80.0,0.1,6.256816051812667,1806408.8480076257,=,1,10000000,0.12361181063782514,0.015037593984962405,0.015037593984962405,0
SYN:Chen_2024:29:Matusu_2026:92:10,Chen_2024,29,True,True,Matusu_2026,Matusu_2026_GE_virgin_CLM2,92,Matusu2026_92_8,130.0,0.1,3.024029673162605,1056.88971871765,=,1,10000000,0.12361181063782514,0.015037593984962405,0.015037593984962405,0
SYN:Chen_2024:29:Matusu_2026:92:11,Chen_2024,29,True,True,Matusu_2026,Matusu_2026_GE_virgin_CLM2,92,Matusu2026_92_7,150.0,0.1,4.716389000275174,52046.19688456739,=,1,10000000,0.12361181063782514,0.015037593984962405,0.015037593984962405,0
SYN:Chen_2024:29:Matusu_2026:92:12,Chen_2024,29,True,True,Matusu_2026,Matusu_2026_GE_virgin_CLM2,92,Matusu2026_92_26,140.0,0.1,1.984666904714953,96.5310221128106,=,1,10000000,0.12361181063782514,0.015037593984962405,0.015037593984962405,0
SYN:Chen_2024:29:Matusu_2026:92:13,Chen_2024,29,True,True,Matusu_2026,Matusu_2026_GE_virgin_CLM2,92,Matusu2026_92_31,60.0,0.1,6.733749861635189,5416888.068124638,=,1,10000000,0.12361181063782514,0.015037593984962405,0.015037593984962405,0
SYN:Chen_2024:29:Matusu_2026:93:0,Chen_2024,29,True,True,Matusu_2026,Matusu_2026_GE_virgin_CLM2,93,Matusu2026_93_35,60.0,0.1,4.534696222791562,34252.811361058506,=,1,10000000,0.12361181063782514,0.015037593984962405,0.015037593984962405,0
SYN:Chen_2024:29:Matusu_2026:93:1,Chen_2024,29,True,True,Matusu_2026,Matusu_2026_GE_virgin_CLM2,93,Matusu2026_93_2,130.0,0.1,4.185626788239082,15332.987733596723,=,1,10000000,0.12361181063782514,0.015037593984962405,0.015037593984962405,0
SYN:Chen_2024:29:Matusu_2026:93:2,Chen_2024,29,True,True,Matusu_2026,Matusu_2026_GE_virgin_CLM2,93,Matusu2026_93_35,60.0,0.1,5.671903828025897,469790.06482226605,=,1,10000000,0.12361181063782514,0.015037593984962405,0.015037593984962405,0
SYN:Chen_2024:29:Matusu_2026:93:3,Chen_2024,29,True,True,Matusu_2026,Matusu_2026_GE_virgin_CLM2,93,Matusu2026_93_2,130.0,0.1,3.9518862804776913,8951.303459839526,=,1,10000000,0.12361181063782514,0.015037593984962405,0.015037593984962405,0
SYN:Chen_2024:29:Matusu_2026:93:4,Chen_2024,29,True,True,Matusu_2026,Matusu_2026_GE_virgin_CLM2,93,Matusu2026_93_26,70.0,0.1,4.83891915380011,69011.13240327266,=,1,10000000,0.12361181063782514,0.015037593984962405,0.015037593984962405,0
SYN:Chen_2024:29:Matusu_2026:93:5,Chen_2024,29,True,True,Matusu_2026,Matusu_2026_GE_virgin_CLM2,93,Matusu2026_93_28,140.0,0.1,1.9488589289314602,88.89123272194199,=,1,10000000,0.12361181063782514,0.015037593984962405,0.015037593984962405,0
SYN:Chen_2024:29:Matusu_2026:93:6,Chen_2024,29,True,True,Matusu_2026,Matusu_2026_GE_virgin_CLM2,93,Matusu2026_93_26,70.0,0.1,6.198705850871623,1580177.417209027,=,1,10000000,0.12361181063782514,0.015037593984962405,0.015037593984962405,0
SYN:Chen_2024:29:Matusu_2026:93:7,Chen_2024,29,True,True,Matusu_2026,Matusu_2026_GE_virgin_CLM2,93,Matusu2026_93_14,80.0,0.1,3.692516124836158,4926.246335751512,=,1,10000000,0.12361181063782514,0.015037593984962405,0.015037593984962405,0
SYN:Chen_2024:29:Matusu_2026:93:8,Chen_2024,29,True,True,Matusu_2026,Matusu_2026_GE_virgin_CLM2,93,Matusu2026_93_8,130.0,0.1,4.661361684835623,45852.35908314638,=,1,10000000,0.12361181063782514,0.015037593984962405,0.015037593984962405,0
SYN:Chen_2024:29:Matusu_2026:93:9,Chen_2024,29,True,True,Matusu_2026,Matusu_2026_GE_virgin_CLM2,93,Matusu2026_93_15,100.0,0.1,3.9954000370765943,9894.64089602614,=,1,10000000,0.12361181063782514,0.015037593984962405,0.015037593984962405,0
SYN:Chen_2024:29:Matusu_2026:93:10,Chen_2024,29,True,True,Matusu_2026,Matusu_2026_GE_virgin_CLM2,93,Matusu2026_93_35,60.0,0.1,5.884133461710361,765831.9162196872,=,1,10000000,0.12361181063782514,0.015037593984962405,0.015037593984962405,0
SYN:Chen_2024:29:Matusu_2026:93:11,Chen_2024,29,True,True,Matusu_2026,Matusu_2026_GE_virgin_CLM2,93,Matusu2026_93_7,90.0,0.1,5.05644604613763,113879.62965979194,=,1,10000000,0.12361181063782514,0.015037593984962405,0.015037593984962405,0
SYN:Chen_2024:29:Matusu_2026:93:12,Chen_2024,29,True,True,Matusu_2026,Matusu_2026_GE_virgin_CLM2,93,Matusu2026_93_17,70.0,0.1,5.426390009908111,266925.4661955234,=,1,10000000,0.12361181063782514,0.015037593984962405,0.015037593984962405,0
SYN:Chen_2024:29:Matusu_2026:93:13,Chen_2024,29,True,True,Matusu_2026,Matusu_2026_GE_virgin_CLM2,93,Matusu2026_93_4,75.0,0.1,4.829691800241217,67560.33591383469,=,1,10000000,0.12361181063782514,0.015037593984962405,0.015037593984962405,0
SYN:Chen_2024:29:Matusu_2026:93:14,Chen_2024,29,True,True,Matusu_2026,Matusu_2026_GE_virgin_CLM2,93,Matusu2026_93_15,100.0,0.1,4.816590066974239,65552.62192698802,=,1,10000000,0.12361181063782514,0.015037593984962405,0.015037593984962405,0
SYN:Chen_2024:29:Matusu_2026:94:0,Chen_2024,29,True,True,Matusu_2026,Matusu_2026_GE_virgin_CLM2,94,Matusu2026_94_27,100.0,0.1,3.2062575987026642,1607.894681592172,=,1,10000000,0.12361181063782514,0.015037593984962405,0.015037593984962405,0
SYN:Chen_2024:29:Matusu_2026:94:1,Chen_2024,29,True,True,Matusu_2026,Matusu_2026_GE_virgin_CLM2,94,Matusu2026_94_18,140.0,0.1,2.536212471890862,343.72606946012905,=,1,10000000,0.12361181063782514,0.015037593984962405,0.015037593984962405,0
SYN:Chen_2024:29:Matusu_2026:94:2,Chen_2024,29,True,True,Matusu_2026,Matusu_2026_GE_virgin_CLM2,94,Matusu2026_94_1,140.0,0.1,4.147267221543605,14036.771219185617,=,1,10000000,0.12361181063782514,0.015037593984962405,0.015037593984962405,0
SYN:Chen_2024:29:Matusu_2026:94:3,Chen_2024,29,True,True,Matusu_2026,Matusu_2026_GE_virgin_CLM2,94,Matusu2026_94_13,90.0,0.1,5.704164537646615,506016.3360186828,=,1,10000000,0.12361181063782514,0.015037593984962405,0.015037593984962405,0
SYN:Chen_2024:29:Matusu_2026:94:4,Chen_2024,29,True,True,Matusu_2026,Matusu_2026_GE_virgin_CLM2,94,Matusu2026_94_19,90.0,0.1,4.119946262442175,13180.936337550556,=,1,10000000,0.12361181063782514,0.015037593984962405,0.015037593984962405,0
SYN:Chen_2024:29:Matusu_2026:94:5,Chen_2024,29,True,True,Matusu_2026,Matusu_2026_GE_virgin_CLM2,94,Matusu2026_94_20,70.0,0.1,6.87893424807802,7567183.1965179825,=,1,10000000,0.12361181063782514,0.015037593984962405,0.015037593984962405,0
SYN:Chen_2024:29:Matusu_2026:94:6,Chen_2024,29,True,True,Matusu_2026,Matusu_2026_GE_virgin_CLM2,94,Matusu2026_94_20,70.0,0.1,6.297925907427374,1985756.10962181,=,1,10000000,0.12361181063782514,0.015037593984962405,0.015037593984962405,0
SYN:Chen_2024:29:Matusu_2026:94:7,Chen_2024,29,True,True,Matusu_2026,Matusu_2026_GE_virgin_CLM2,94,Matusu2026_94_5,85.0,0.1,5.367496215182622,233075.28030002594,=,1,10000000,0.12361181063782514,0.015037593984962405,0.015037593984962405,0
SYN:Chen_2024:29:Matusu_2026:94:8,Chen_2024,29,True,True,Matusu_2026,Matusu_2026_GE_virgin_CLM2,94,Matusu2026_94_9,125.0,0.1,4.407397299026455,25550.376201191477,=,1,10000000,0.12361181063782514,0.015037593984962405,0.015037593984962405,0
SYN:Chen_2024:29:Matusu_2026:94:9,Chen_2024,29,True,True,Matusu_2026,Matusu_2026_GE_virgin_CLM2,94,Matusu2026_94_9,125.0,0.1,4.403109214275623,25299.341320548545,=,1,10000000,0.12361181063782514,0.015037593984962405,0.015037593984962405,0
SYN:Chen_2024:29:Matusu_2026:94:10,Chen_2024,29,True,True,Matusu_2026,Matusu_2026_GE_virgin_CLM2,94,Matusu2026_94_30,75.0,0.1,6.2999685724020065,1995117.9335969486,=,1,10000000,0.12361181063782514,0.015037593984962405,0.015037593984962405,0
SYN:Chen_2024:29:Matusu_2026:94:11,Chen_2024,29,True,True,Matusu_2026,Matusu_2026_GE_virgin_CLM2,94,Matusu2026_94_13,90.0,0.1,2.7058603678327935,507.9960879663434,=,1,10000000,0.12361181063782514,0.015037593984962405,0.015037593984962405,0
SYN:Chen_2024:29:Matusu_2026:94:12,Chen_2024,29,True,True,Matusu_2026,Matusu_2026_GE_virgin_CLM2,94,Matusu2026_94_9,125.0,0.1,4.342673337084085,22012.70112710747,=,1,10000000,0.12361181063782514,0.015037593984962405,0.015037593984962405,0
SYN:Chen_2024:29:Matusu_2026:94:13,Chen_2024,29,True,True,Matusu_2026,Matusu_2026_GE_virgin_CLM2,94,Matusu2026_94_19,90.0,0.1,4.984349191849526,96460.42961514862,=,1,10000000,0.12361181063782514,0.015037593984962405,0.015037593984962405,0
SYN:Chen_2024:29:Matusu_2026:94:14,Chen_2024,29,True,True,Matusu_2026,Matusu_2026_GE_virgin_CLM2,94,Matusu2026_94_21,110.0,0.1,4.177762528902056,15057.834825320728,=,1,10000000,0.12361181063782514,0.015037593984962405,0.015037593984962405,0
SYN:Chen_2024:29:Matusu_2026:C01:0,Chen_2024,29,True,True,Matusu_2026,Matusu_2026_Aconity_TWO,C01,Matusu2026_C01_4,90.0,0.1,5.354782606693427,226351.09859962945,=,1,10000000,0.12361181063782514,0.015037593984962405,0.015037593984962405,0
SYN:Chen_2024:29:Matusu_2026:C01:1,Chen_2024,29,True,True,Matusu_2026,Matusu_2026_Aconity_TWO,C01,Matusu2026_C01_7,40.0,0.1,7.221183637266808,10000000,>=,0,10000000,0.12361181063782514,0.015037593984962405,0.015037593984962405,0
SYN:Chen_2024:29:Matusu_2026:C01:2,Chen_2024,29,True,True,Matusu_2026,Matusu_2026_Aconity_TWO,C01,Matusu2026_C01_1,60.0,0.1,6.1035660003751495,1269305.027952031,=,1,10000000,0.12361181063782514,0.015037593984962405,0.015037593984962405,0
SYN:Chen_2024:29:Matusu_2026:C01:3,Chen_2024,29,True,True,Matusu_2026,Matusu_2026_Aconity_TWO,C01,Matusu2026_C01_10,43.0,0.1,6.28587517713987,1931413.119636492,=,1,10000000,0.12361181063782514,0.015037593984962405,0.015037593984962405,0
SYN:Chen_2024:29:Matusu_2026:C01:4,Chen_2024,29,True,True,Matusu_2026,Matusu_2026_Aconity_TWO,C01,Matusu2026_C01_10,43.0,0.1,8.044478517461556,10000000,>=,0,10000000,0.12361181063782514,0.015037593984962405,0.015037593984962405,0
SYN:Chen_2024:29:Matusu_2026:C01:5,Chen_2024,29,True,True,Matusu_2026,Matusu_2026_Aconity_TWO,C01,Matusu2026_C01_2,50.0,0.1,2.856369298064822,718.4049202105273,=,1,10000000,0.12361181063782514,0.015037593984962405,0.015037593984962405,0
SYN:Chen_2024:29:Matusu_2026:C01:6,Chen_2024,29,True,True,Matusu_2026,Matusu_2026_Aconity_TWO,C01,Matusu2026_C01_10,43.0,0.1,5.546067959266818,351615.4577117786,=,1,10000000,0.12361181063782514,0.015037593984962405,0.015037593984962405,0
SYN:Chen_2024:29:Matusu_2026:C01:7,Chen_2024,29,True,True,Matusu_2026,Matusu_2026_Aconity_TWO,C01,Matusu2026_C01_3,70.0,0.1,5.740186117083726,549776.4303016207,=,1,10000000,0.12361181063782514,0.015037593984962405,0.015037593984962405,0
SYN:Chen_2024:29:Matusu_2026:C01:8,Chen_2024,29,True,True,Matusu_2026,Matusu_2026_Aconity_TWO,C01,Matusu2026_C01_4,90.0,0.1,6.004592466122858,1010630.6521234263,=,1,10000000,0.12361181063782514,0.015037593984962405,0.015037593984962405,0
SYN:Chen_2024:29:Matusu_2026:C01:9,Chen_2024,29,True,True,Matusu_2026,Matusu_2026_Aconity_TWO,C01,Matusu2026_C01_5,110.0,0.1,1.7856938533803945,61.05115061335986,=,1,10000000,0.12361181063782514,0.015037593984962405,0.015037593984962405,0
SYN:Chen_2024:29:Matusu_2026:C02:0,Chen_2024,29,True,True,Matusu_2026,Matusu_2026_Aconity_TWO,C02,Matusu2026_C02_7,70.0,0.1,5.899228513282097,792918.4316411833,=,1,10000000,0.12361181063782514,0.015037593984962405,0.015037593984962405,0
SYN:Chen_2024:29:Matusu_2026:C02:1,Chen_2024,29,True,True,Matusu_2026,Matusu_2026_Aconity_TWO,C02,Matusu2026_C02_3,80.0,0.1,5.5382542367120315,345345.84620598913,=,1,10000000,0.12361181063782514,0.015037593984962405,0.015037593984962405,0
SYN:Chen_2024:29:Matusu_2026:C02:2,Chen_2024,29,True,True,Matusu_2026,Matusu_2026_Aconity_TWO,C02,Matusu2026_C02_10,70.0,0.1,6.419440954772724,2626884.359765689,=,1,10000000,0.12361181063782514,0.015037593984962405,0.015037593984962405,0
SYN:Chen_2024:29:Matusu_2026:C02:3,Chen_2024,29,True,True,Matusu_2026,Matusu_2026_Aconity_TWO,C02,Matusu2026_C02_4,90.0,0.1,4.03957146372816,10953.967895197744,=,1,10000000,0.12361181063782514,0.015037593984962405,0.015037593984962405,0
SYN:Chen_2024:29:Matusu_2026:C02:4,Chen_2024,29,True,True,Matusu_2026,Matusu_2026_Aconity_TWO,C02,Matusu2026_C02_4,90.0,0.1,5.143384563756195,139118.39665298277,=,1,10000000,0.12361181063782514,0.015037593984962405,0.015037593984962405,0
SYN:Chen_2024:29:Matusu_2026:C02:5,Chen_2024,29,True,True,Matusu_2026,Matusu_2026_Aconity_TWO,C02,Matusu2026_C02_2,60.0,0.1,4.308877509173912,20364.67620067592,=,1,10000000,0.12361181063782514,0.015037593984962405,0.015037593984962405,0
SYN:Chen_2024:29:Matusu_2026:C02:6,Chen_2024,29,True,True,Matusu_2026,Matusu_2026_Aconity_TWO,C02,Matusu2026_C02_3,80.0,0.1,4.825326222773894,66884.6136507987,=,1,10000000,0.12361181063782514,0.015037593984962405,0.015037593984962405,0
SYN:Chen_2024:29:Matusu_2026:C02:7,Chen_2024,29,True,True,Matusu_2026,Matusu_2026_Aconity_TWO,C02,Matusu2026_C02_2,60.0,0.1,5.605362782146915,403053.5792141042,=,1,10000000,0.12361181063782514,0.015037593984962405,0.015037593984962405,0
SYN:Chen_2024:29:Matusu_2026:C02:8,Chen_2024,29,True,True,Matusu_2026,Matusu_2026_Aconity_TWO,C02,Matusu2026_C02_10,70.0,0.1,2.6543155179929183,451.14434504738176,=,1,10000000,0.12361181063782514,0.015037593984962405,0.015037593984962405,0
SYN:Chen_2024:29:Matusu_2026:C02:9,Chen_2024,29,True,True,Matusu_2026,Matusu_2026_Aconity_TWO,C02,Matusu2026_C02_6,75.0,0.1,5.970228749786709,933745.9901071849,=,1,10000000,0.12361181063782514,0.015037593984962405,0.015037593984962405,0
SYN:Chen_2024:29:Matusu_2026:C03:0,Chen_2024,29,True,True,Matusu_2026,Matusu_2026_Aconity_TWO,C03,Matusu2026_C03_7,110.0,0.1,3.823209690369267,6655.944475437707,=,1,10000000,0.12361181063782514,0.015037593984962405,0.015037593984962405,0
SYN:Chen_2024:29:Matusu_2026:C03:1,Chen_2024,29,True,True,Matusu_2026,Matusu_2026_Aconity_TWO,C03,Matusu2026_C03_7,110.0,0.1,4.701361233415261,50276.05971773511,=,1,10000000,0.12361181063782514,0.015037593984962405,0.015037593984962405,0
SYN:Chen_2024:29:Matusu_2026:C03:2,Chen_2024,29,True,True,Matusu_2026,Matusu_2026_Aconity_TWO,C03,Matusu2026_C03_8,60.0,0.1,6.021224861620416,1050085.9836088996,=,1,10000000,0.12361181063782514,0.015037593984962405,0.015037593984962405,0
SYN:Chen_2024:29:Matusu_2026:C03:3,Chen_2024,29,True,True,Matusu_2026,Matusu_2026_Aconity_TWO,C03,Matusu2026_C03_6,65.0,0.1,6.692693390717376,4928257.491031347,=,1,10000000,0.12361181063782514,0.015037593984962405,0.015037593984962405,0
SYN:Chen_2024:29:Matusu_2026:C03:4,Chen_2024,29,True,True,Matusu_2026,Matusu_2026_Aconity_TWO,C03,Matusu2026_C03_2,110.0,0.1,4.583064975868084,38288.20229551982,=,1,10000000,0.12361181063782514,0.015037593984962405,0.015037593984962405,0
SYN:Chen_2024:29:Matusu_2026:C03:5,Chen_2024,29,True,True,Matusu_2026,Matusu_2026_Aconity_TWO,C03,Matusu2026_C03_6,65.0,0.1,6.319211206302112,2085504.8602488735,=,1,10000000,0.12361181063782514,0.015037593984962405,0.015037593984962405,0
SYN:Chen_2024:29:Matusu_2026:C03:6,Chen_2024,29,True,True,Matusu_2026,Matusu_2026_Aconity_TWO,C03,Matusu2026_C03_7,110.0,0.1,3.353521135401241,2256.945829485386,=,1,10000000,0.12361181063782514,0.015037593984962405,0.015037593984962405,0
SYN:Chen_2024:29:Matusu_2026:C03:7,Chen_2024,29,True,True,Matusu_2026,Matusu_2026_Aconity_TWO,C03,Matusu2026_C03_2,110.0,0.1,4.3702211522261365,23454.22851770749,=,1,10000000,0.12361181063782514,0.015037593984962405,0.015037593984962405,0
SYN:Chen_2024:29:Matusu_2026:C03:8,Chen_2024,29,True,True,Matusu_2026,Matusu_2026_Aconity_TWO,C03,Matusu2026_C03_5,70.0,0.1,6.142340878566432,1387844.7234463647,=,1,10000000,0.12361181063782514,0.015037593984962405,0.015037593984962405,0
SYN:Chen_2024:29:Matusu_2026:C03:9,Chen_2024,29,True,True,Matusu_2026,Matusu_2026_Aconity_TWO,C03,Matusu2026_C03_6,65.0,0.1,5.922321169191172,836221.1914145346,=,1,10000000,0.12361181063782514,0.015037593984962405,0.015037593984962405,0
SYN:Chen_2024:29:Wu_2021:Horizontal:0,Chen_2024,29,True,True,Wu_2021,Wu_2021,Horizontal,Wu_2021:H-HCF15,66.15,0.1,6.090180571102633,1230780.39872189,=,1,10000000,-0.2472704497844375,0.04878048780487805,0.04878048780487805,0
SYN:Chen_2024:29:Wu_2021:Horizontal:1,Chen_2024,29,True,True,Wu_2021,Wu_2021,Horizontal,Wu_2021:H-HCF06,66.15,0.1,4.350576955185489,22416.972300667065,=,1,10000000,-0.2472704497844375,0.04878048780487805,0.04878048780487805,0
SYN:Chen_2024:29:Wu_2021:Horizontal:2,Chen_2024,29,True,True,Wu_2021,Wu_2021,Horizontal,Wu_2021:H-HCF10,66.15,0.1,2.439901731968247,275.36055731191396,=,1,10000000,-0.2472704497844375,0.04878048780487805,0.04878048780487805,0
SYN:Chen_2024:29:Wu_2021:Horizontal:3,Chen_2024,29,True,True,Wu_2021,Wu_2021,Horizontal,Wu_2021:H-HCF09,90.0,0.1,4.945810997637637,88269.56729376643,=,1,10000000,-0.2472704497844375,0.04878048780487805,0.04878048780487805,0
SYN:Chen_2024:29:Wu_2021:Horizontal:4,Chen_2024,29,True,True,Wu_2021,Wu_2021,Horizontal,Wu_2021:H-HCF18,90.0,0.1,2.904947130510356,803.4283096826617,=,1,10000000,-0.2472704497844375,0.04878048780487805,0.04878048780487805,0
SYN:Chen_2024:29:Wu_2021:Horizontal:5,Chen_2024,29,True,True,Wu_2021,Wu_2021,Horizontal,Wu_2021:H-HCF02,72.0,0.1,4.836888449890384,68689.1986660865,=,1,10000000,-0.2472704497844375,0.04878048780487805,0.04878048780487805,0
SYN:Chen_2024:29:Wu_2021:Horizontal:6,Chen_2024,29,True,True,Wu_2021,Wu_2021,Horizontal,Wu_2021:H-HCF09,90.0,0.1,4.97870477378293,95214.86890217011,=,1,10000000,-0.2472704497844375,0.04878048780487805,0.04878048780487805,0
SYN:Chen_2024:29:Wu_2021:Horizontal:7,Chen_2024,29,True,True,Wu_2021,Wu_2021,Horizontal,Wu_2021:H-HCF16,63.0,0.1,4.376310236946168,23785.387818611915,=,1,10000000,-0.2472704497844375,0.04878048780487805,0.04878048780487805,0
SYN:Chen_2024:29:Wu_2021:Horizontal:8,Chen_2024,29,True,True,Wu_2021,Wu_2021,Horizontal,Wu_2021:H-HCF13,72.0,0.1,5.44034292043871,275640.4310755859,=,1,10000000,-0.2472704497844375,0.04878048780487805,0.04878048780487805,0
SYN:Chen_2024:29:Wu_2021:Horizontal:9,Chen_2024,29,True,True,Wu_2021,Wu_2021,Horizontal,Wu_2021:H-HCF05,81.0,0.1,4.1973609743245675,15752.916620989634,=,1,10000000,-0.2472704497844375,0.04878048780487805,0.04878048780487805,0
SYN:Chen_2024:29:Wu_2021:Horizontal:10,Chen_2024,29,True,True,Wu_2021,Wu_2021,Horizontal,Wu_2021:H-HCF06,66.15,0.1,6.29091926788181,1953976.1923526842,=,1,10000000,-0.2472704497844375,0.04878048780487805,0.04878048780487805,0
SYN:Chen_2024:29:Wu_2021:Horizontal:11,Chen_2024,29,True,True,Wu_2021,Wu_2021,Horizontal,Wu_2021:H-HCF19,90.0,0.1,4.751577449957008,56438.75824961638,=,1,10000000,-0.2472704497844375,0.04878048780487805,0.04878048780487805,0
SYN:Chen_2024:29:Wu_2021:Horizontal:12,Chen_2024,29,True,True,Wu_2021,Wu_2021,Horizontal,Wu_2021:H-HCF02,72.0,0.1,5.7597059037967515,575050.3919493081,=,1,10000000,-0.2472704497844375,0.04878048780487805,0.04878048780487805,0
SYN:Chen_2024:29:Wu_2021:Horizontal:13,Chen_2024,29,True,True,Wu_2021,Wu_2021,Horizontal,Wu_2021:H-HCF13,72.0,0.1,4.845633511173471,70086.36098284507,=,1,10000000,-0.2472704497844375,0.04878048780487805,0.04878048780487805,0
SYN:Chen_2024:29:Wu_2021:Horizontal:14,Chen_2024,29,True,True,Wu_2021,Wu_2021,Horizontal,Wu_2021:H-HCF17,63.0,0.1,6.037453522699419,1090067.8293297305,=,1,10000000,-0.2472704497844375,0.04878048780487805,0.04878048780487805,0
SYN:Chen_2024:29:Wu_2021:Horizontal:15,Chen_2024,29,True,True,Wu_2021,Wu_2021,Horizontal,Wu_2021:H-HCF16,63.0,0.1,5.190123575229074,154925.73857402708,=,1,10000000,-0.2472704497844375,0.04878048780487805,0.04878048780487805,0
SYN:Chen_2024:29:Wu_2021:Horizontal:16,Chen_2024,29,True,True,Wu_2021,Wu_2021,Horizontal,Wu_2021:H-HCF19,90.0,0.1,4.214592723397642,16390.519672835275,=,1,10000000,-0.2472704497844375,0.04878048780487805,0.04878048780487805,0
SYN:Chen_2024:29:Wu_2021:Horizontal:17,Chen_2024,29,True,True,Wu_2021,Wu_2021,Horizontal,Wu_2021:H-HCF15,66.15,0.1,5.130616411200639,135087.8877948621,=,1,10000000,-0.2472704497844375,0.04878048780487805,0.04878048780487805,0
SYN:Chen_2024:29:Wu_2021:Horizontal:18,Chen_2024,29,True,True,Wu_2021,Wu_2021,Horizontal,Wu_2021:H-HCF08,57.15,0.1,6.296232788138417,1978029.6085536168,=,1,10000000,-0.2472704497844375,0.04878048780487805,0.04878048780487805,0
SYN:Chen_2024:29:Wu_2021:Vertical:0,Chen_2024,29,True,True,Wu_2021,Wu_2021,Vertical,Wu_2021:V-HCF06,45.0,0.1,6.255628451783127,1801475.8802652264,=,1,10000000,-0.2472704497844375,0.04878048780487805,0.04878048780487805,0
SYN:Chen_2024:29:Wu_2021:Vertical:1,Chen_2024,29,True,True,Wu_2021,Wu_2021,Vertical,Wu_2021:V-HCF18,36.0,0.1,7.302337029329364,10000000,>=,0,10000000,-0.2472704497844375,0.04878048780487805,0.04878048780487805,0
SYN:Chen_2024:29:Wu_2021:Vertical:2,Chen_2024,29,True,True,Wu_2021,Wu_2021,Vertical,Wu_2021:V-HCF09,63.0,0.1,5.195152068628462,156729.9765552254,=,1,10000000,-0.2472704497844375,0.04878048780487805,0.04878048780487805,0
SYN:Chen_2024:29:Wu_2021:Vertical:3,Chen_2024,29,True,True,Wu_2021,Wu_2021,Vertical,Wu_2021:V-HCF05,36.0,0.1,5.4197625522357535,262883.0302547606,=,1,10000000,-0.2472704497844375,0.04878048780487805,0.04878048780487805,0
SYN:Chen_2024:29:Wu_2021:Vertical:4,Chen_2024,29,True,True,Wu_2021,Wu_2021,Vertical,Wu_2021:V-HCF07,63.0,0.1,3.487625316964369,3073.4440887603478,=,1,10000000,-0.2472704497844375,0.04878048780487805,0.04878048780487805,0
SYN:Chen_2024:29:Wu_2021:Vertical:5,Chen_2024,29,True,True,Wu_2021,Wu_2021,Vertical,Wu_2021:V-HCF03,27.0,0.1,7.650570058291286,10000000,>=,0,10000000,-0.2472704497844375,0.04878048780487805,0.04878048780487805,0
SYN:Chen_2024:29:Wu_2021:Vertical:6,Chen_2024,29,True,True,Wu_2021,Wu_2021,Vertical,Wu_2021:V-HCF17,27.0,0.1,7.96123902684665,10000000,>=,0,10000000,-0.2472704497844375,0.04878048780487805,0.04878048780487805,0
SYN:Chen_2024:29:Wu_2021:Vertical:7,Chen_2024,29,True,True,Wu_2021,Wu_2021,Vertical,Wu_2021:V-HCF07,63.0,0.1,6.159458462786029,1443638.5238120453,=,1,10000000,-0.2472704497844375,0.04878048780487805,0.04878048780487805,0
SYN:Chen_2024:29:Wu_2021:Vertical:8,Chen_2024,29,True,True,Wu_2021,Wu_2021,Vertical,Wu_2021:V-HCF12,45.0,0.1,5.499442421298343,315822.030425943,=,1,10000000,-0.2472704497844375,0.04878048780487805,0.04878048780487805,0
SYN:Chen_2024:29:Wu_2021:Vertical:9,Chen_2024,29,True,True,Wu_2021,Wu_2021,Vertical,Wu_2021:V-HCF03,27.0,0.1,6.897412365494885,7896095.012554278,=,1,10000000,-0.2472704497844375,0.04878048780487805,0.04878048780487805,0
SYN:Chen_2024:29:Wu_2021:Vertical:10,Chen_2024,29,True,True,Wu_2021,Wu_2021,Vertical,Wu_2021:V-HCF01,36.0,0.1,6.909992490232601,8128164.609191226,=,1,10000000,-0.2472704497844375,0.04878048780487805,0.04878048780487805,0
SYN:Chen_2024:29:Wu_2021:Vertical:11,Chen_2024,29,True,True,Wu_2021,Wu_2021,Vertical,Wu_2021:V-HCF21,45.0,0.1,4.593089810061551,39182.28958671408,=,1,10000000,-0.2472704497844375,0.04878048780487805,0.04878048780487805,0
SYN:Chen_2024:29:Wu_2021:Vertical:12,Chen_2024,29,True,True,Wu_2021,Wu_2021,Vertical,Wu_2021:V-HCF22,63.0,0.1,3.985904099749985,9680.640662161717,=,1,10000000,-0.2472704497844375,0.04878048780487805,0.04878048780487805,0
SYN:Chen_2024:29:Wu_2021:Vertical:13,Chen_2024,29,True,True,Wu_2021,Wu_2021,Vertical,Wu_2021:V-HCF03,27.0,0.1,7.416664560198761,10000000,>=,0,10000000,-0.2472704497844375,0.04878048780487805,0.04878048780487805,0
SYN:Chen_2024:29:Wu_2021:Vertical:14,Chen_2024,29,True,True,Wu_2021,Wu_2021,Vertical,Wu_2021:V-HCF01,36.0,0.1,6.371398833778266,2351791.5942256446,=,1,10000000,-0.2472704497844375,0.04878048780487805,0.04878048780487805,0
SYN:Chen_2024:29:Wu_2021:Vertical:15,Chen_2024,29,True,True,Wu_2021,Wu_2021,Vertical,Wu_2021:V-HCF09,63.0,0.1,6.189525736365854,1547126.1841957436,=,1,10000000,-0.2472704497844375,0.04878048780487805,0.04878048780487805,0
SYN:Chen_2024:29:Wu_2021:Vertical:16,Chen_2024,29,True,True,Wu_2021,Wu_2021,Vertical,Wu_2021:V-HCF15,27.0,0.1,6.080487478196136,1203614.686047716,=,1,10000000,-0.2472704497844375,0.04878048780487805,0.04878048780487805,0
SYN:Chen_2024:29:Wu_2021:Vertical:17,Chen_2024,29,True,True,Wu_2021,Wu_2021,Vertical,Wu_2021:V-HCF18,36.0,0.1,6.625391053006929,4220763.83804886,=,1,10000000,-0.2472704497844375,0.04878048780487805,0.04878048780487805,0
SYN:Chen_2024:29:Wu_2021:Vertical:18,Chen_2024,29,True,True,Wu_2021,Wu_2021,Vertical,Wu_2021:V-HCF13,45.0,0.1,6.030005742252483,1071533.4729862756,=,1,10000000,-0.2472704497844375,0.04878048780487805,0.04878048780487805,0
SYN:Chen_2024:29:Wu_2021:Vertical:19,Chen_2024,29,True,True,Wu_2021,Wu_2021,Vertical,Wu_2021:V-HCF02,63.0,0.1,5.476765223061545,299754.16282500414,=,1,10000000,-0.2472704497844375,0.04878048780487805,0.04878048780487805,0
SYN:Chen_2024:29:Wu_2021:Vertical:20,Chen_2024,29,True,True,Wu_2021,Wu_2021,Vertical,Wu_2021:V-HCF09,63.0,0.1,5.260954395699169,182370.4189130387,=,1,10000000,-0.2472704497844375,0.04878048780487805,0.04878048780487805,0
SYN:Chen_2024:29:Wu_2021:Vertical:21,Chen_2024,29,True,True,Wu_2021,Wu_2021,Vertical,Wu_2021:V-HCF16,22.5,0.1,8.754909157440604,10000000,>=,0,10000000,-0.2472704497844375,0.04878048780487805,0.04878048780487805,0
SYN:Chen_2024:47:Matusu_2026:71:0,Chen_2024,47,True,True,Matusu_2026,Matusu_2026_Eckart_CLM2,71,Matusu2026_71_11,70.0,0.1,4.807415456366272,64182.32663098503,=,1,10000000,0.061802981238033655,0.015037593984962405,0.015037593984962405,0
SYN:Chen_2024:47:Matusu_2026:71:1,Chen_2024,47,True,True,Matusu_2026,Matusu_2026_Eckart_CLM2,71,Matusu2026_71_19,40.0,0.1,6.18553101360667,1532960.6734269725,=,1,10000000,0.061802981238033655,0.015037593984962405,0.015037593984962405,0
SYN:Chen_2024:47:Matusu_2026:71:2,Chen_2024,47,True,True,Matusu_2026,Matusu_2026_Eckart_CLM2,71,Matusu2026_71_4,80.0,0.1,4.295920247601573,19766.066292953496,=,1,10000000,0.061802981238033655,0.015037593984962405,0.015037593984962405,0
SYN:Chen_2024:47:Matusu_2026:71:3,Chen_2024,47,True,True,Matusu_2026,Matusu_2026_Eckart_CLM2,71,Matusu2026_71_19,40.0,0.1,7.026799202959254,10000000,>=,0,10000000,0.061802981238033655,0.015037593984962405,0.015037593984962405,0
SYN:Chen_2024:47:Matusu_2026:71:4,Chen_2024,47,True,True,Matusu_2026,Matusu_2026_Eckart_CLM2,71,Matusu2026_71_4,80.0,0.1,3.230371822998804,1699.6982333017024,=,1,10000000,0.061802981238033655,0.015037593984962405,0.015037593984962405,0
SYN:Chen_2024:47:Matusu_2026:71:5,Chen_2024,47,True,True,Matusu_2026,Matusu_2026_Eckart_CLM2,71,Matusu2026_71_32,60.0,0.1,5.090441822103097,123152.1000676835,=,1,10000000,0.061802981238033655,0.015037593984962405,0.015037593984962405,0
SYN:Chen_2024:47:Matusu_2026:71:6,Chen_2024,47,True,True,Matusu_2026,Matusu_2026_Eckart_CLM2,71,Matusu2026_71_52,110.0,0.1,4.9544660644238165,90046.33981951713,=,1,10000000,0.061802981238033655,0.015037593984962405,0.015037593984962405,0
SYN:Chen_2024:47:Matusu_2026:71:7,Chen_2024,47,True,True,Matusu_2026,Matusu_2026_Eckart_CLM2,71,Matusu2026_71_12,50.0,0.1,4.635046121836696,43156.4906351451,=,1,10000000,0.061802981238033655,0.015037593984962405,0.015037593984962405,0
SYN:Chen_2024:47:Matusu_2026:71:8,Chen_2024,47,True,True,Matusu_2026,Matusu_2026_Eckart_CLM2,71,Matusu2026_71_12,50.0,0.1,6.850473021034435,7087172.785996706,=,1,10000000,0.061802981238033655,0.015037593984962405,0.015037593984962405,0
SYN:Chen_2024:47:Matusu_2026:71:9,Chen_2024,47,True,True,Matusu_2026,Matusu_2026_Eckart_CLM2,71,Matusu2026_71_3,90.0,0.1,5.068975418125216,117212.90189896786,=,1,10000000,0.061802981238033655,0.015037593984962405,0.015037593984962405,0
SYN:Chen_2024:47:Matusu_2026:71:10,Chen_2024,47,True,True,Matusu_2026,Matusu_2026_Eckart_CLM2,71,Matusu2026_71_16,40.0,0.1,5.662113976298688,459318.540636334,=,1,10000000,0.061802981238033655,0.015037593984962405,0.015037593984962405,0
SYN:Chen_2024:47:Matusu_2026:72:0,Chen_2024,47,True,True,Matusu_2026,Matusu_2026_Eckart_CLM2,72,Matusu2026_72_2,90.0,0.1,4.853949486045802,71441.32259273542,=,1,10000000,0.061802981238033655,0.015037593984962405,0.015037593984962405,0
SYN:Chen_2024:47:Matusu_2026:72:1,Chen_2024,47,True,True,Matusu_2026,Matusu_2026_Eckart_CLM2,72,Matusu2026_72_50,50.0,0.1,6.730423723971436,5375560.127683402,=,1,10000000,0.061802981238033655,0.015037593984962405,0.015037593984962405,0
SYN:Chen_2024:47:Matusu_2026:72:2,Chen_2024,47,True,True,Matusu_2026,Matusu_2026_Eckart_CLM2,72,Matusu2026_72_10,60.0,0.1,5.002084718015316,100481.17802371079,=,1,10000000,0.061802981238033655,0.015037593984962405,0.015037593984962405,0
SYN:Chen_2024:47:Matusu_2026:72:3,Chen_2024,47,True,True,Matusu_2026,Matusu_2026_Eckart_CLM2,72,Matusu2026_72_50,50.0,0.1,7.28914383282943,10000000,>=,0,10000000,0.061802981238033655,0.015037593984962405,0.015037593984962405,0
SYN:Chen_2024:47:Matusu_2026:72:4,Chen_2024,47,True,True,Matusu_2026,Matusu_2026_Eckart_CLM2,72,Matusu2026_72_53,47.5,0.1,7.513547328297715,10000000,>=,0,10000000,0.061802981238033655,0.015037593984962405,0.015037593984962405,0
SYN:Chen_2024:47:Matusu_2026:72:5,Chen_2024,47,True,True,Matusu_2026,Matusu_2026_Eckart_CLM2,72,Matusu2026_72_53,47.5,0.1,6.421389301689792,2638695.6534918654,=,1,10000000,0.061802981238033655,0.015037593984962405,0.015037593984962405,0
SYN:Chen_2024:47:Matusu_2026:72:6,Chen_2024,47,True,True,Matusu_2026,Matusu_2026_Eckart_CLM2,72,Matusu2026_72_1,80.0,0.1,4.975512991257219,94517.66655366086,=,1,10000000,0.061802981238033655,0.015037593984962405,0.015037593984962405,0
SYN:Chen_2024:47:Matusu_2026:72:7,Chen_2024,47,True,True,Matusu_2026,Matusu_2026_Eckart_CLM2,72,Matusu2026_72_24,110.0,0.1,3.321065288636246,2094.427292970569,=,1,10000000,0.061802981238033655,0.015037593984962405,0.015037593984962405,0
SYN:Chen_2024:47:Matusu_2026:72:8,Chen_2024,47,True,True,Matusu_2026,Matusu_2026_Eckart_CLM2,72,Matusu2026_72_24,110.0,0.1,3.9602874409876017,9126.146602174556,=,1,10000000,0.061802981238033655,0.015037593984962405,0.015037593984962405,0
SYN:Chen_2024:47:Matusu_2026:72:9,Chen_2024,47,True,True,Matusu_2026,Matusu_2026_Eckart_CLM2,72,Matusu2026_72_23,100.0,0.1,5.5492855940767685,354230.20794468425,=,1,10000000,0.061802981238033655,0.015037593984962405,0.015037593984962405,0
SYN:Chen_2024:47:Matusu_2026:72:10,Chen_2024,47,True,True,Matusu_2026,Matusu_2026_Eckart_CLM2,72,Matusu2026_72_9,70.0,0.1,4.026620221629858,10632.128616934735,=,1,10000000,0.061802981238033655,0.015037593984962405,0.015037593984962405,0
SYN:Chen_2024:47:Matusu_2026:73:0,Chen_2024,47,True,True,Matusu_2026,Matusu_2026_Eckart_CLM2,73,Matusu2026_73_22,100.0,0.1,3.683311546940147,4822.936533442852,=,1,10000000,0.061802981238033655,0.015037593984962405,0.015037593984962405,0
SYN:Chen_2024:47:Matusu_2026:73:1,Chen_2024,47,True,True,Matusu_2026,Matusu_2026_Eckart_CLM2,73,Matusu2026_73_8,70.0,0.1,6.1826620195157265,1522867.1534077895,=,1,10000000,0.061802981238033655,0.015037593984962405,0.015037593984962405,0
SYN:Chen_2024:47:Matusu_2026:73:2,Chen_2024,47,True,True,Matusu_2026,Matusu_2026_Eckart_CLM2,73,Matusu2026_73_47,35.0,0.1,8.024104635749824,10000000,>=,0,10000000,0.061802981238033655,0.015037593984962405,0.015037593984962405,0
SYN:Chen_2024:47:Matusu_2026:73:3,Chen_2024,47,True,True,Matusu_2026,Matusu_2026_Eckart_CLM2,73,Matusu2026_73_14,60.0,0.1,6.344810181496702,2212127.636451224,=,1,10000000,0.061802981238033655,0.015037593984962405,0.015037593984962405,0
SYN:Chen_2024:47:Matusu_2026:73:4,Chen_2024,47,True,True,Matusu_2026,Matusu_2026_Eckart_CLM2,73,Matusu2026_73_47,35.0,0.1,7.735270731095805,10000000,>=,0,10000000,0.061802981238033655,0.015037593984962405,0.015037593984962405,0
SYN:Chen_2024:47:Matusu_2026:73:5,Chen_2024,47,True,True,Matusu_2026,Matusu_2026_Eckart_CLM2,73,Matusu2026_73_14,60.0,0.1,5.854327658735554,715035.5898899509,=,1,10000000,0.061802981238033655,0.015037593984962405,0.015037593984962405,0
SYN:Chen_2024:47:Matusu_2026:73:6,Chen_2024,47,True,True,Matusu_2026,Matusu_2026_Eckart_CLM2,73,Matusu2026_73_15,50.0,0.1,6.5132043475199035,3259900.5222280603,=,1,10000000,0.061802981238033655,0.015037593984962405,0.015037593984962405,0
SYN:Chen_2024:47:Matusu_2026:73:7,Chen_2024,47,True,True,Matusu_2026,Matusu_2026_Eckart_CLM2,73,Matusu2026_73_22,100.0,0.1,2.347924604372665,222.80483157049395,=,1,10000000,0.061802981238033655,0.015037593984962405,0.015037593984962405,0
SYN:Chen_2024:47:Matusu_2026:73:8,Chen_2024,47,True,True,Matusu_2026,Matusu_2026_Eckart_CLM2,73,Matusu2026_73_8,70.0,0.1,5.434642868613739,272046.328193766,=,1,10000000,0.061802981238033655,0.015037593984962405,0.015037593984962405,0
SYN:Chen_2024:47:Matusu_2026:73:9,Chen_2024,47,True,True,Matusu_2026,Matusu_2026_Eckart_CLM2,73,Matusu2026_73_5,80.0,0.1,5.568527338199606,370277.51309200237,=,1,10000000,0.061802981238033655,0.015037593984962405,0.015037593984962405,0
SYN:Chen_2024:47:Matusu_2026:73:10,Chen_2024,47,True,True,Matusu_2026,Matusu_2026_Eckart_CLM2,73,Matusu2026_73_15,50.0,0.1,7.205753904479653,10000000,>=,0,10000000,0.061802981238033655,0.015037593984962405,0.015037593984962405,0
SYN:Chen_2024:47:Matusu_2026:74:0,Chen_2024,47,True,True,Matusu_2026,Matusu_2026_Eckart_CLM2,74,Matusu2026_74_38,50.0,0.1,5.884480101647455,766443.4227216524,=,1,10000000,0.061802981238033655,0.015037593984962405,0.015037593984962405,0
SYN:Chen_2024:47:Matusu_2026:74:1,Chen_2024,47,True,True,Matusu_2026,Matusu_2026_Eckart_CLM2,74,Matusu2026_74_39,90.0,0.1,5.4844592624308675,305111.98154327716,=,1,10000000,0.061802981238033655,0.015037593984962405,0.015037593984962405,0
SYN:Chen_2024:47:Matusu_2026:74:2,Chen_2024,47,True,True,Matusu_2026,Matusu_2026_Eckart_CLM2,74,Matusu2026_74_7,100.0,0.1,4.463468770825231,29071.589044330332,=,1,10000000,0.061802981238033655,0.015037593984962405,0.015037593984962405,0
SYN:Chen_2024:47:Matusu_2026:74:3,Chen_2024,47,True,True,Matusu_2026,Matusu_2026_Eckart_CLM2,74,Matusu2026_74_48,40.0,0.1,7.475406142956459,10000000,>=,0,10000000,0.061802981238033655,0.015037593984962405,0.015037593984962405,0
SYN:Chen_2024:47:Matusu_2026:74:4,Chen_2024,47,True,True,Matusu_2026,Matusu_2026_Eckart_CLM2,74,Matusu2026_74_48,40.0,0.1,7.274236101983038,10000000,>=,0,10000000,0.061802981238033655,0.015037593984962405,0.015037593984962405,0
SYN:Chen_2024:47:Matusu_2026:74:5,Chen_2024,47,True,True,Matusu_2026,Matusu_2026_Eckart_CLM2,74,Matusu2026_74_40,110.0,0.1,3.8791725713158343,7571.336900035909,=,1,10000000,0.061802981238033655,0.015037593984962405,0.015037593984962405,0
SYN:Chen_2024:47:Matusu_2026:74:6,Chen_2024,47,True,True,Matusu_2026,Matusu_2026_Eckart_CLM2,74,Matusu2026_74_39,90.0,0.1,4.092358779716223,12369.688972275802,=,1,10000000,0.061802981238033655,0.015037593984962405,0.015037593984962405,0
SYN:Chen_2024:47:Matusu_2026:74:7,Chen_2024,47,True,True,Matusu_2026,Matusu_2026_Eckart_CLM2,74,Matusu2026_74_41,125.0,0.1,3.3961057032777884,2489.463156960343,=,1,10000000,0.061802981238033655,0.015037593984962405,0.015037593984962405,0
SYN:Chen_2024:47:Matusu_2026:74:8,Chen_2024,47,True,True,Matusu_2026,Matusu_2026_Eckart_CLM2,74,Matusu2026_74_48,40.0,0.1,6.881039549337019,7603955.19748131,=,1,10000000,0.061802981238033655,0.015037593984962405,0.015037593984962405,0
SYN:Chen_2024:47:Matusu_2026:74:9,Chen_2024,47,True,True,Matusu_2026,Matusu_2026_Eckart_CLM2,74,Matusu2026_74_13,80.0,0.1,5.231359436003011,170356.78523442597,=,1,10000000,0.061802981238033655,0.015037593984962405,0.015037593984962405,0
SYN:Chen_2024:47:Matusu_2026:74:10,Chen_2024,47,True,True,Matusu_2026,Matusu_2026_Eckart_CLM2,74,Matusu2026_74_25,60.0,0.1,3.681246045160709,4800.053137899017,=,1,10000000,0.061802981238033655,0.015037593984962405,0.015037593984962405,0
SYN:Chen_2024:47:Matusu_2026:91:0,Chen_2024,47,True,True,Matusu_2026,Matusu_2026_GE_virgin_CLM2,91,Matusu2026_91_5,45.0,0.1,7.185895937302079,10000000,>=,0,10000000,0.061802981238033655,0.015037593984962405,0.015037593984962405,0
SYN:Chen_2024:47:Matusu_2026:91:1,Chen_2024,47,True,True,Matusu_2026,Matusu_2026_GE_virgin_CLM2,91,Matusu2026_91_1,55.0,0.1,6.073339724739264,1183967.3462596585,=,1,10000000,0.061802981238033655,0.015037593984962405,0.015037593984962405,0
SYN:Chen_2024:47:Matusu_2026:91:2,Chen_2024,47,True,True,Matusu_2026,Matusu_2026_GE_virgin_CLM2,91,Matusu2026_91_19,100.0,0.1,3.696113916683221,4967.225961197939,=,1,10000000,0.061802981238033655,0.015037593984962405,0.015037593984962405,0
SYN:Chen_2024:47:Matusu_2026:91:3,Chen_2024,47,True,True,Matusu_2026,Matusu_2026_GE_virgin_CLM2,91,Matusu2026_91_21,50.0,0.1,6.347346715056269,2225085.5586150214,=,1,10000000,0.061802981238033655,0.015037593984962405,0.015037593984962405,0
SYN:Chen_2024:47:Matusu_2026:91:4,Chen_2024,47,True,True,Matusu_2026,Matusu_2026_GE_virgin_CLM2,91,Matusu2026_91_20,110.0,0.1,3.687921693532462,4874.405930797798,=,1,10000000,0.061802981238033655,0.015037593984962405,0.015037593984962405,0
SYN:Chen_2024:47:Matusu_2026:91:5,Chen_2024,47,True,True,Matusu_2026,Matusu_2026_GE_virgin_CLM2,91,Matusu2026_91_27,140.0,0.1,3.564555733272555,3669.067767879763,=,1,10000000,0.061802981238033655,0.015037593984962405,0.015037593984962405,0
SYN:Chen_2024:47:Matusu_2026:91:6,Chen_2024,47,True,True,Matusu_2026,Matusu_2026_GE_virgin_CLM2,91,Matusu2026_91_18,90.0,0.1,4.253930710201152,17944.47307716327,=,1,10000000,0.061802981238033655,0.015037593984962405,0.015037593984962405,0
SYN:Chen_2024:47:Matusu_2026:91:7,Chen_2024,47,True,True,Matusu_2026,Matusu_2026_GE_virgin_CLM2,91,Matusu2026_91_20,110.0,0.1,3.371116593247416,2350.263701757036,=,1,10000000,0.061802981238033655,0.015037593984962405,0.015037593984962405,0
SYN:Chen_2024:47:Matusu_2026:91:8,Chen_2024,47,True,True,Matusu_2026,Matusu_2026_GE_virgin_CLM2,91,Matusu2026_91_5,45.0,0.1,4.48308460519933,30414.77480234215,=,1,10000000,0.061802981238033655,0.015037593984962405,0.015037593984962405,0
SYN:Chen_2024:47:Matusu_2026:91:9,Chen_2024,47,True,True,Matusu_2026,Matusu_2026_GE_virgin_CLM2,91,Matusu2026_91_3,130.0,0.1,3.996123355321717,9911.134169310695,=,1,10000000,0.061802981238033655,0.015037593984962405,0.015037593984962405,0
SYN:Chen_2024:47:Matusu_2026:91:10,Chen_2024,47,True,True,Matusu_2026,Matusu_2026_GE_virgin_CLM2,91,Matusu2026_91_5,45.0,0.1,6.458085339275769,2871344.7485475545,=,1,10000000,0.061802981238033655,0.015037593984962405,0.015037593984962405,0
SYN:Chen_2024:47:Matusu_2026:91:11,Chen_2024,47,True,True,Matusu_2026,Matusu_2026_GE_virgin_CLM2,91,Matusu2026_91_27,140.0,0.1,0.5064054489954288,3.2092640337116523,=,1,10000000,0.061802981238033655,0.015037593984962405,0.015037593984962405,0
SYN:Chen_2024:47:Matusu_2026:91:12,Chen_2024,47,True,True,Matusu_2026,Matusu_2026_GE_virgin_CLM2,91,Matusu2026_91_9,120.0,0.1,2.765689593172355,583.028242799709,=,1,10000000,0.061802981238033655,0.015037593984962405,0.015037593984962405,0
SYN:Chen_2024:47:Matusu_2026:91:13,Chen_2024,47,True,True,Matusu_2026,Matusu_2026_GE_virgin_CLM2,91,Matusu2026_91_33,80.0,0.1,2.8494748306316944,707.0902203542591,=,1,10000000,0.061802981238033655,0.015037593984962405,0.015037593984962405,0
SYN:Chen_2024:47:Matusu_2026:91:14,Chen_2024,47,True,True,Matusu_2026,Matusu_2026_GE_virgin_CLM2,91,Matusu2026_91_33,80.0,0.1,5.409146747865188,256535.07206728146,=,1,10000000,0.061802981238033655,0.015037593984962405,0.015037593984962405,0
SYN:Chen_2024:47:Matusu_2026:92:0,Chen_2024,47,True,True,Matusu_2026,Matusu_2026_GE_virgin_CLM2,92,Matusu2026_92_28,160.0,0.1,3.243151681738415,1750.4579470090507,=,1,10000000,0.061802981238033655,0.015037593984962405,0.015037593984962405,0
SYN:Chen_2024:47:Matusu_2026:92:1,Chen_2024,47,True,True,Matusu_2026,Matusu_2026_GE_virgin_CLM2,92,Matusu2026_92_23,70.0,0.1,4.778904669291899,60104.17900814019,=,1,10000000,0.061802981238033655,0.015037593984962405,0.015037593984962405,0
SYN:Chen_2024:47:Matusu_2026:92:2,Chen_2024,47,True,True,Matusu_2026,Matusu_2026_GE_virgin_CLM2,92,Matusu2026_92_28,160.0,0.1,3.678729519088885,4772.319584828727,=,1,10000000,0.061802981238033655,0.015037593984962405,0.015037593984962405,0
SYN:Chen_2024:47:Matusu_2026:92:3,Chen_2024,47,True,True,Matusu_2026,Matusu_2026_GE_virgin_CLM2,92,Matusu2026_92_16,120.0,0.1,3.438391497648069,2744.046696461615,=,1,10000000,0.061802981238033655,0.015037593984962405,0.015037593984962405,0
SYN:Chen_2024:47:Matusu_2026:92:4,Chen_2024,47,True,True,Matusu_2026,Matusu_2026_GE_virgin_CLM2,92,Matusu2026_92_8,130.0,0.1,4.66093675917469,45807.517814965715,=,1,10000000,0.061802981238033655,0.015037593984962405,0.015037593984962405,0
SYN:Chen_2024:47:Matusu_2026:92:5,Chen_2024,47,True,True,Matusu_2026,Matusu_2026_GE_virgin_CLM2,92,Matusu2026_92_26,140.0,0.1,1.893122401487286,78.18481294904119,=,1,10000000,0.061802981238033655,0.015037593984962405,0.015037593984962405,0
SYN:Chen_2024:47:Matusu_2026:92:6,Chen_2024,47,True,True,Matusu_2026,Matusu_2026_GE_virgin_CLM2,92,Matusu2026_92_7,150.0,0.1,3.0009198961445267,1002.1203839909006,=,1,10000000,0.061802981238033655,0.015037593984962405,0.015037593984962405,0
SYN:Chen_2024:47:Matusu_2026:92:7,Chen_2024,47,True,True,Matusu_2026,Matusu_2026_GE_virgin_CLM2,92,Matusu2026_92_23,70.0,0.1,5.094824389926156,124401.14851327852,=,1,10000000,0.061802981238033655,0.015037593984962405,0.015037593984962405,0
SYN:Chen_2024:47:Matusu_2026:92:8,Chen_2024,47,True,True,Matusu_2026,Matusu_2026_GE_virgin_CLM2,92,Matusu2026_92_2,90.0,0.1,3.4011630334248943,2518.622236905275,=,1,10000000,0.061802981238033655,0.015037593984962405,0.015037593984962405,0
SYN:Chen_2024:47:Matusu_2026:92:9,Chen_2024,47,True,True,Matusu_2026,Matusu_2026_GE_virgin_CLM2,92,Matusu2026_92_8,130.0,0.1,4.763169373391009,57965.47157451941,=,1,10000000,0.061802981238033655,0.015037593984962405,0.015037593984962405,0
SYN:Chen_2024:47:Matusu_2026:92:10,Chen_2024,47,True,True,Matusu_2026,Matusu_2026_GE_virgin_CLM2,92,Matusu2026_92_2,90.0,0.1,6.359913799928241,2290412.999604835,=,1,10000000,0.061802981238033655,0.015037593984962405,0.015037593984962405,0
SYN:Chen_2024:47:Matusu_2026:92:11,Chen_2024,47,True,True,Matusu_2026,Matusu_2026_GE_virgin_CLM2,92,Matusu2026_92_26,140.0,0.1,3.3396677914987274,2186.088761098534,=,1,10000000,0.061802981238033655,0.015037593984962405,0.015037593984962405,0
SYN:Chen_2024:47:Matusu_2026:92:12,Chen_2024,47,True,True,Matusu_2026,Matusu_2026_GE_virgin_CLM2,92,Matusu2026_92_28,160.0,0.1,3.6930869462068503,4932.72547747258,=,1,10000000,0.061802981238033655,0.015037593984962405,0.015037593984962405,0
SYN:Chen_2024:47:Matusu_2026:92:13,Chen_2024,47,True,True,Matusu_2026,Matusu_2026_GE_virgin_CLM2,92,Matusu2026_92_14,80.0,0.1,4.717119650148636,52133.83224527162,=,1,10000000,0.061802981238033655,0.015037593984962405,0.015037593984962405,0
SYN:Chen_2024:47:Matusu_2026:93:0,Chen_2024,47,True,True,Matusu_2026,Matusu_2026_GE_virgin_CLM2,93,Matusu2026_93_16,120.0,0.1,4.217396077264029,16496.66203905365,=,1,10000000,0.061802981238033655,0.015037593984962405,0.015037593984962405,0
SYN:Chen_2024:47:Matusu_2026:93:1,Chen_2024,47,True,True,Matusu_2026,Matusu_2026_GE_virgin_CLM2,93,Matusu2026_93_15,100.0,0.1,4.593440868647403,39213.975092128545,=,1,10000000,0.061802981238033655,0.015037593984962405,0.015037593984962405,0
SYN:Chen_2024:47:Matusu_2026:93:2,Chen_2024,47,True,True,Matusu_2026,Matusu_2026_GE_virgin_CLM2,93,Matusu2026_93_2,130.0,0.1,4.360738388455704,22947.659040763916,=,1,10000000,0.061802981238033655,0.015037593984962405,0.015037593984962405,0
SYN:Chen_2024:47:Matusu_2026:93:3,Chen_2024,47,True,True,Matusu_2026,Matusu_2026_GE_virgin_CLM2,93,Matusu2026_93_16,120.0,0.1,4.9722617041361294,93812.71483398593,=,1,10000000,0.061802981238033655,0.015037593984962405,0.015037593984962405,0
SYN:Chen_2024:47:Matusu_2026:93:4,Chen_2024,47,True,True,Matusu_2026,Matusu_2026_GE_virgin_CLM2,93,Matusu2026_93_22,120.0,0.1,3.9692694334985408,9316.857080181779,=,1,10000000,0.061802981238033655,0.015037593984962405,0.015037593984962405,0
SYN:Chen_2024:47:Matusu_2026:93:5,Chen_2024,47,True,True,Matusu_2026,Matusu_2026_GE_virgin_CLM2,93,Matusu2026_93_31,110.0,0.1,5.080684392951256,120416.05443092236,=,1,10000000,0.061802981238033655,0.015037593984962405,0.015037593984962405,0
SYN:Chen_2024:47:Matusu_2026:93:6,Chen_2024,47,True,True,Matusu_2026,Matusu_2026_GE_virgin_CLM2,93,Matusu2026_93_15,100.0,0.1,5.132342422253711,135625.83414317152,=,1,10000000,0.061802981238033655,0.015037593984962405,0.015037593984962405,0
SYN:Chen_2024:47:Matusu_2026:93:7,Chen_2024,47,True,True,Matusu_2026,Matusu_2026_GE_virgin_CLM2,93,Matusu2026_93_35,60.0,0.1,6.494900236275861,3125361.3439509543,=,1,10000000,0.061802981238033655,0.015037593984962405,0.015037593984962405,0
SYN:Chen_2024:47:Matusu_2026:93:8,Chen_2024,47,True,True,Matusu_2026,Matusu_2026_GE_virgin_CLM2,93,Matusu2026_93_8,130.0,0.1,4.676358672089478,47463.38106911747,=,1,10000000,0.061802981238033655,0.015037593984962405,0.015037593984962405,0
SYN:Chen_2024:47:Matusu_2026:93:9,Chen_2024,47,True,True,Matusu_2026,Matusu_2026_GE_virgin_CLM2,93,Matusu2026_93_16,120.0,0.1,4.042533587288069,11028.935256773813,=,1,10000000,0.061802981238033655,0.015037593984962405,0.015037593984962405,0
SYN:Chen_2024:47:Matusu_2026:93:10,Chen_2024,47,True,True,Matusu_2026,Matusu_2026_GE_virgin_CLM2,93,Matusu2026_93_17,70.0,0.1,5.776165713292922,597263.1401841901,=,1,10000000,0.061802981238033655,0.015037593984962405,0.015037593984962405,0
SYN:Chen_2024:47:Matusu_2026:93:11,Chen_2024,47,True,True,Matusu_2026,Matusu_2026_GE_virgin_CLM2,93,Matusu2026_93_31,110.0,0.1,5.574213744929327,375157.5965878924,=,1,10000000,0.061802981238033655,0.015037593984962405,0.015037593984962405,0
SYN:Chen_2024:47:Matusu_2026:93:12,Chen_2024,47,True,True,Matusu_2026,Matusu_2026_GE_virgin_CLM2,93,Matusu2026_93_23,140.0,0.1,2.97927168623339,953.3924013650777,=,1,10000000,0.061802981238033655,0.015037593984962405,0.015037593984962405,0
SYN:Chen_2024:47:Matusu_2026:93:13,Chen_2024,47,True,True,Matusu_2026,Matusu_2026_GE_virgin_CLM2,93,Matusu2026_93_8,130.0,0.1,2.5765042964573137,377.1414760379371,=,1,10000000,0.061802981238033655,0.015037593984962405,0.015037593984962405,0
SYN:Chen_2024:47:Matusu_2026:93:14,Chen_2024,47,True,True,Matusu_2026,Matusu_2026_GE_virgin_CLM2,93,Matusu2026_93_26,70.0,0.1,5.317505291233588,207732.90345890517,=,1,10000000,0.061802981238033655,0.015037593984962405,0.015037593984962405,0
SYN:Chen_2024:47:Matusu_2026:94:0,Chen_2024,47,True,True,Matusu_2026,Matusu_2026_GE_virgin_CLM2,94,Matusu2026_94_33,70.0,0.1,0.752803646210265,5.659833380543816,=,1,10000000,0.061802981238033655,0.015037593984962405,0.015037593984962405,0
SYN:Chen_2024:47:Matusu_2026:94:1,Chen_2024,47,True,True,Matusu_2026,Matusu_2026_GE_virgin_CLM2,94,Matusu2026_94_36,125.0,0.1,4.600903727955605,39893.645849001834,=,1,10000000,0.061802981238033655,0.015037593984962405,0.015037593984962405,1
SYN:Chen_2024:47:Matusu_2026:94:2,Chen_2024,47,True,True,Matusu_2026,Matusu_2026_GE_virgin_CLM2,94,Matusu2026_94_27,100.0,0.1,4.293402238883066,19651.795624013695,=,1,10000000,0.061802981238033655,0.015037593984962405,0.015037593984962405,0
SYN:Chen_2024:47:Matusu_2026:94:3,Chen_2024,47,True,True,Matusu_2026,Matusu_2026_GE_virgin_CLM2,94,Matusu2026_94_27,100.0,0.1,2.6048022118516174,402.5336690635333,=,1,10000000,0.061802981238033655,0.015037593984962405,0.015037593984962405,0
SYN:Chen_2024:47:Matusu_2026:94:4,Chen_2024,47,True,True,Matusu_2026,Matusu_2026_GE_virgin_CLM2,94,Matusu2026_94_18,140.0,0.1,2.8357050848275716,685.0228918420722,=,1,10000000,0.061802981238033655,0.015037593984962405,0.015037593984962405,0
SYN:Chen_2024:47:Matusu_2026:94:5,Chen_2024,47,True,True,Matusu_2026,Matusu_2026_GE_virgin_CLM2,94,Matusu2026_94_21,110.0,0.1,3.876517055272365,7525.182819012352,=,1,10000000,0.061802981238033655,0.015037593984962405,0.015037593984962405,0
SYN:Chen_2024:47:Matusu_2026:94:6,Chen_2024,47,True,True,Matusu_2026,Matusu_2026_GE_virgin_CLM2,94,Matusu2026_94_13,90.0,0.1,6.165161980436619,1462722.629858088,=,1,10000000,0.061802981238033655,0.015037593984962405,0.015037593984962405,0
SYN:Chen_2024:47:Matusu_2026:94:7,Chen_2024,47,True,True,Matusu_2026,Matusu_2026_GE_virgin_CLM2,94,Matusu2026_94_1,140.0,0.1,3.4863951811765705,3064.750899468531,=,1,10000000,0.061802981238033655,0.015037593984962405,0.015037593984962405,0
SYN:Chen_2024:47:Matusu_2026:94:8,Chen_2024,47,True,True,Matusu_2026,Matusu_2026_GE_virgin_CLM2,94,Matusu2026_94_11,85.0,0.1,5.837951084958587,688574.7370842452,=,1,10000000,0.061802981238033655,0.015037593984962405,0.015037593984962405,0
SYN:Chen_2024:47:Matusu_2026:94:9,Chen_2024,47,True,True,Matusu_2026,Matusu_2026_GE_virgin_CLM2,94,Matusu2026_94_18,140.0,0.1,4.331406596565429,21448.977644251685,=,1,10000000,0.061802981238033655,0.015037593984962405,0.015037593984962405,0
SYN:Chen_2024:47:Matusu_2026:94:10,Chen_2024,47,True,True,Matusu_2026,Matusu_2026_GE_virgin_CLM2,94,Matusu2026_94_9,125.0,0.1,1.7635236471156475,58.0127759326854,=,1,10000000,0.061802981238033655,0.015037593984962405,0.015037593984962405,0
SYN:Chen_2024:47:Matusu_2026:94:11,Chen_2024,47,True,True,Matusu_2026,Matusu_2026_GE_virgin_CLM2,94,Matusu2026_94_19,90.0,0.1,4.686546183231056,48589.91991091932,=,1,10000000,0.061802981238033655,0.015037593984962405,0.015037593984962405,0
SYN:Chen_2024:47:Matusu_2026:94:12,Chen_2024,47,True,True,Matusu_2026,Matusu_2026_GE_virgin_CLM2,94,Matusu2026_94_20,70.0,0.1,4.470466756602171,29543.827343749526,=,1,10000000,0.061802981238033655,0.015037593984962405,0.015037593984962405,0
SYN:Chen_2024:47:Matusu_2026:94:13,Chen_2024,47,True,True,Matusu_2026,Matusu_2026_GE_virgin_CLM2,94,Matusu2026_94_33,70.0,0.1,4.677571850025576,47596.15279303993,=,1,10000000,0.061802981238033655,0.015037593984962405,0.015037593984962405,0
SYN:Chen_2024:47:Matusu_2026:94:14,Chen_2024,47,True,True,Matusu_2026,Matusu_2026_GE_virgin_CLM2,94,Matusu2026_94_13,90.0,0.1,4.550760758472931,35543.54644817108,=,1,10000000,0.061802981238033655,0.015037593984962405,0.015037593984962405,0
SYN:Chen_2024:47:Matusu_2026:C01:0,Chen_2024,47,True,True,Matusu_2026,Matusu_2026_Aconity_TWO,C01,Matusu2026_C01_5,110.0,0.1,3.4712845345396177,2959.9510877467605,=,1,10000000,0.061802981238033655,0.015037593984962405,0.015037593984962405,0
SYN:Chen_2024:47:Matusu_2026:C01:1,Chen_2024,47,True,True,Matusu_2026,Matusu_2026_Aconity_TWO,C01,Matusu2026_C01_4,90.0,0.1,4.0964487834678165,12486.731793501607,=,1,10000000,0.061802981238033655,0.015037593984962405,0.015037593984962405,0
SYN:Chen_2024:47:Matusu_2026:C01:2,Chen_2024,47,True,True,Matusu_2026,Matusu_2026_Aconity_TWO,C01,Matusu2026_C01_5,110.0,0.1,4.34402049646442,22081.089419376975,=,1,10000000,0.061802981238033655,0.015037593984962405,0.015037593984962405,0
SYN:Chen_2024:47:Matusu_2026:C01:3,Chen_2024,47,True,True,Matusu_2026,Matusu_2026_Aconity_TWO,C01,Matusu2026_C01_2,50.0,0.1,5.679400761727785,477970.1353112684,=,1,10000000,0.061802981238033655,0.015037593984962405,0.015037593984962405,0
SYN:Chen_2024:47:Matusu_2026:C01:4,Chen_2024,47,True,True,Matusu_2026,Matusu_2026_Aconity_TWO,C01,Matusu2026_C01_3,70.0,0.1,6.3345727405117875,2160591.884637132,=,1,10000000,0.061802981238033655,0.015037593984962405,0.015037593984962405,0
SYN:Chen_2024:47:Matusu_2026:C01:5,Chen_2024,47,True,True,Matusu_2026,Matusu_2026_Aconity_TWO,C01,Matusu2026_C01_1,60.0,0.1,6.378322517179425,2389585.1856766697,=,1,10000000,0.061802981238033655,0.015037593984962405,0.015037593984962405,0
SYN:Chen_2024:47:Matusu_2026:C01:6,Chen_2024,47,True,True,Matusu_2026,Matusu_2026_Aconity_TWO,C01,Matusu2026_C01_7,40.0,0.1,7.345108593793204,10000000,>=,0,10000000,0.061802981238033655,0.015037593984962405,0.015037593984962405,0
SYN:Chen_2024:47:Matusu_2026:C01:7,Chen_2024,47,True,True,Matusu_2026,Matusu_2026_Aconity_TWO,C01,Matusu2026_C01_9,110.0,0.1,3.9300889457032575,8513.12373422951,=,1,10000000,0.061802981238033655,0.015037593984962405,0.015037593984962405,0
SYN:Chen_2024:47:Matusu_2026:C01:8,Chen_2024,47,True,True,Matusu_2026,Matusu_2026_Aconity_TWO,C01,Matusu2026_C01_8,80.0,0.1,4.657351271438969,45430.892785448246,=,1,10000000,0.061802981238033655,0.015037593984962405,0.015037593984962405,0
SYN:Chen_2024:47:Matusu_2026:C01:9,Chen_2024,47,True,True,Matusu_2026,Matusu_2026_Aconity_TWO,C01,Matusu2026_C01_5,110.0,0.1,3.208906154402646,1617.7304285902228,=,1,10000000,0.061802981238033655,0.015037593984962405,0.015037593984962405,0
SYN:Chen_2024:47:Matusu_2026:C02:0,Chen_2024,47,True,True,Matusu_2026,Matusu_2026_Aconity_TWO,C02,Matusu2026_C02_5,70.0,0.1,5.825787411253846,669556.7786802155,=,1,10000000,0.061802981238033655,0.015037593984962405,0.015037593984962405,0
SYN:Chen_2024:47:Matusu_2026:C02:1,Chen_2024,47,True,True,Matusu_2026,Matusu_2026_Aconity_TWO,C02,Matusu2026_C02_1,100.0,0.1,4.74118873019128,55104.711144985136,=,1,10000000,0.061802981238033655,0.015037593984962405,0.015037593984962405,0
SYN:Chen_2024:47:Matusu_2026:C02:2,Chen_2024,47,True,True,Matusu_2026,Matusu_2026_Aconity_TWO,C02,Matusu2026_C02_8,110.0,0.1,4.052258484373775,11278.685438014267,=,1,10000000,0.061802981238033655,0.015037593984962405,0.015037593984962405,0
SYN:Chen_2024:47:Matusu_2026:C02:3,Chen_2024,47,True,True,Matusu_2026,Matusu_2026_Aconity_TWO,C02,Matusu2026_C02_9,65.0,0.1,5.095603828207445,124624.61458154688,=,1,10000000,0.061802981238033655,0.015037593984962405,0.015037593984962405,0
SYN:Chen_2024:47:Matusu_2026:C02:4,Chen_2024,47,True,True,Matusu_2026,Matusu_2026_Aconity_TWO,C02,Matusu2026_C02_5,70.0,0.1,6.05840441686038,1143943.0836065141,=,1,10000000,0.061802981238033655,0.015037593984962405,0.015037593984962405,0
SYN:Chen_2024:47:Matusu_2026:C02:5,Chen_2024,47,True,True,Matusu_2026,Matusu_2026_Aconity_TWO,C02,Matusu2026_C02_7,70.0,0.1,4.006808129363721,10157.998149203137,=,1,10000000,0.061802981238033655,0.015037593984962405,0.015037593984962405,0
SYN:Chen_2024:47:Matusu_2026:C02:6,Chen_2024,47,True,True,Matusu_2026,Matusu_2026_Aconity_TWO,C02,Matusu2026_C02_10,70.0,0.1,3.876265445686677,7520.824348341532,=,1,10000000,0.061802981238033655,0.015037593984962405,0.015037593984962405,0
SYN:Chen_2024:47:Matusu_2026:C02:7,Chen_2024,47,True,True,Matusu_2026,Matusu_2026_Aconity_TWO,C02,Matusu2026_C02_7,70.0,0.1,5.580124281261024,380298.20999653393,=,1,10000000,0.061802981238033655,0.015037593984962405,0.015037593984962405,0
SYN:Chen_2024:47:Matusu_2026:C02:8,Chen_2024,47,True,True,Matusu_2026,Matusu_2026_Aconity_TWO,C02,Matusu2026_C02_6,75.0,0.1,4.268107040589902,18539.88519780904,=,1,10000000,0.061802981238033655,0.015037593984962405,0.015037593984962405,0
SYN:Chen_2024:47:Matusu_2026:C02:9,Chen_2024,47,True,True,Matusu_2026,Matusu_2026_Aconity_TWO,C02,Matusu2026_C02_10,70.0,0.1,5.44755750346601,280257.66768163664,=,1,10000000,0.061802981238033655,0.015037593984962405,0.015037593984962405,0
SYN:Chen_2024:47:Matusu_2026:C03:0,Chen_2024,47,True,True,Matusu_2026,Matusu_2026_Aconity_TWO,C03,Matusu2026_C03_3,80.0,0.1,4.5137100510743835,32636.98644298713,=,1,10000000,0.061802981238033655,0.015037593984962405,0.015037593984962405,0
SYN:Chen_2024:47:Matusu_2026:C03:1,Chen_2024,47,True,True,Matusu_2026,Matusu_2026_Aconity_TWO,C03,Matusu2026_C03_5,70.0,0.1,5.298323183508839,198757.3434901682,=,1,10000000,0.061802981238033655,0.015037593984962405,0.015037593984962405,0
SYN:Chen_2024:47:Matusu_2026:C03:2,Chen_2024,47,True,True,Matusu_2026,Matusu_2026_Aconity_TWO,C03,Matusu2026_C03_6,65.0,0.1,6.138487665843135,1375585.7424723094,=,1,10000000,0.061802981238033655,0.015037593984962405,0.015037593984962405,0
SYN:Chen_2024:47:Matusu_2026:C03:3,Chen_2024,47,True,True,Matusu_2026,Matusu_2026_Aconity_TWO,C03,Matusu2026_C03_9,75.0,0.1,5.366829371838413,232717.67631837568,=,1,10000000,0.061802981238033655,0.015037593984962405,0.015037593984962405,0
SYN:Chen_2024:47:Matusu_2026:C03:4,Chen_2024,47,True,True,Matusu_2026,Matusu_2026_Aconity_TWO,C03,Matusu2026_C03_9,75.0,0.1,5.297117240131269,198206.20218927632,=,1,10000000,0.061802981238033655,0.015037593984962405,0.015037593984962405,0
SYN:Chen_2024:47:Matusu_2026:C03:5,Chen_2024,47,True,True,Matusu_2026,Matusu_2026_Aconity_TWO,C03,Matusu2026_C03_5,70.0,0.1,4.636510161699157,43302.219954953965,=,1,10000000,0.061802981238033655,0.015037593984962405,0.015037593984962405,0
SYN:Chen_2024:47:Matusu_2026:C03:6,Chen_2024,47,True,True,Matusu_2026,Matusu_2026_Aconity_TWO,C03,Matusu2026_C03_2,110.0,0.1,1.9935651451338554,98.52924277654195,=,1,10000000,0.061802981238033655,0.015037593984962405,0.015037593984962405,0
SYN:Chen_2024:47:Matusu_2026:C03:7,Chen_2024,47,True,True,Matusu_2026,Matusu_2026_Aconity_TWO,C03,Matusu2026_C03_9,75.0,0.1,5.189654529267295,154758.50627381855,=,1,10000000,0.061802981238033655,0.015037593984962405,0.015037593984962405,0
SYN:Chen_2024:47:Matusu_2026:C03:8,Chen_2024,47,True,True,Matusu_2026,Matusu_2026_Aconity_TWO,C03,Matusu2026_C03_10,85.0,0.1,4.205379478590287,16046.46889458201,=,1,10000000,0.061802981238033655,0.015037593984962405,0.015037593984962405,0
SYN:Chen_2024:47:Matusu_2026:C03:9,Chen_2024,47,True,True,Matusu_2026,Matusu_2026_Aconity_TWO,C03,Matusu2026_C03_9,75.0,0.1,6.191965303905809,1555841.3293725285,=,1,10000000,0.061802981238033655,0.015037593984962405,0.015037593984962405,0
SYN:Chen_2024:47:Wu_2021:Horizontal:0,Chen_2024,47,True,True,Wu_2021,Wu_2021,Horizontal,Wu_2021:H-HCF10,66.15,0.1,5.956287774750647,904248.4536516912,=,1,10000000,0.0,0.04878048780487805,0.04878048780487805,0
SYN:Chen_2024:47:Wu_2021:Horizontal:1,Chen_2024,47,True,True,Wu_2021,Wu_2021,Horizontal,Wu_2021:H-HCF16,63.0,0.1,4.600582792734093,39864.17610651331,=,1,10000000,0.0,0.04878048780487805,0.04878048780487805,0
SYN:Chen_2024:47:Wu_2021:Horizontal:2,Chen_2024,47,True,True,Wu_2021,Wu_2021,Horizontal,Wu_2021:H-HCF18,90.0,0.1,5.234690831225311,171668.5865002811,=,1,10000000,0.0,0.04878048780487805,0.04878048780487805,0
SYN:Chen_2024:47:Wu_2021:Horizontal:3,Chen_2024,47,True,True,Wu_2021,Wu_2021,Horizontal,Wu_2021:H-HCF08,57.15,0.1,5.2471726738709785,176674.01303648483,=,1,10000000,0.0,0.04878048780487805,0.04878048780487805,0
SYN:Chen_2024:47:Wu_2021:Horizontal:4,Chen_2024,47,True,True,Wu_2021,Wu_2021,Horizontal,Wu_2021:H-HCF01,72.0,0.1,4.940939145953895,87284.9054795865,=,1,10000000,0.0,0.04878048780487805,0.04878048780487805,0
SYN:Chen_2024:47:Wu_2021:Horizontal:5,Chen_2024,47,True,True,Wu_2021,Wu_2021,Horizontal,Wu_2021:H-HCF07,59.85,0.1,4.6701380352964605,46788.38289245291,=,1,10000000,0.0,0.04878048780487805,0.04878048780487805,0
SYN:Chen_2024:47:Wu_2021:Horizontal:6,Chen_2024,47,True,True,Wu_2021,Wu_2021,Horizontal,Wu_2021:H-HCF11,81.0,0.1,5.962286129011649,916824.3284219572,=,1,10000000,0.0,0.04878048780487805,0.04878048780487805,0
SYN:Chen_2024:47:Wu_2021:Horizontal:7,Chen_2024,47,True,True,Wu_2021,Wu_2021,Horizontal,Wu_2021:H-HCF16,63.0,0.1,3.8139766570777076,6515.933705852493,=,1,10000000,0.0,0.04878048780487805,0.04878048780487805,0
SYN:Chen_2024:47:Wu_2021:Horizontal:8,Chen_2024,47,True,True,Wu_2021,Wu_2021,Horizontal,Wu_2021:H-HCF04,66.15,0.1,6.333972937899539,2157609.9582693996,=,1,10000000,0.0,0.04878048780487805,0.04878048780487805,0
SYN:Chen_2024:47:Wu_2021:Horizontal:9,Chen_2024,47,True,True,Wu_2021,Wu_2021,Horizontal,Wu_2021:H-HCF04,66.15,0.1,4.953160779765361,89776.10923050148,=,1,10000000,0.0,0.04878048780487805,0.04878048780487805,0
SYN:Chen_2024:47:Wu_2021:Horizontal:10,Chen_2024,47,True,True,Wu_2021,Wu_2021,Horizontal,Wu_2021:H-HCF11,81.0,0.1,5.665624380191967,463046.25937461073,=,1,10000000,0.0,0.04878048780487805,0.04878048780487805,0
SYN:Chen_2024:47:Wu_2021:Horizontal:11,Chen_2024,47,True,True,Wu_2021,Wu_2021,Horizontal,Wu_2021:H-HCF11,81.0,0.1,5.393011987199547,247179.23693677966,=,1,10000000,0.0,0.04878048780487805,0.04878048780487805,0
SYN:Chen_2024:47:Wu_2021:Horizontal:12,Chen_2024,47,True,True,Wu_2021,Wu_2021,Horizontal,Wu_2021:H-HCF10,66.15,0.1,5.909442796091063,811788.3156789686,=,1,10000000,0.0,0.04878048780487805,0.04878048780487805,0
SYN:Chen_2024:47:Wu_2021:Horizontal:13,Chen_2024,47,True,True,Wu_2021,Wu_2021,Horizontal,Wu_2021:H-HCF05,81.0,0.1,3.65253388341974,4492.9737724037495,=,1,10000000,0.0,0.04878048780487805,0.04878048780487805,0
SYN:Chen_2024:47:Wu_2021:Horizontal:14,Chen_2024,47,True,True,Wu_2021,Wu_2021,Horizontal,Wu_2021:H-HCF02,72.0,0.1,4.7812962597627715,60436.07615292611,=,1,10000000,0.0,0.04878048780487805,0.04878048780487805,0
SYN:Chen_2024:47:Wu_2021:Horizontal:15,Chen_2024,47,True,True,Wu_2021,Wu_2021,Horizontal,Wu_2021:H-HCF10,66.15,0.1,5.745708313172239,556811.6498255597,=,1,10000000,0.0,0.04878048780487805,0.04878048780487805,0
SYN:Chen_2024:47:Wu_2021:Horizontal:16,Chen_2024,47,True,True,Wu_2021,Wu_2021,Horizontal,Wu_2021:H-HCF08,57.15,0.1,5.893665123473383,782825.7873477117,=,1,10000000,0.0,0.04878048780487805,0.04878048780487805,0
SYN:Chen_2024:47:Wu_2021:Horizontal:17,Chen_2024,47,True,True,Wu_2021,Wu_2021,Horizontal,Wu_2021:H-HCF08,57.15,0.1,7.192279158318547,10000000,>=,0,10000000,0.0,0.04878048780487805,0.04878048780487805,0
SYN:Chen_2024:47:Wu_2021:Horizontal:18,Chen_2024,47,True,True,Wu_2021,Wu_2021,Horizontal,Wu_2021:H-HCF07,59.85,0.1,6.732515058301111,5401508.4310075315,=,1,10000000,0.0,0.04878048780487805,0.04878048780487805,0
SYN:Chen_2024:47:Wu_2021:Vertical:0,Chen_2024,47,True,True,Wu_2021,Wu_2021,Vertical,Wu_2021:V-HCF14,27.0,0.1,8.188620971373352,10000000,>=,0,10000000,0.0,0.04878048780487805,0.04878048780487805,0
SYN:Chen_2024:47:Wu_2021:Vertical:1,Chen_2024,47,True,True,Wu_2021,Wu_2021,Vertical,Wu_2021:V-HCF01,36.0,0.1,7.894087366229692,10000000,>=,0,10000000,0.0,0.04878048780487805,0.04878048780487805,0
SYN:Chen_2024:47:Wu_2021:Vertical:2,Chen_2024,47,True,True,Wu_2021,Wu_2021,Vertical,Wu_2021:V-HCF13,45.0,0.1,6.675922727173747,4741576.121906194,=,1,10000000,0.0,0.04878048780487805,0.04878048780487805,0
SYN:Chen_2024:47:Wu_2021:Vertical:3,Chen_2024,47,True,True,Wu_2021,Wu_2021,Vertical,Wu_2021:V-HCF15,27.0,0.1,7.755748811326041,10000000,>=,0,10000000,0.0,0.04878048780487805,0.04878048780487805,0
SYN:Chen_2024:47:Wu_2021:Vertical:4,Chen_2024,47,True,True,Wu_2021,Wu_2021,Vertical,Wu_2021:V-HCF16,22.5,0.1,8.954750327735253,10000000,>=,0,10000000,0.0,0.04878048780487805,0.04878048780487805,0
SYN:Chen_2024:47:Wu_2021:Vertical:5,Chen_2024,47,True,True,Wu_2021,Wu_2021,Vertical,Wu_2021:V-HCF20,36.0,0.1,6.370072332143323,2344619.2812893186,=,1,10000000,0.0,0.04878048780487805,0.04878048780487805,0
SYN:Chen_2024:47:Wu_2021:Vertical:6,Chen_2024,47,True,True,Wu_2021,Wu_2021,Vertical,Wu_2021:V-HCF21,45.0,0.1,7.0165315478787225,10000000,>=,0,10000000,0.0,0.04878048780487805,0.04878048780487805,0
SYN:Chen_2024:47:Wu_2021:Vertical:7,Chen_2024,47,True,True,Wu_2021,Wu_2021,Vertical,Wu_2021:V-HCF01,36.0,0.1,7.408965593386409,10000000,>=,0,10000000,0.0,0.04878048780487805,0.04878048780487805,0
SYN:Chen_2024:47:Wu_2021:Vertical:8,Chen_2024,47,True,True,Wu_2021,Wu_2021,Vertical,Wu_2021:V-HCF08,22.5,0.1,5.965527410297671,923692.4850088202,=,1,10000000,0.0,0.04878048780487805,0.04878048780487805,0
SYN:Chen_2024:47:Wu_2021:Vertical:9,Chen_2024,47,True,True,Wu_2021,Wu_2021,Vertical,Wu_2021:V-HCF09,63.0,0.1,4.829027193047623,67457.02641246031,=,1,10000000,0.0,0.04878048780487805,0.04878048780487805,0
SYN:Chen_2024:47:Wu_2021:Vertical:10,Chen_2024,47,True,True,Wu_2021,Wu_2021,Vertical,Wu_2021:V-HCF11,36.0,0.1,4.652808972466461,44958.205951174816,=,1,10000000,0.0,0.04878048780487805,0.04878048780487805,0
SYN:Chen_2024:47:Wu_2021:Vertical:11,Chen_2024,47,True,True,Wu_2021,Wu_2021,Vertical,Wu_2021:V-HCF22,63.0,0.1,6.734707197051876,5428841.935466434,=,1,10000000,0.0,0.04878048780487805,0.04878048780487805,0
SYN:Chen_2024:47:Wu_2021:Vertical:12,Chen_2024,47,True,True,Wu_2021,Wu_2021,Vertical,Wu_2021:V-HCF09,63.0,0.1,6.202598621425196,1594404.9038053297,=,1,10000000,0.0,0.04878048780487805,0.04878048780487805,0
SYN:Chen_2024:47:Wu_2021:Vertical:13,Chen_2024,47,True,True,Wu_2021,Wu_2021,Vertical,Wu_2021:V-HCF13,45.0,0.1,6.565423156072114,3676403.3745818986,=,1,10000000,0.0,0.04878048780487805,0.04878048780487805,0
SYN:Chen_2024:47:Wu_2021:Vertical:14,Chen_2024,47,True,True,Wu_2021,Wu_2021,Vertical,Wu_2021:V-HCF02,63.0,0.1,5.656563694276853,453485.8018065759,=,1,10000000,0.0,0.04878048780487805,0.04878048780487805,0
SYN:Chen_2024:47:Wu_2021:Vertical:15,Chen_2024,47,True,True,Wu_2021,Wu_2021,Vertical,Wu_2021:V-HCF04,63.0,0.1,5.474839753899572,298428.1274796816,=,1,10000000,0.0,0.04878048780487805,0.04878048780487805,0
SYN:Chen_2024:47:Wu_2021:Vertical:16,Chen_2024,47,True,True,Wu_2021,Wu_2021,Vertical,Wu_2021:V-HCF03,27.0,0.1,6.93289010540232,8568210.063850453,=,1,10000000,0.0,0.04878048780487805,0.04878048780487805,0
SYN:Chen_2024:47:Wu_2021:Vertical:17,Chen_2024,47,True,True,Wu_2021,Wu_2021,Vertical,Wu_2021:V-HCF02,63.0,0.1,5.337180561445019,217360.4684766571,=,1,10000000,0.0,0.04878048780487805,0.04878048780487805,0
SYN:Chen_2024:47:Wu_2021:Vertical:18,Chen_2024,47,True,True,Wu_2021,Wu_2021,Vertical,Wu_2021:V-HCF18,36.0,0.1,6.424930158413736,2660297.206521472,=,1,10000000,0.0,0.04878048780487805,0.04878048780487805,0
SYN:Chen_2024:47:Wu_2021:Vertical:19,Chen_2024,47,True,True,Wu_2021,Wu_2021,Vertical,Wu_2021:V-HCF13,45.0,0.1,6.397345880371688,2496582.2609002143,=,1,10000000,0.0,0.04878048780487805,0.04878048780487805,0
SYN:Chen_2024:47:Wu_2021:Vertical:20,Chen_2024,47,True,True,Wu_2021,Wu_2021,Vertical,Wu_2021:V-HCF22,63.0,0.1,4.6864219099867235,48576.01790807086,=,1,10000000,0.0,0.04878048780487805,0.04878048780487805,0
SYN:Chen_2024:47:Wu_2021:Vertical:21,Chen_2024,47,True,True,Wu_2021,Wu_2021,Vertical,Wu_2021:V-HCF19,45.0,0.1,6.801598647644436,6332841.924567651,=,1,10000000,0.0,0.04878048780487805,0.04878048780487805,0
SYN:Chen_2024:71:Matusu_2026:71:0,Chen_2024,71,True,True,Matusu_2026,Matusu_2026_Eckart_CLM2,71,Matusu2026_71_19,40.0,0.1,4.856181744808606,71809.4738760345,=,1,10000000,0.12361181063782514,0.015037593984962405,0.015037593984962405,0
SYN:Chen_2024:71:Matusu_2026:71:1,Chen_2024,71,True,True,Matusu_2026,Matusu_2026_Eckart_CLM2,71,Matusu2026_71_32,60.0,0.1,6.567478844548194,3693846.503707285,=,1,10000000,0.12361181063782514,0.015037593984962405,0.015037593984962405,0
SYN:Chen_2024:71:Matusu_2026:71:2,Chen_2024,71,True,True,Matusu_2026,Matusu_2026_Eckart_CLM2,71,Matusu2026_71_3,90.0,0.1,4.913166310086923,81877.82736197922,=,1,10000000,0.12361181063782514,0.015037593984962405,0.015037593984962405,0
SYN:Chen_2024:71:Matusu_2026:71:3,Chen_2024,71,True,True,Matusu_2026,Matusu_2026_Eckart_CLM2,71,Matusu2026_71_12,50.0,0.1,6.368084640428431,2333912.8784153042,=,1,10000000,0.12361181063782514,0.015037593984962405,0.015037593984962405,0
SYN:Chen_2024:71:Matusu_2026:71:4,Chen_2024,71,True,True,Matusu_2026,Matusu_2026_Eckart_CLM2,71,Matusu2026_71_11,70.0,0.1,5.895277967676669,785738.3810189257,=,1,10000000,0.12361181063782514,0.015037593984962405,0.015037593984962405,0
SYN:Chen_2024:71:Matusu_2026:71:5,Chen_2024,71,True,True,Matusu_2026,Matusu_2026_Eckart_CLM2,71,Matusu2026_71_19,40.0,0.1,6.5190928087076845,3304401.4853430395,=,1,10000000,0.12361181063782514,0.015037593984962405,0.015037593984962405,0
SYN:Chen_2024:71:Matusu_2026:71:6,Chen_2024,71,True,True,Matusu_2026,Matusu_2026_Eckart_CLM2,71,Matusu2026_71_51,30.0,0.1,7.720182289171356,10000000,>=,0,10000000,0.12361181063782514,0.015037593984962405,0.015037593984962405,0
SYN:Chen_2024:71:Matusu_2026:71:7,Chen_2024,71,True,True,Matusu_2026,Matusu_2026_Eckart_CLM2,71,Matusu2026_71_3,90.0,0.1,3.882619947210651,7631.676403042453,=,1,10000000,0.12361181063782514,0.015037593984962405,0.015037593984962405,0
SYN:Chen_2024:71:Matusu_2026:71:8,Chen_2024,71,True,True,Matusu_2026,Matusu_2026_Eckart_CLM2,71,Matusu2026_71_51,30.0,0.1,7.493001052371183,10000000,>=,0,10000000,0.12361181063782514,0.015037593984962405,0.015037593984962405,0
SYN:Chen_2024:71:Matusu_2026:71:9,Chen_2024,71,True,True,Matusu_2026,Matusu_2026_Eckart_CLM2,71,Matusu2026_71_11,70.0,0.1,6.063293109374671,1156892.7764345726,=,1,10000000,0.12361181063782514,0.015037593984962405,0.015037593984962405,0
SYN:Chen_2024:71:Matusu_2026:71:10,Chen_2024,71,True,True,Matusu_2026,Matusu_2026_Eckart_CLM2,71,Matusu2026_71_12,50.0,0.1,5.204684508698012,160208.11431125193,=,1,10000000,0.12361181063782514,0.015037593984962405,0.015037593984962405,0
SYN:Chen_2024:71:Matusu_2026:72:0,Chen_2024,71,True,True,Matusu_2026,Matusu_2026_Eckart_CLM2,72,Matusu2026_72_23,100.0,0.1,5.000595298390133,100137.16650721754,=,1,10000000,0.12361181063782514,0.015037593984962405,0.015037593984962405,0
SYN:Chen_2024:71:Matusu_2026:72:1,Chen_2024,71,True,True,Matusu_2026,Matusu_2026_Eckart_CLM2,72,Matusu2026_72_1,80.0,0.1,4.518264475525842,32981.049817493324,=,1,10000000,0.12361181063782514,0.015037593984962405,0.015037593984962405,0
SYN:Chen_2024:71:Matusu_2026:72:2,Chen_2024,71,True,True,Matusu_2026,Matusu_2026_Eckart_CLM2,72,Matusu2026_72_9,70.0,0.1,4.743950258773565,55456.21934232991,=,1,10000000,0.12361181063782514,0.015037593984962405,0.015037593984962405,0
SYN:Chen_2024:71:Matusu_2026:72:3,Chen_2024,71,True,True,Matusu_2026,Matusu_2026_Eckart_CLM2,72,Matusu2026_72_2,90.0,0.1,4.61935392927959,41624.9695946099,=,1,10000000,0.12361181063782514,0.015037593984962405,0.015037593984962405,0
SYN:Chen_2024:71:Matusu_2026:72:4,Chen_2024,71,True,True,Matusu_2026,Matusu_2026_Eckart_CLM2,72,Matusu2026_72_2,90.0,0.1,4.735500364539961,54387.658824167476,=,1,10000000,0.12361181063782514,0.015037593984962405,0.015037593984962405,0
SYN:Chen_2024:71:Matusu_2026:72:5,Chen_2024,71,True,True,Matusu_2026,Matusu_2026_Eckart_CLM2,72,Matusu2026_72_26,45.0,0.1,5.49973761967109,316036.7737526376,=,1,10000000,0.12361181063782514,0.015037593984962405,0.015037593984962405,0
SYN:Chen_2024:71:Matusu_2026:72:6,Chen_2024,71,True,True,Matusu_2026,Matusu_2026_Eckart_CLM2,72,Matusu2026_72_23,100.0,0.1,2.8853485954380753,767.9776751783829,=,1,10000000,0.12361181063782514,0.015037593984962405,0.015037593984962405,0
SYN:Chen_2024:71:Matusu_2026:72:7,Chen_2024,71,True,True,Matusu_2026,Matusu_2026_Eckart_CLM2,72,Matusu2026_72_2,90.0,0.1,5.587459620489423,386776.0915803182,=,1,10000000,0.12361181063782514,0.015037593984962405,0.015037593984962405,0
SYN:Chen_2024:71:Matusu_2026:72:8,Chen_2024,71,True,True,Matusu_2026,Matusu_2026_Eckart_CLM2,72,Matusu2026_72_18,40.0,0.1,6.0862039709423446,1219562.244593948,=,1,10000000,0.12361181063782514,0.015037593984962405,0.015037593984962405,0
SYN:Chen_2024:71:Matusu_2026:72:9,Chen_2024,71,True,True,Matusu_2026,Matusu_2026_Eckart_CLM2,72,Matusu2026_72_50,50.0,0.1,5.6422387745182725,438771.86765037064,=,1,10000000,0.12361181063782514,0.015037593984962405,0.015037593984962405,0
SYN:Chen_2024:71:Matusu_2026:72:10,Chen_2024,71,True,True,Matusu_2026,Matusu_2026_Eckart_CLM2,72,Matusu2026_72_23,100.0,0.1,1.4379904736324,27.415140354122,=,1,10000000,0.12361181063782514,0.015037593984962405,0.015037593984962405,0
SYN:Chen_2024:71:Matusu_2026:73:0,Chen_2024,71,True,True,Matusu_2026,Matusu_2026_Eckart_CLM2,73,Matusu2026_73_8,70.0,0.1,5.7459833533388895,557164.3922143929,=,1,10000000,0.12361181063782514,0.015037593984962405,0.015037593984962405,0
SYN:Chen_2024:71:Matusu_2026:73:1,Chen_2024,71,True,True,Matusu_2026,Matusu_2026_Eckart_CLM2,73,Matusu2026_73_15,50.0,0.1,5.961355921128449,914862.6996968421,=,1,10000000,0.12361181063782514,0.015037593984962405,0.015037593984962405,0
SYN:Chen_2024:71:Matusu_2026:73:2,Chen_2024,71,True,True,Matusu_2026,Matusu_2026_Eckart_CLM2,73,Matusu2026_73_31,40.0,0.1,7.710153774542057,10000000,>=,0,10000000,0.12361181063782514,0.015037593984962405,0.015037593984962405,0
SYN:Chen_2024:71:Matusu_2026:73:3,Chen_2024,71,True,True,Matusu_2026,Matusu_2026_Eckart_CLM2,73,Matusu2026_73_6,90.0,0.1,5.212624300433765,163163.98378372093,=,1,10000000,0.12361181063782514,0.015037593984962405,0.015037593984962405,0
SYN:Chen_2024:71:Matusu_2026:73:4,Chen_2024,71,True,True,Matusu_2026,Matusu_2026_Eckart_CLM2,73,Matusu2026_73_8,70.0,0.1,5.643909976803009,440463.5520837742,=,1,10000000,0.12361181063782514,0.015037593984962405,0.015037593984962405,0
SYN:Chen_2024:71:Matusu_2026:73:5,Chen_2024,71,True,True,Matusu_2026,Matusu_2026_Eckart_CLM2,73,Matusu2026_73_15,50.0,0.1,3.3131862477558442,2056.7724564316427,=,1,10000000,0.12361181063782514,0.015037593984962405,0.015037593984962405,0
SYN:Chen_2024:71:Matusu_2026:73:6,Chen_2024,71,True,True,Matusu_2026,Matusu_2026_Eckart_CLM2,73,Matusu2026_73_14,60.0,0.1,6.541934713425508,3482849.541570694,=,1,10000000,0.12361181063782514,0.015037593984962405,0.015037593984962405,0
SYN:Chen_2024:71:Matusu_2026:73:7,Chen_2024,71,True,True,Matusu_2026,Matusu_2026_Eckart_CLM2,73,Matusu2026_73_8,70.0,0.1,5.989280078921536,975618.6167397756,=,1,10000000,0.12361181063782514,0.015037593984962405,0.015037593984962405,0
SYN:Chen_2024:71:Matusu_2026:73:8,Chen_2024,71,True,True,Matusu_2026,Matusu_2026_Eckart_CLM2,73,Matusu2026_73_5,80.0,0.1,4.619971597486638,41684.21214360061,=,1,10000000,0.12361181063782514,0.015037593984962405,0.015037593984962405,0
SYN:Chen_2024:71:Matusu_2026:73:9,Chen_2024,71,True,True,Matusu_2026,Matusu_2026_Eckart_CLM2,73,Matusu2026_73_22,100.0,0.1,6.205865718907823,1606444.4738002415,=,1,10000000,0.12361181063782514,0.015037593984962405,0.015037593984962405,0
SYN:Chen_2024:71:Matusu_2026:73:10,Chen_2024,71,True,True,Matusu_2026,Matusu_2026_Eckart_CLM2,73,Matusu2026_73_14,60.0,0.1,5.447694806208881,280346.2855008845,=,1,10000000,0.12361181063782514,0.015037593984962405,0.015037593984962405,0
SYN:Chen_2024:71:Matusu_2026:74:0,Chen_2024,71,True,True,Matusu_2026,Matusu_2026_Eckart_CLM2,74,Matusu2026_74_13,80.0,0.1,6.228492322669327,1692358.327157064,=,1,10000000,0.12361181063782514,0.015037593984962405,0.015037593984962405,0
SYN:Chen_2024:71:Matusu_2026:74:1,Chen_2024,71,True,True,Matusu_2026,Matusu_2026_Eckart_CLM2,74,Matusu2026_74_56,35.0,0.1,7.515369933578048,10000000,>=,0,10000000,0.12361181063782514,0.015037593984962405,0.015037593984962405,0
SYN:Chen_2024:71:Matusu_2026:74:2,Chen_2024,71,True,True,Matusu_2026,Matusu_2026_Eckart_CLM2,74,Matusu2026_74_40,110.0,0.1,3.422087266420854,2642.9397719523226,=,1,10000000,0.12361181063782514,0.015037593984962405,0.015037593984962405,0
SYN:Chen_2024:71:Matusu_2026:74:3,Chen_2024,71,True,True,Matusu_2026,Matusu_2026_Eckart_CLM2,74,Matusu2026_74_38,50.0,0.1,4.8871912495958405,77124.30254038695,=,1,10000000,0.12361181063782514,0.015037593984962405,0.015037593984962405,0
SYN:Chen_2024:71:Matusu_2026:74:4,Chen_2024,71,True,True,Matusu_2026,Matusu_2026_Eckart_CLM2,74,Matusu2026_74_13,80.0,0.1,3.487569025362326,3073.045746421572,=,1,10000000,0.12361181063782514,0.015037593984962405,0.015037593984962405,0
SYN:Chen_2024:71:Matusu_2026:74:5,Chen_2024,71,True,True,Matusu_2026,Matusu_2026_Eckart_CLM2,74,Matusu2026_74_20,70.0,0.1,6.506443614846557,3209546.076612425,=,1,10000000,0.12361181063782514,0.015037593984962405,0.015037593984962405,0
SYN:Chen_2024:71:Matusu_2026:74:6,Chen_2024,71,True,True,Matusu_2026,Matusu_2026_Eckart_CLM2,74,Matusu2026_74_13,80.0,0.1,5.3259898224485775,211831.1492718691,=,1,10000000,0.12361181063782514,0.015037593984962405,0.015037593984962405,0
SYN:Chen_2024:71:Matusu_2026:74:7,Chen_2024,71,True,True,Matusu_2026,Matusu_2026_Eckart_CLM2,74,Matusu2026_74_55,30.0,0.1,8.453675739904904,10000000,>=,0,10000000,0.12361181063782514,0.015037593984962405,0.015037593984962405,0
SYN:Chen_2024:71:Matusu_2026:74:8,Chen_2024,71,True,True,Matusu_2026,Matusu_2026_Eckart_CLM2,74,Matusu2026_74_38,50.0,0.1,7.115514483936904,10000000,>=,0,10000000,0.12361181063782514,0.015037593984962405,0.015037593984962405,0
SYN:Chen_2024:71:Matusu_2026:74:9,Chen_2024,71,True,True,Matusu_2026,Matusu_2026_Eckart_CLM2,74,Matusu2026_74_55,30.0,0.1,8.112424743943109,10000000,>=,0,10000000,0.12361181063782514,0.015037593984962405,0.015037593984962405,0
SYN:Chen_2024:71:Matusu_2026:74:10,Chen_2024,71,True,True,Matusu_2026,Matusu_2026_Eckart_CLM2,74,Matusu2026_74_56,35.0,0.1,7.205050367809117,10000000,>=,0,10000000,0.12361181063782514,0.015037593984962405,0.015037593984962405,0
SYN:Chen_2024:71:Matusu_2026:91:0,Chen_2024,71,True,True,Matusu_2026,Matusu_2026_GE_virgin_CLM2,91,Matusu2026_91_11,40.0,0.1,6.4082557982014965,2560093.330534986,=,1,10000000,0.12361181063782514,0.015037593984962405,0.015037593984962405,0
SYN:Chen_2024:71:Matusu_2026:91:1,Chen_2024,71,True,True,Matusu_2026,Matusu_2026_GE_virgin_CLM2,91,Matusu2026_91_20,110.0,0.1,4.1140661357486525,13003.675870791656,=,1,10000000,0.12361181063782514,0.015037593984962405,0.015037593984962405,0
SYN:Chen_2024:71:Matusu_2026:91:2,Chen_2024,71,True,True,Matusu_2026,Matusu_2026_GE_virgin_CLM2,91,Matusu2026_91_34,140.0,0.1,3.17444468470019,1494.3237009477664,=,1,10000000,0.12361181063782514,0.015037593984962405,0.015037593984962405,0
SYN:Chen_2024:71:Matusu_2026:91:3,Chen_2024,71,True,True,Matusu_2026,Matusu_2026_GE_virgin_CLM2,91,Matusu2026_91_11,40.0,0.1,7.4004592822430615,10000000,>=,0,10000000,0.12361181063782514,0.015037593984962405,0.015037593984962405,0
SYN:Chen_2024:71:Matusu_2026:91:4,Chen_2024,71,True,True,Matusu_2026,Matusu_2026_GE_virgin_CLM2,91,Matusu2026_91_21,50.0,0.1,7.187802418499777,10000000,>=,0,10000000,0.12361181063782514,0.015037593984962405,0.015037593984962405,0
SYN:Chen_2024:71:Matusu_2026:91:5,Chen_2024,71,True,True,Matusu_2026,Matusu_2026_GE_virgin_CLM2,91,Matusu2026_91_1,55.0,0.1,5.223370267240492,167251.59466038833,=,1,10000000,0.12361181063782514,0.015037593984962405,0.015037593984962405,0
SYN:Chen_2024:71:Matusu_2026:91:6,Chen_2024,71,True,True,Matusu_2026,Matusu_2026_GE_virgin_CLM2,91,Matusu2026_91_13,60.0,0.1,5.510289522210561,323809.452409664,=,1,10000000,0.12361181063782514,0.015037593984962405,0.015037593984962405,0
SYN:Chen_2024:71:Matusu_2026:91:7,Chen_2024,71,True,True,Matusu_2026,Matusu_2026_GE_virgin_CLM2,91,Matusu2026_91_30,70.0,0.1,7.140921396057106,10000000,>=,0,10000000,0.12361181063782514,0.015037593984962405,0.015037593984962405,0
SYN:Chen_2024:71:Matusu_2026:91:8,Chen_2024,71,True,True,Matusu_2026,Matusu_2026_GE_virgin_CLM2,91,Matusu2026_91_5,45.0,0.1,7.067259002801832,10000000,>=,0,10000000,0.12361181063782514,0.015037593984962405,0.015037593984962405,0
SYN:Chen_2024:71:Matusu_2026:91:9,Chen_2024,71,True,True,Matusu_2026,Matusu_2026_GE_virgin_CLM2,91,Matusu2026_91_33,80.0,0.1,6.635413690232135,4319303.191632537,=,1,10000000,0.12361181063782514,0.015037593984962405,0.015037593984962405,0
SYN:Chen_2024:71:Matusu_2026:91:10,Chen_2024,71,True,True,Matusu_2026,Matusu_2026_GE_virgin_CLM2,91,Matusu2026_91_5,45.0,0.1,6.694563210164794,4949521.443704812,=,1,10000000,0.12361181063782514,0.015037593984962405,0.015037593984962405,0
SYN:Chen_2024:71:Matusu_2026:91:11,Chen_2024,71,True,True,Matusu_2026,Matusu_2026_GE_virgin_CLM2,91,Matusu2026_91_5,45.0,0.1,4.6790558023861735,47759.06352132071,=,1,10000000,0.12361181063782514,0.015037593984962405,0.015037593984962405,0
SYN:Chen_2024:71:Matusu_2026:91:12,Chen_2024,71,True,True,Matusu_2026,Matusu_2026_GE_virgin_CLM2,91,Matusu2026_91_9,120.0,0.1,4.142952376671945,13898.002218604644,=,1,10000000,0.12361181063782514,0.015037593984962405,0.015037593984962405,0
SYN:Chen_2024:71:Matusu_2026:91:13,Chen_2024,71,True,True,Matusu_2026,Matusu_2026_GE_virgin_CLM2,91,Matusu2026_91_11,40.0,0.1,7.0629863922975265,10000000,>=,0,10000000,0.12361181063782514,0.015037593984962405,0.015037593984962405,0
SYN:Chen_2024:71:Matusu_2026:91:14,Chen_2024,71,True,True,Matusu_2026,Matusu_2026_GE_virgin_CLM2,91,Matusu2026_91_5,45.0,0.1,7.828627245944141,10000000,>=,0,10000000,0.12361181063782514,0.015037593984962405,0.015037593984962405,0
SYN:Chen_2024:71:Matusu_2026:92:0,Chen_2024,71,True,True,Matusu_2026,Matusu_2026_GE_virgin_CLM2,92,Matusu2026_92_17,50.0,0.1,4.9262228700767405,84376.76490975787,=,1,10000000,0.12361181063782514,0.015037593984962405,0.015037593984962405,0
SYN:Chen_2024:71:Matusu_2026:92:1,Chen_2024,71,True,True,Matusu_2026,Matusu_2026_GE_virgin_CLM2,92,Matusu2026_92_28,160.0,0.1,4.259080707367725,18158.530815338632,=,1,10000000,0.12361181063782514,0.015037593984962405,0.015037593984962405,0
SYN:Chen_2024:71:Matusu_2026:92:2,Chen_2024,71,True,True,Matusu_2026,Matusu_2026_GE_virgin_CLM2,92,Matusu2026_92_16,120.0,0.1,4.089832509757393,12297.943961786596,=,1,10000000,0.12361181063782514,0.015037593984962405,0.015037593984962405,0
SYN:Chen_2024:71:Matusu_2026:92:3,Chen_2024,71,True,True,Matusu_2026,Matusu_2026_GE_virgin_CLM2,92,Matusu2026_92_14,80.0,0.1,5.647625228566472,444247.74148198916,=,1,10000000,0.12361181063782514,0.015037593984962405,0.015037593984962405,0
SYN:Chen_2024:71:Matusu_2026:92:4,Chen_2024,71,True,True,Matusu_2026,Matusu_2026_GE_virgin_CLM2,92,Matusu2026_92_23,70.0,0.1,5.782524698034995,606072.6664918097,=,1,10000000,0.12361181063782514,0.015037593984962405,0.015037593984962405,0
SYN:Chen_2024:71:Matusu_2026:92:5,Chen_2024,71,True,True,Matusu_2026,Matusu_2026_GE_virgin_CLM2,92,Matusu2026_92_17,50.0,0.1,6.397472643275155,2497311.075611,=,1,10000000,0.12361181063782514,0.015037593984962405,0.015037593984962405,0
SYN:Chen_2024:71:Matusu_2026:92:6,Chen_2024,71,True,True,Matusu_2026,Matusu_2026_GE_virgin_CLM2,92,Matusu2026_92_29,55.0,0.1,6.21139141498524,1627014.4684791467,=,1,10000000,0.12361181063782514,0.015037593984962405,0.015037593984962405,0
SYN:Chen_2024:71:Matusu_2026:92:7,Chen_2024,71,True,True,Matusu_2026,Matusu_2026_GE_virgin_CLM2,92,Matusu2026_92_17,50.0,0.1,6.465701426150347,2922142.738251995,=,1,10000000,0.12361181063782514,0.015037593984962405,0.015037593984962405,0
SYN:Chen_2024:71:Matusu_2026:92:8,Chen_2024,71,True,True,Matusu_2026,Matusu_2026_GE_virgin_CLM2,92,Matusu2026_92_31,60.0,0.1,6.354050046804286,2259696.1558811935,=,1,10000000,0.12361181063782514,0.015037593984962405,0.015037593984962405,0
SYN:Chen_2024:71:Matusu_2026:92:9,Chen_2024,71,True,True,Matusu_2026,Matusu_2026_GE_virgin_CLM2,92,Matusu2026_92_7,150.0,0.1,3.855555149658034,7170.594268671679,=,1,10000000,0.12361181063782514,0.015037593984962405,0.015037593984962405,0
SYN:Chen_2024:71:Matusu_2026:92:10,Chen_2024,71,True,True,Matusu_2026,Matusu_2026_GE_virgin_CLM2,92,Matusu2026_92_2,90.0,0.1,4.888866825133876,77422.43482410513,=,1,10000000,0.12361181063782514,0.015037593984962405,0.015037593984962405,0
SYN:Chen_2024:71:Matusu_2026:92:11,Chen_2024,71,True,True,Matusu_2026,Matusu_2026_GE_virgin_CLM2,92,Matusu2026_92_23,70.0,0.1,5.648563994979842,445209.061372448,=,1,10000000,0.12361181063782514,0.015037593984962405,0.015037593984962405,0
SYN:Chen_2024:71:Matusu_2026:92:12,Chen_2024,71,True,True,Matusu_2026,Matusu_2026_GE_virgin_CLM2,92,Matusu2026_92_29,55.0,0.1,7.164131939298716,10000000,>=,0,10000000,0.12361181063782514,0.015037593984962405,0.015037593984962405,0
SYN:Chen_2024:71:Matusu_2026:92:13,Chen_2024,71,True,True,Matusu_2026,Matusu_2026_GE_virgin_CLM2,92,Matusu2026_92_35,110.0,0.1,4.676331021764626,47460.359303511475,=,1,10000000,0.12361181063782514,0.015037593984962405,0.015037593984962405,0
SYN:Chen_2024:71:Matusu_2026:93:0,Chen_2024,71,True,True,Matusu_2026,Matusu_2026_GE_virgin_CLM2,93,Matusu2026_93_8,130.0,0.1,4.493279875786826,31137.222910689423,=,1,10000000,0.12361181063782514,0.015037593984962405,0.015037593984962405,0
SYN:Chen_2024:71:Matusu_2026:93:1,Chen_2024,71,True,True,Matusu_2026,Matusu_2026_GE_virgin_CLM2,93,Matusu2026_93_31,110.0,0.1,5.130575175778689,135075.0620698198,=,1,10000000,0.12361181063782514,0.015037593984962405,0.015037593984962405,0
SYN:Chen_2024:71:Matusu_2026:93:2,Chen_2024,71,True,True,Matusu_2026,Matusu_2026_GE_virgin_CLM2,93,Matusu2026_93_28,140.0,0.1,3.324964732532929,2113.3174180872347,=,1,10000000,0.12361181063782514,0.015037593984962405,0.015037593984962405,0
SYN:Chen_2024:71:Matusu_2026:93:3,Chen_2024,71,True,True,Matusu_2026,Matusu_2026_GE_virgin_CLM2,93,Matusu2026_93_29,65.0,0.1,4.674782738958572,47291.46185457202,=,1,10000000,0.12361181063782514,0.015037593984962405,0.015037593984962405,0
SYN:Chen_2024:71:Matusu_2026:93:4,Chen_2024,71,True,True,Matusu_2026,Matusu_2026_GE_virgin_CLM2,93,Matusu2026_93_29,65.0,0.1,5.223313574301045,167229.76300914737,=,1,10000000,0.12361181063782514,0.015037593984962405,0.015037593984962405,0
SYN:Chen_2024:71:Matusu_2026:93:5,Chen_2024,71,True,True,Matusu_2026,Matusu_2026_GE_virgin_CLM2,93,Matusu2026_93_8,130.0,0.1,3.6445678613217414,4411.312873531804,=,1,10000000,0.12361181063782514,0.015037593984962405,0.015037593984962405,0
SYN:Chen_2024:71:Matusu_2026:93:6,Chen_2024,71,True,True,Matusu_2026,Matusu_2026_GE_virgin_CLM2,93,Matusu2026_93_14,80.0,0.1,5.454493511975973,284769.52574889304,=,1,10000000,0.12361181063782514,0.015037593984962405,0.015037593984962405,0
SYN:Chen_2024:71:Matusu_2026:93:7,Chen_2024,71,True,True,Matusu_2026,Matusu_2026_GE_virgin_CLM2,93,Matusu2026_93_29,65.0,0.1,7.193010502275137,10000000,>=,0,10000000,0.12361181063782514,0.015037593984962405,0.015037593984962405,0
SYN:Chen_2024:71:Matusu_2026:93:8,Chen_2024,71,True,True,Matusu_2026,Matusu_2026_GE_virgin_CLM2,93,Matusu2026_93_28,140.0,0.1,3.9127625354400624,8180.173883560714,=,1,10000000,0.12361181063782514,0.015037593984962405,0.015037593984962405,0
SYN:Chen_2024:71:Matusu_2026:93:9,Chen_2024,71,True,True,Matusu_2026,Matusu_2026_GE_virgin_CLM2,93,Matusu2026_93_22,120.0,0.1,4.134102939452765,13617.674196568696,=,1,10000000,0.12361181063782514,0.015037593984962405,0.015037593984962405,0
SYN:Chen_2024:71:Matusu_2026:93:10,Chen_2024,71,True,True,Matusu_2026,Matusu_2026_GE_virgin_CLM2,93,Matusu2026_93_2,130.0,0.1,3.9862864919927667,9689.168129647805,=,1,10000000,0.12361181063782514,0.015037593984962405,0.015037593984962405,0
SYN:Chen_2024:71:Matusu_2026:93:11,Chen_2024,71,True,True,Matusu_2026,Matusu_2026_GE_virgin_CLM2,93,Matusu2026_93_8,130.0,0.1,3.869173786261081,7399.012929930604,=,1,10000000,0.12361181063782514,0.015037593984962405,0.015037593984962405,0
SYN:Chen_2024:71:Matusu_2026:93:12,Chen_2024,71,True,True,Matusu_2026,Matusu_2026_GE_virgin_CLM2,93,Matusu2026_93_31,110.0,0.1,4.496493252117674,31368.463907991536,=,1,10000000,0.12361181063782514,0.015037593984962405,0.015037593984962405,0
SYN:Chen_2024:71:Matusu_2026:93:13,Chen_2024,71,True,True,Matusu_2026,Matusu_2026_GE_virgin_CLM2,93,Matusu2026_93_17,70.0,0.1,5.3551733302649795,226554.83249265738,=,1,10000000,0.12361181063782514,0.015037593984962405,0.015037593984962405,0
SYN:Chen_2024:71:Matusu_2026:93:14,Chen_2024,71,True,True,Matusu_2026,Matusu_2026_GE_virgin_CLM2,93,Matusu2026_93_17,70.0,0.1,5.928839009744865,848865.7474691303,=,1,10000000,0.12361181063782514,0.015037593984962405,0.015037593984962405,0
SYN:Chen_2024:71:Matusu_2026:94:0,Chen_2024,71,True,True,Matusu_2026,Matusu_2026_GE_virgin_CLM2,94,Matusu2026_94_21,110.0,0.1,3.410299543263326,2572.1692575851175,=,1,10000000,0.12361181063782514,0.015037593984962405,0.015037593984962405,0
SYN:Chen_2024:71:Matusu_2026:94:1,Chen_2024,71,True,True,Matusu_2026,Matusu_2026_GE_virgin_CLM2,94,Matusu2026_94_27,100.0,0.1,4.360679468518957,22944.54598507728,=,1,10000000,0.12361181063782514,0.015037593984962405,0.015037593984962405,0
SYN:Chen_2024:71:Matusu_2026:94:2,Chen_2024,71,True,True,Matusu_2026,Matusu_2026_GE_virgin_CLM2,94,Matusu2026_94_19,90.0,0.1,6.338195816009007,2178691.886111778,=,1,10000000,0.12361181063782514,0.015037593984962405,0.015037593984962405,0
SYN:Chen_2024:71:Matusu_2026:94:3,Chen_2024,71,True,True,Matusu_2026,Matusu_2026_GE_virgin_CLM2,94,Matusu2026_94_3,75.0,0.1,5.979023867958,952848.5292382542,=,1,10000000,0.12361181063782514,0.015037593984962405,0.015037593984962405,0
SYN:Chen_2024:71:Matusu_2026:94:4,Chen_2024,71,True,True,Matusu_2026,Matusu_2026_GE_virgin_CLM2,94,Matusu2026_94_21,110.0,0.1,3.147028935386836,1402.9071718085672,=,1,10000000,0.12361181063782514,0.015037593984962405,0.015037593984962405,0
SYN:Chen_2024:71:Matusu_2026:94:5,Chen_2024,71,True,True,Matusu_2026,Matusu_2026_GE_virgin_CLM2,94,Matusu2026_94_9,125.0,0.1,1.9474077104071985,88.5946935818981,=,1,10000000,0.12361181063782514,0.015037593984962405,0.015037593984962405,0
SYN:Chen_2024:71:Matusu_2026:94:6,Chen_2024,71,True,True,Matusu_2026,Matusu_2026_GE_virgin_CLM2,94,Matusu2026_94_1,140.0,0.1,4.630476835780826,42704.81411164294,=,1,10000000,0.12361181063782514,0.015037593984962405,0.015037593984962405,0
SYN:Chen_2024:71:Matusu_2026:94:7,Chen_2024,71,True,True,Matusu_2026,Matusu_2026_GE_virgin_CLM2,94,Matusu2026_94_21,110.0,0.1,3.4509652190391726,2824.6537502924707,=,1,10000000,0.12361181063782514,0.015037593984962405,0.015037593984962405,0
SYN:Chen_2024:71:Matusu_2026:94:8,Chen_2024,71,True,True,Matusu_2026,Matusu_2026_GE_virgin_CLM2,94,Matusu2026_94_21,110.0,0.1,2.872717088155027,745.9626586895624,=,1,10000000,0.12361181063782514,0.015037593984962405,0.015037593984962405,0
SYN:Chen_2024:71:Matusu_2026:94:9,Chen_2024,71,True,True,Matusu_2026,Matusu_2026_GE_virgin_CLM2,94,Matusu2026_94_13,90.0,0.1,4.382632247469029,24134.163326519953,=,1,10000000,0.12361181063782514,0.015037593984962405,0.015037593984962405,0
SYN:Chen_2024:71:Matusu_2026:94:10,Chen_2024,71,True,True,Matusu_2026,Matusu_2026_GE_virgin_CLM2,94,Matusu2026_94_20,70.0,0.1,4.3956287187694345,24867.304869184594,=,1,10000000,0.12361181063782514,0.015037593984962405,0.015037593984962405,0
SYN:Chen_2024:71:Matusu_2026:94:11,Chen_2024,71,True,True,Matusu_2026,Matusu_2026_GE_virgin_CLM2,94,Matusu2026_94_36,125.0,0.1,1.7762975995449612,59.74445441901457,=,1,10000000,0.12361181063782514,0.015037593984962405,0.015037593984962405,0
SYN:Chen_2024:71:Matusu_2026:94:12,Chen_2024,71,True,True,Matusu_2026,Matusu_2026_GE_virgin_CLM2,94,Matusu2026_94_27,100.0,0.1,4.12437760405712,13316.117051956271,=,1,10000000,0.12361181063782514,0.015037593984962405,0.015037593984962405,0
SYN:Chen_2024:71:Matusu_2026:94:13,Chen_2024,71,True,True,Matusu_2026,Matusu_2026_GE_virgin_CLM2,94,Matusu2026_94_21,110.0,0.1,3.2759145796505487,1887.6200410820995,=,1,10000000,0.12361181063782514,0.015037593984962405,0.015037593984962405,0
SYN:Chen_2024:71:Matusu_2026:94:14,Chen_2024,71,True,True,Matusu_2026,Matusu_2026_GE_virgin_CLM2,94,Matusu2026_94_5,85.0,0.1,5.5459148989115015,351491.5581309173,=,1,10000000,0.12361181063782514,0.015037593984962405,0.015037593984962405,0
SYN:Chen_2024:71:Matusu_2026:C01:0,Chen_2024,71,True,True,Matusu_2026,Matusu_2026_Aconity_TWO,C01,Matusu2026_C01_9,110.0,0.1,3.2393986810487965,1735.3963554697098,=,1,10000000,0.12361181063782514,0.015037593984962405,0.015037593984962405,0
SYN:Chen_2024:71:Matusu_2026:C01:1,Chen_2024,71,True,True,Matusu_2026,Matusu_2026_Aconity_TWO,C01,Matusu2026_C01_4,90.0,0.1,5.028886559748017,106877.5672319058,=,1,10000000,0.12361181063782514,0.015037593984962405,0.015037593984962405,0
SYN:Chen_2024:71:Matusu_2026:C01:2,Chen_2024,71,True,True,Matusu_2026,Matusu_2026_Aconity_TWO,C01,Matusu2026_C01_5,110.0,0.1,3.9643038833939146,9210.938516899922,=,1,10000000,0.12361181063782514,0.015037593984962405,0.015037593984962405,0
SYN:Chen_2024:71:Matusu_2026:C01:3,Chen_2024,71,True,True,Matusu_2026,Matusu_2026_Aconity_TWO,C01,Matusu2026_C01_9,110.0,0.1,4.065133251964318,11618.050288098666,=,1,10000000,0.12361181063782514,0.015037593984962405,0.015037593984962405,0
SYN:Chen_2024:71:Matusu_2026:C01:4,Chen_2024,71,True,True,Matusu_2026,Matusu_2026_Aconity_TWO,C01,Matusu2026_C01_8,80.0,0.1,6.425371075511063,2662999.442449942,=,1,10000000,0.12361181063782514,0.015037593984962405,0.015037593984962405,0
SYN:Chen_2024:71:Matusu_2026:C01:5,Chen_2024,71,True,True,Matusu_2026,Matusu_2026_Aconity_TWO,C01,Matusu2026_C01_7,40.0,0.1,7.442001036647839,10000000,>=,0,10000000,0.12361181063782514,0.015037593984962405,0.015037593984962405,0
SYN:Chen_2024:71:Matusu_2026:C01:6,Chen_2024,71,True,True,Matusu_2026,Matusu_2026_Aconity_TWO,C01,Matusu2026_C01_10,43.0,0.1,4.4005474319665625,25150.54682558312,=,1,10000000,0.12361181063782514,0.015037593984962405,0.015037593984962405,0
SYN:Chen_2024:71:Matusu_2026:C01:7,Chen_2024,71,True,True,Matusu_2026,Matusu_2026_Aconity_TWO,C01,Matusu2026_C01_9,110.0,0.1,4.532456664104077,34076.63198769958,=,1,10000000,0.12361181063782514,0.015037593984962405,0.015037593984962405,0
SYN:Chen_2024:71:Matusu_2026:C01:8,Chen_2024,71,True,True,Matusu_2026,Matusu_2026_Aconity_TWO,C01,Matusu2026_C01_5,110.0,0.1,3.206069672418709,1607.1990699311443,=,1,10000000,0.12361181063782514,0.015037593984962405,0.015037593984962405,0
SYN:Chen_2024:71:Matusu_2026:C01:9,Chen_2024,71,True,True,Matusu_2026,Matusu_2026_Aconity_TWO,C01,Matusu2026_C01_3,70.0,0.1,5.824140108580771,667021.9237358726,=,1,10000000,0.12361181063782514,0.015037593984962405,0.015037593984962405,0
SYN:Chen_2024:71:Matusu_2026:C02:0,Chen_2024,71,True,True,Matusu_2026,Matusu_2026_Aconity_TWO,C02,Matusu2026_C02_6,75.0,0.1,5.049802403157335,112150.80704857295,=,1,10000000,0.12361181063782514,0.015037593984962405,0.015037593984962405,0
SYN:Chen_2024:71:Matusu_2026:C02:1,Chen_2024,71,True,True,Matusu_2026,Matusu_2026_Aconity_TWO,C02,Matusu2026_C02_5,70.0,0.1,5.122328149524267,132534.25754740578,=,1,10000000,0.12361181063782514,0.015037593984962405,0.015037593984962405,0
SYN:Chen_2024:71:Matusu_2026:C02:2,Chen_2024,71,True,True,Matusu_2026,Matusu_2026_Aconity_TWO,C02,Matusu2026_C02_2,60.0,0.1,6.339505045839279,2185269.7090057475,=,1,10000000,0.12361181063782514,0.015037593984962405,0.015037593984962405,0
SYN:Chen_2024:71:Matusu_2026:C02:3,Chen_2024,71,True,True,Matusu_2026,Matusu_2026_Aconity_TWO,C02,Matusu2026_C02_5,70.0,0.1,4.713327171631634,51680.55532248058,=,1,10000000,0.12361181063782514,0.015037593984962405,0.015037593984962405,0
SYN:Chen_2024:71:Matusu_2026:C02:4,Chen_2024,71,True,True,Matusu_2026,Matusu_2026_Aconity_TWO,C02,Matusu2026_C02_9,65.0,0.1,6.426817188858429,2671881.4749123054,=,1,10000000,0.12361181063782514,0.015037593984962405,0.015037593984962405,0
SYN:Chen_2024:71:Matusu_2026:C02:5,Chen_2024,71,True,True,Matusu_2026,Matusu_2026_Aconity_TWO,C02,Matusu2026_C02_3,80.0,0.1,5.3088865730499295,203651.0122294556,=,1,10000000,0.12361181063782514,0.015037593984962405,0.015037593984962405,0
SYN:Chen_2024:71:Matusu_2026:C02:6,Chen_2024,71,True,True,Matusu_2026,Matusu_2026_Aconity_TWO,C02,Matusu2026_C02_7,70.0,0.1,5.310567684539891,204440.85310439472,=,1,10000000,0.12361181063782514,0.015037593984962405,0.015037593984962405,0
SYN:Chen_2024:71:Matusu_2026:C02:7,Chen_2024,71,True,True,Matusu_2026,Matusu_2026_Aconity_TWO,C02,Matusu2026_C02_4,90.0,0.1,4.705835617506283,50796.7138229918,=,1,10000000,0.12361181063782514,0.015037593984962405,0.015037593984962405,0
SYN:Chen_2024:71:Matusu_2026:C02:8,Chen_2024,71,True,True,Matusu_2026,Matusu_2026_Aconity_TWO,C02,Matusu2026_C02_6,75.0,0.1,4.330004661241038,21379.850361675104,=,1,10000000,0.12361181063782514,0.015037593984962405,0.015037593984962405,0
SYN:Chen_2024:71:Matusu_2026:C02:9,Chen_2024,71,True,True,Matusu_2026,Matusu_2026_Aconity_TWO,C02,Matusu2026_C02_1,100.0,0.1,4.8154053529420375,65374.044292530845,=,1,10000000,0.12361181063782514,0.015037593984962405,0.015037593984962405,0
SYN:Chen_2024:71:Matusu_2026:C03:0,Chen_2024,71,True,True,Matusu_2026,Matusu_2026_Aconity_TWO,C03,Matusu2026_C03_10,85.0,0.1,3.9137319202751772,8198.453169569304,=,1,10000000,0.12361181063782514,0.015037593984962405,0.015037593984962405,0
SYN:Chen_2024:71:Matusu_2026:C03:1,Chen_2024,71,True,True,Matusu_2026,Matusu_2026_Aconity_TWO,C03,Matusu2026_C03_9,75.0,0.1,6.187773884181742,1540897.9741258605,=,1,10000000,0.12361181063782514,0.015037593984962405,0.015037593984962405,0
SYN:Chen_2024:71:Matusu_2026:C03:2,Chen_2024,71,True,True,Matusu_2026,Matusu_2026_Aconity_TWO,C03,Matusu2026_C03_10,85.0,0.1,5.216766610894053,164727.6909846846,=,1,10000000,0.12361181063782514,0.015037593984962405,0.015037593984962405,0
SYN:Chen_2024:71:Matusu_2026:C03:3,Chen_2024,71,True,True,Matusu_2026,Matusu_2026_Aconity_TWO,C03,Matusu2026_C03_5,70.0,0.1,6.337851067287911,2176963.097848314,=,1,10000000,0.12361181063782514,0.015037593984962405,0.015037593984962405,0
SYN:Chen_2024:71:Matusu_2026:C03:4,Chen_2024,71,True,True,Matusu_2026,Matusu_2026_Aconity_TWO,C03,Matusu2026_C03_2,110.0,0.1,4.781430253351851,60454.72547146781,=,1,10000000,0.12361181063782514,0.015037593984962405,0.015037593984962405,0
SYN:Chen_2024:71:Matusu_2026:C03:5,Chen_2024,71,True,True,Matusu_2026,Matusu_2026_Aconity_TWO,C03,Matusu2026_C03_10,85.0,0.1,4.405176891721562,25420.078754751055,=,1,10000000,0.12361181063782514,0.015037593984962405,0.015037593984962405,0
SYN:Chen_2024:71:Matusu_2026:C03:6,Chen_2024,71,True,True,Matusu_2026,Matusu_2026_Aconity_TWO,C03,Matusu2026_C03_1,90.0,0.1,3.969626416398188,9324.518531365049,=,1,10000000,0.12361181063782514,0.015037593984962405,0.015037593984962405,0
SYN:Chen_2024:71:Matusu_2026:C03:7,Chen_2024,71,True,True,Matusu_2026,Matusu_2026_Aconity_TWO,C03,Matusu2026_C03_10,85.0,0.1,4.306669333862044,20261.39456005579,=,1,10000000,0.12361181063782514,0.015037593984962405,0.015037593984962405,0
SYN:Chen_2024:71:Matusu_2026:C03:8,Chen_2024,71,True,True,Matusu_2026,Matusu_2026_Aconity_TWO,C03,Matusu2026_C03_3,80.0,0.1,3.2417941014892864,1744.9946568334137,=,1,10000000,0.12361181063782514,0.015037593984962405,0.015037593984962405,0
SYN:Chen_2024:71:Matusu_2026:C03:9,Chen_2024,71,True,True,Matusu_2026,Matusu_2026_Aconity_TWO,C03,Matusu2026_C03_6,65.0,0.1,5.262180004272588,182885.80753087517,=,1,10000000,0.12361181063782514,0.015037593984962405,0.015037593984962405,0
SYN:Chen_2024:71:Wu_2021:Horizontal:0,Chen_2024,71,True,True,Wu_2021,Wu_2021,Horizontal,Wu_2021:H-HCF01,72.0,0.1,5.513123782336965,325929.5840073533,=,1,10000000,-0.12361181063782514,0.04878048780487805,0.04878048780487805,0
SYN:Chen_2024:71:Wu_2021:Horizontal:1,Chen_2024,71,True,True,Wu_2021,Wu_2021,Horizontal,Wu_2021:H-HCF10,66.15,0.1,6.373276801803924,2361983.1864440115,=,1,10000000,-0.12361181063782514,0.04878048780487805,0.04878048780487805,0
SYN:Chen_2024:71:Wu_2021:Horizontal:2,Chen_2024,71,True,True,Wu_2021,Wu_2021,Horizontal,Wu_2021:H-HCF17,63.0,0.1,3.967054305250069,9269.457237058785,=,1,10000000,-0.12361181063782514,0.04878048780487805,0.04878048780487805,0
SYN:Chen_2024:71:Wu_2021:Horizontal:3,Chen_2024,71,True,True,Wu_2021,Wu_2021,Horizontal,Wu_2021:H-HCF05,81.0,0.1,5.167809494646933,147166.68071359015,=,1,10000000,-0.12361181063782514,0.04878048780487805,0.04878048780487805,0
SYN:Chen_2024:71:Wu_2021:Horizontal:4,Chen_2024,71,True,True,Wu_2021,Wu_2021,Horizontal,Wu_2021:H-HCF06,66.15,0.1,5.866744970503817,735774.9036343556,=,1,10000000,-0.12361181063782514,0.04878048780487805,0.04878048780487805,0
SYN:Chen_2024:71:Wu_2021:Horizontal:5,Chen_2024,71,True,True,Wu_2021,Wu_2021,Horizontal,Wu_2021:H-HCF05,81.0,0.1,2.962787120341649,917.8825644608612,=,1,10000000,-0.12361181063782514,0.04878048780487805,0.04878048780487805,0
SYN:Chen_2024:71:Wu_2021:Horizontal:6,Chen_2024,71,True,True,Wu_2021,Wu_2021,Horizontal,Wu_2021:H-HCF15,66.15,0.1,4.554676966869545,35865.50637278065,=,1,10000000,-0.12361181063782514,0.04878048780487805,0.04878048780487805,0
SYN:Chen_2024:71:Wu_2021:Horizontal:7,Chen_2024,71,True,True,Wu_2021,Wu_2021,Horizontal,Wu_2021:H-HCF04,66.15,0.1,5.031869170776254,107614.09822531497,=,1,10000000,-0.12361181063782514,0.04878048780487805,0.04878048780487805,0
SYN:Chen_2024:71:Wu_2021:Horizontal:8,Chen_2024,71,True,True,Wu_2021,Wu_2021,Horizontal,Wu_2021:H-HCF06,66.15,0.1,6.399814921874143,2510816.198736418,=,1,10000000,-0.12361181063782514,0.04878048780487805,0.04878048780487805,0
SYN:Chen_2024:71:Wu_2021:Horizontal:9,Chen_2024,71,True,True,Wu_2021,Wu_2021,Horizontal,Wu_2021:H-HCF17,63.0,0.1,5.302970484512737,200895.62754414632,=,1,10000000,-0.12361181063782514,0.04878048780487805,0.04878048780487805,0
SYN:Chen_2024:71:Wu_2021:Horizontal:10,Chen_2024,71,True,True,Wu_2021,Wu_2021,Horizontal,Wu_2021:H-HCF04,66.15,0.1,5.861554345544184,727033.3710174161,=,1,10000000,-0.12361181063782514,0.04878048780487805,0.04878048780487805,0
SYN:Chen_2024:71:Wu_2021:Horizontal:11,Chen_2024,71,True,True,Wu_2021,Wu_2021,Horizontal,Wu_2021:H-HCF10,66.15,0.1,5.139037069975671,137732.702806764,=,1,10000000,-0.12361181063782514,0.04878048780487805,0.04878048780487805,0
SYN:Chen_2024:71:Wu_2021:Horizontal:12,Chen_2024,71,True,True,Wu_2021,Wu_2021,Horizontal,Wu_2021:H-HCF08,57.15,0.1,5.52950558665778,338458.6256871183,=,1,10000000,-0.12361181063782514,0.04878048780487805,0.04878048780487805,0
SYN:Chen_2024:71:Wu_2021:Horizontal:13,Chen_2024,71,True,True,Wu_2021,Wu_2021,Horizontal,Wu_2021:H-HCF05,81.0,0.1,3.400823328386091,2516.652941491765,=,1,10000000,-0.12361181063782514,0.04878048780487805,0.04878048780487805,0
SYN:Chen_2024:71:Wu_2021:Horizontal:14,Chen_2024,71,True,True,Wu_2021,Wu_2021,Horizontal,Wu_2021:H-HCF03,59.85,0.1,4.874850416718044,74963.59690685269,=,1,10000000,-0.12361181063782514,0.04878048780487805,0.04878048780487805,0
SYN:Chen_2024:71:Wu_2021:Horizontal:15,Chen_2024,71,True,True,Wu_2021,Wu_2021,Horizontal,Wu_2021:H-HCF12,63.0,0.1,5.786645820377102,611851.2059714897,=,1,10000000,-0.12361181063782514,0.04878048780487805,0.04878048780487805,0
SYN:Chen_2024:71:Wu_2021:Horizontal:16,Chen_2024,71,True,True,Wu_2021,Wu_2021,Horizontal,Wu_2021:H-HCF19,90.0,0.1,4.553971003903682,35807.25292415119,=,1,10000000,-0.12361181063782514,0.04878048780487805,0.04878048780487805,0
SYN:Chen_2024:71:Wu_2021:Horizontal:17,Chen_2024,71,True,True,Wu_2021,Wu_2021,Horizontal,Wu_2021:H-HCF10,66.15,0.1,6.220570654070301,1661769.0040057455,=,1,10000000,-0.12361181063782514,0.04878048780487805,0.04878048780487805,0
SYN:Chen_2024:71:Wu_2021:Horizontal:18,Chen_2024,71,True,True,Wu_2021,Wu_2021,Horizontal,Wu_2021:H-HCF12,63.0,0.1,6.045903990624302,1111485.9841826756,=,1,10000000,-0.12361181063782514,0.04878048780487805,0.04878048780487805,0
SYN:Chen_2024:71:Wu_2021:Vertical:0,Chen_2024,71,True,True,Wu_2021,Wu_2021,Vertical,Wu_2021:V-HCF08,22.5,0.1,9.050191204941736,10000000,>=,0,10000000,-0.12361181063782514,0.04878048780487805,0.04878048780487805,0
SYN:Chen_2024:71:Wu_2021:Vertical:1,Chen_2024,71,True,True,Wu_2021,Wu_2021,Vertical,Wu_2021:V-HCF04,63.0,0.1,5.423209936221565,264978.0722507098,=,1,10000000,-0.12361181063782514,0.04878048780487805,0.04878048780487805,0
SYN:Chen_2024:71:Wu_2021:Vertical:2,Chen_2024,71,True,True,Wu_2021,Wu_2021,Vertical,Wu_2021:V-HCF11,36.0,0.1,7.030775529539574,10000000,>=,0,10000000,-0.12361181063782514,0.04878048780487805,0.04878048780487805,0
SYN:Chen_2024:71:Wu_2021:Vertical:3,Chen_2024,71,True,True,Wu_2021,Wu_2021,Vertical,Wu_2021:V-HCF07,63.0,0.1,6.00651253266487,1015108.6596758909,=,1,10000000,-0.12361181063782514,0.04878048780487805,0.04878048780487805,0
SYN:Chen_2024:71:Wu_2021:Vertical:4,Chen_2024,71,True,True,Wu_2021,Wu_2021,Vertical,Wu_2021:V-HCF22,63.0,0.1,3.7665398749962913,5841.7084061049845,=,1,10000000,-0.12361181063782514,0.04878048780487805,0.04878048780487805,0
SYN:Chen_2024:71:Wu_2021:Vertical:5,Chen_2024,71,True,True,Wu_2021,Wu_2021,Vertical,Wu_2021:V-HCF09,63.0,0.1,3.899234866001221,7929.300302802078,=,1,10000000,-0.12361181063782514,0.04878048780487805,0.04878048780487805,0
SYN:Chen_2024:71:Wu_2021:Vertical:6,Chen_2024,71,True,True,Wu_2021,Wu_2021,Vertical,Wu_2021:V-HCF15,27.0,0.1,8.29589855934473,10000000,>=,0,10000000,-0.12361181063782514,0.04878048780487805,0.04878048780487805,0
SYN:Chen_2024:71:Wu_2021:Vertical:7,Chen_2024,71,True,True,Wu_2021,Wu_2021,Vertical,Wu_2021:V-HCF19,45.0,0.1,6.901558930144667,7971846.545708349,=,1,10000000,-0.12361181063782514,0.04878048780487805,0.04878048780487805,0
SYN:Chen_2024:71:Wu_2021:Vertical:8,Chen_2024,71,True,True,Wu_2021,Wu_2021,Vertical,Wu_2021:V-HCF22,63.0,0.1,6.240666580879336,1740470.1563292157,=,1,10000000,-0.12361181063782514,0.04878048780487805,0.04878048780487805,0
SYN:Chen_2024:71:Wu_2021:Vertical:9,Chen_2024,71,True,True,Wu_2021,Wu_2021,Vertical,Wu_2021:V-HCF03,27.0,0.1,8.332848962963325,10000000,>=,0,10000000,-0.12361181063782514,0.04878048780487805,0.04878048780487805,0
SYN:Chen_2024:71:Wu_2021:Vertical:10,Chen_2024,71,True,True,Wu_2021,Wu_2021,Vertical,Wu_2021:V-HCF21,45.0,0.1,6.769460373610569,5881124.504719687,=,1,10000000,-0.12361181063782514,0.04878048780487805,0.04878048780487805,0
SYN:Chen_2024:71:Wu_2021:Vertical:11,Chen_2024,71,True,True,Wu_2021,Wu_2021,Vertical,Wu_2021:V-HCF16,22.5,0.1,7.308135604281149,10000000,>=,0,10000000,-0.12361181063782514,0.04878048780487805,0.04878048780487805,0
SYN:Chen_2024:71:Wu_2021:Vertical:12,Chen_2024,71,True,True,Wu_2021,Wu_2021,Vertical,Wu_2021:V-HCF07,63.0,0.1,6.456060662797867,2857989.723083971,=,1,10000000,-0.12361181063782514,0.04878048780487805,0.04878048780487805,0
SYN:Chen_2024:71:Wu_2021:Vertical:13,Chen_2024,71,True,True,Wu_2021,Wu_2021,Vertical,Wu_2021:V-HCF03,27.0,0.1,8.567391284455589,10000000,>=,0,10000000,-0.12361181063782514,0.04878048780487805,0.04878048780487805,0
SYN:Chen_2024:71:Wu_2021:Vertical:14,Chen_2024,71,True,True,Wu_2021,Wu_2021,Vertical,Wu_2021:V-HCF01,36.0,0.1,7.765746978620434,10000000,>=,0,10000000,-0.12361181063782514,0.04878048780487805,0.04878048780487805,0
SYN:Chen_2024:71:Wu_2021:Vertical:15,Chen_2024,71,True,True,Wu_2021,Wu_2021,Vertical,Wu_2021:V-HCF09,63.0,0.1,6.878094245773361,7552561.071898526,=,1,10000000,-0.12361181063782514,0.04878048780487805,0.04878048780487805,0
SYN:Chen_2024:71:Wu_2021:Vertical:16,Chen_2024,71,True,True,Wu_2021,Wu_2021,Vertical,Wu_2021:V-HCF03,27.0,0.1,5.972780292108448,939248.0284236326,=,1,10000000,-0.12361181063782514,0.04878048780487805,0.04878048780487805,0
SYN:Chen_2024:71:Wu_2021:Vertical:17,Chen_2024,71,True,True,Wu_2021,Wu_2021,Vertical,Wu_2021:V-HCF17,27.0,0.1,8.879824412622705,10000000,>=,0,10000000,-0.12361181063782514,0.04878048780487805,0.04878048780487805,0
SYN:Chen_2024:71:Wu_2021:Vertical:18,Chen_2024,71,True,True,Wu_2021,Wu_2021,Vertical,Wu_2021:V-HCF20,36.0,0.1,7.057443468269622,10000000,>=,0,10000000,-0.12361181063782514,0.04878048780487805,0.04878048780487805,0
SYN:Chen_2024:71:Wu_2021:Vertical:19,Chen_2024,71,True,True,Wu_2021,Wu_2021,Vertical,Wu_2021:V-HCF06,45.0,0.1,6.702064833145968,5035757.78900632,=,1,10000000,-0.12361181063782514,0.04878048780487805,0.04878048780487805,0
SYN:Chen_2024:71:Wu_2021:Vertical:20,Chen_2024,71,True,True,Wu_2021,Wu_2021,Vertical,Wu_2021:V-HCF11,36.0,0.1,5.472924946689912,297115.2522792777,=,1,10000000,-0.12361181063782514,0.04878048780487805,0.04878048780487805,0
SYN:Chen_2024:71:Wu_2021:Vertical:21,Chen_2024,71,True,True,Wu_2021,Wu_2021,Vertical,Wu_2021:V-HCF06,45.0,0.1,1.8179941719152897,65.76490118694234,=,1,10000000,-0.12361181063782514,0.04878048780487805,0.04878048780487805,0
SYN:Chen_2024:101:Matusu_2026:71:0,Chen_2024,101,True,True,Matusu_2026,Matusu_2026_Eckart_CLM2,71,Matusu2026_71_52,110.0,0.1,4.571588647260548,37289.67920707291,=,1,10000000,-0.061802981238033655,0.015037593984962405,0.015037593984962405,0
SYN:Chen_2024:101:Matusu_2026:71:1,Chen_2024,101,True,True,Matusu_2026,Matusu_2026_Eckart_CLM2,71,Matusu2026_71_19,40.0,0.1,5.294301888725015,196925.46911862495,=,1,10000000,-0.061802981238033655,0.015037593984962405,0.015037593984962405,0
SYN:Chen_2024:101:Matusu_2026:71:2,Chen_2024,101,True,True,Matusu_2026,Matusu_2026_Eckart_CLM2,71,Matusu2026_71_19,40.0,0.1,7.542178178964176,10000000,>=,0,10000000,-0.061802981238033655,0.015037593984962405,0.015037593984962405,0
SYN:Chen_2024:101:Matusu_2026:71:3,Chen_2024,101,True,True,Matusu_2026,Matusu_2026_Eckart_CLM2,71,Matusu2026_71_12,50.0,0.1,5.570365702039885,371848.21583485004,=,1,10000000,-0.061802981238033655,0.015037593984962405,0.015037593984962405,0
SYN:Chen_2024:101:Matusu_2026:71:4,Chen_2024,101,True,True,Matusu_2026,Matusu_2026_Eckart_CLM2,71,Matusu2026_71_32,60.0,0.1,6.3563416263173025,2271651.083748038,=,1,10000000,-0.061802981238033655,0.015037593984962405,0.015037593984962405,0
SYN:Chen_2024:101:Matusu_2026:71:5,Chen_2024,101,True,True,Matusu_2026,Matusu_2026_Eckart_CLM2,71,Matusu2026_71_19,40.0,0.1,7.348145300430266,10000000,>=,0,10000000,-0.061802981238033655,0.015037593984962405,0.015037593984962405,0
SYN:Chen_2024:101:Matusu_2026:71:6,Chen_2024,101,True,True,Matusu_2026,Matusu_2026_Eckart_CLM2,71,Matusu2026_71_4,80.0,0.1,4.19516431374649,15673.439568601725,=,1,10000000,-0.061802981238033655,0.015037593984962405,0.015037593984962405,0
SYN:Chen_2024:101:Matusu_2026:71:7,Chen_2024,101,True,True,Matusu_2026,Matusu_2026_Eckart_CLM2,71,Matusu2026_71_32,60.0,0.1,5.539428306737305,346280.7159252407,=,1,10000000,-0.061802981238033655,0.015037593984962405,0.015037593984962405,0
SYN:Chen_2024:101:Matusu_2026:71:8,Chen_2024,101,True,True,Matusu_2026,Matusu_2026_Eckart_CLM2,71,Matusu2026_71_11,70.0,0.1,4.308780900400639,20360.14658388514,=,1,10000000,-0.061802981238033655,0.015037593984962405,0.015037593984962405,0
SYN:Chen_2024:101:Matusu_2026:71:9,Chen_2024,101,True,True,Matusu_2026,Matusu_2026_Eckart_CLM2,71,Matusu2026_71_16,40.0,0.1,7.279190781245452,10000000,>=,0,10000000,-0.061802981238033655,0.015037593984962405,0.015037593984962405,0
SYN:Chen_2024:101:Matusu_2026:71:10,Chen_2024,101,True,True,Matusu_2026,Matusu_2026_Eckart_CLM2,71,Matusu2026_71_19,40.0,0.1,4.713950956129732,51754.83831098204,=,1,10000000,-0.061802981238033655,0.015037593984962405,0.015037593984962405,0
SYN:Chen_2024:101:Matusu_2026:72:0,Chen_2024,101,True,True,Matusu_2026,Matusu_2026_Eckart_CLM2,72,Matusu2026_72_2,90.0,0.1,3.38586057931876,2431.423328845098,=,1,10000000,-0.061802981238033655,0.015037593984962405,0.015037593984962405,0
SYN:Chen_2024:101:Matusu_2026:72:1,Chen_2024,101,True,True,Matusu_2026,Matusu_2026_Eckart_CLM2,72,Matusu2026_72_53,47.5,0.1,7.013279425836651,10000000,>=,0,10000000,-0.061802981238033655,0.015037593984962405,0.015037593984962405,0
SYN:Chen_2024:101:Matusu_2026:72:2,Chen_2024,101,True,True,Matusu_2026,Matusu_2026_Eckart_CLM2,72,Matusu2026_72_23,100.0,0.1,4.170434934207788,14805.904172997038,=,1,10000000,-0.061802981238033655,0.015037593984962405,0.015037593984962405,0
SYN:Chen_2024:101:Matusu_2026:72:3,Chen_2024,101,True,True,Matusu_2026,Matusu_2026_Eckart_CLM2,72,Matusu2026_72_26,45.0,0.1,7.640751692132934,10000000,>=,0,10000000,-0.061802981238033655,0.015037593984962405,0.015037593984962405,0
SYN:Chen_2024:101:Matusu_2026:72:4,Chen_2024,101,True,True,Matusu_2026,Matusu_2026_Eckart_CLM2,72,Matusu2026_72_23,100.0,0.1,4.3942297653001186,24787.330948406783,=,1,10000000,-0.061802981238033655,0.015037593984962405,0.015037593984962405,0
SYN:Chen_2024:101:Matusu_2026:72:5,Chen_2024,101,True,True,Matusu_2026,Matusu_2026_Eckart_CLM2,72,Matusu2026_72_17,50.0,0.1,6.350675381442956,2242205.33431942,=,1,10000000,-0.061802981238033655,0.015037593984962405,0.015037593984962405,0
SYN:Chen_2024:101:Matusu_2026:72:6,Chen_2024,101,True,True,Matusu_2026,Matusu_2026_Eckart_CLM2,72,Matusu2026_72_23,100.0,0.1,3.6487676696234495,4454.179036832867,=,1,10000000,-0.061802981238033655,0.015037593984962405,0.015037593984962405,0
SYN:Chen_2024:101:Matusu_2026:72:7,Chen_2024,101,True,True,Matusu_2026,Matusu_2026_Eckart_CLM2,72,Matusu2026_72_17,50.0,0.1,6.7531674180170045,5664576.130957488,=,1,10000000,-0.061802981238033655,0.015037593984962405,0.015037593984962405,0
SYN:Chen_2024:101:Matusu_2026:72:8,Chen_2024,101,True,True,Matusu_2026,Matusu_2026_Eckart_CLM2,72,Matusu2026_72_53,47.5,0.1,5.842516299836315,695851.0707259753,=,1,10000000,-0.061802981238033655,0.015037593984962405,0.015037593984962405,0
SYN:Chen_2024:101:Matusu_2026:72:9,Chen_2024,101,True,True,Matusu_2026,Matusu_2026_Eckart_CLM2,72,Matusu2026_72_23,100.0,0.1,3.26576237949787,1844.0062109270405,=,1,10000000,-0.061802981238033655,0.015037593984962405,0.015037593984962405,0
SYN:Chen_2024:101:Matusu_2026:72:10,Chen_2024,101,True,True,Matusu_2026,Matusu_2026_Eckart_CLM2,72,Matusu2026_72_24,110.0,0.1,2.9455192399427124,882.102879844663,=,1,10000000,-0.061802981238033655,0.015037593984962405,0.015037593984962405,0
SYN:Chen_2024:101:Matusu_2026:73:0,Chen_2024,101,True,True,Matusu_2026,Matusu_2026_Eckart_CLM2,73,Matusu2026_73_8,70.0,0.1,5.194242240779418,156401.97783522707,=,1,10000000,-0.061802981238033655,0.015037593984962405,0.015037593984962405,0
SYN:Chen_2024:101:Matusu_2026:73:1,Chen_2024,101,True,True,Matusu_2026,Matusu_2026_Eckart_CLM2,73,Matusu2026_73_21,45.0,0.1,5.950368576748087,892007.6454345139,=,1,10000000,-0.061802981238033655,0.015037593984962405,0.015037593984962405,0
SYN:Chen_2024:101:Matusu_2026:73:2,Chen_2024,101,True,True,Matusu_2026,Matusu_2026_Eckart_CLM2,73,Matusu2026_73_5,80.0,0.1,4.660609782092555,45773.04265551037,=,1,10000000,-0.061802981238033655,0.015037593984962405,0.015037593984962405,0
SYN:Chen_2024:101:Matusu_2026:73:3,Chen_2024,101,True,True,Matusu_2026,Matusu_2026_Eckart_CLM2,73,Matusu2026_73_14,60.0,0.1,4.224680119559185,16775.67947046416,=,1,10000000,-0.061802981238033655,0.015037593984962405,0.015037593984962405,0
SYN:Chen_2024:101:Matusu_2026:73:4,Chen_2024,101,True,True,Matusu_2026,Matusu_2026_Eckart_CLM2,73,Matusu2026_73_31,40.0,0.1,7.0537416313005386,10000000,>=,0,10000000,-0.061802981238033655,0.015037593984962405,0.015037593984962405,0
SYN:Chen_2024:101:Matusu_2026:73:5,Chen_2024,101,True,True,Matusu_2026,Matusu_2026_Eckart_CLM2,73,Matusu2026_73_8,70.0,0.1,5.480746217068086,302514.51473727985,=,1,10000000,-0.061802981238033655,0.015037593984962405,0.015037593984962405,0
SYN:Chen_2024:101:Matusu_2026:73:6,Chen_2024,101,True,True,Matusu_2026,Matusu_2026_Eckart_CLM2,73,Matusu2026_73_22,100.0,0.1,5.221037378187728,166355.58205659437,=,1,10000000,-0.061802981238033655,0.015037593984962405,0.015037593984962405,0
SYN:Chen_2024:101:Matusu_2026:73:7,Chen_2024,101,True,True,Matusu_2026,Matusu_2026_Eckart_CLM2,73,Matusu2026_73_21,45.0,0.1,5.364457806160821,231450.33097420668,=,1,10000000,-0.061802981238033655,0.015037593984962405,0.015037593984962405,0
SYN:Chen_2024:101:Matusu_2026:73:8,Chen_2024,101,True,True,Matusu_2026,Matusu_2026_Eckart_CLM2,73,Matusu2026_73_15,50.0,0.1,5.4636962015922546,290868.1720309196,=,1,10000000,-0.061802981238033655,0.015037593984962405,0.015037593984962405,0
SYN:Chen_2024:101:Matusu_2026:73:9,Chen_2024,101,True,True,Matusu_2026,Matusu_2026_Eckart_CLM2,73,Matusu2026_73_5,80.0,0.1,5.014109245141133,103302.12256800644,=,1,10000000,-0.061802981238033655,0.015037593984962405,0.015037593984962405,0
SYN:Chen_2024:101:Matusu_2026:73:10,Chen_2024,101,True,True,Matusu_2026,Matusu_2026_Eckart_CLM2,73,Matusu2026_73_5,80.0,0.1,3.2071336935081525,1611.1415337490344,=,1,10000000,-0.061802981238033655,0.015037593984962405,0.015037593984962405,0
SYN:Chen_2024:101:Matusu_2026:74:0,Chen_2024,101,True,True,Matusu_2026,Matusu_2026_Eckart_CLM2,74,Matusu2026_74_55,30.0,0.1,7.880736705255036,10000000,>=,0,10000000,-0.061802981238033655,0.015037593984962405,0.015037593984962405,0
SYN:Chen_2024:101:Matusu_2026:74:1,Chen_2024,101,True,True,Matusu_2026,Matusu_2026_Eckart_CLM2,74,Matusu2026_74_55,30.0,0.1,6.882864192373257,7635969.628888955,=,1,10000000,-0.061802981238033655,0.015037593984962405,0.015037593984962405,0
SYN:Chen_2024:101:Matusu_2026:74:2,Chen_2024,101,True,True,Matusu_2026,Matusu_2026_Eckart_CLM2,74,Matusu2026_74_38,50.0,0.1,4.6290135166401285,42561.16593303928,=,1,10000000,-0.061802981238033655,0.015037593984962405,0.015037593984962405,0
SYN:Chen_2024:101:Matusu_2026:74:3,Chen_2024,101,True,True,Matusu_2026,Matusu_2026_Eckart_CLM2,74,Matusu2026_74_41,125.0,0.1,2.786783882769453,612.0457446389261,=,1,10000000,-0.061802981238033655,0.015037593984962405,0.015037593984962405,0
SYN:Chen_2024:101:Matusu_2026:74:4,Chen_2024,101,True,True,Matusu_2026,Matusu_2026_Eckart_CLM2,74,Matusu2026_74_7,100.0,0.1,4.009299681070278,10216.442170980494,=,1,10000000,-0.061802981238033655,0.015037593984962405,0.015037593984962405,0
SYN:Chen_2024:101:Matusu_2026:74:5,Chen_2024,101,True,True,Matusu_2026,Matusu_2026_Eckart_CLM2,74,Matusu2026_74_13,80.0,0.1,6.396793614055905,2493409.524286623,=,1,10000000,-0.061802981238033655,0.015037593984962405,0.015037593984962405,0
SYN:Chen_2024:101:Matusu_2026:74:6,Chen_2024,101,True,True,Matusu_2026,Matusu_2026_Eckart_CLM2,74,Matusu2026_74_7,100.0,0.1,4.166627275440934,14676.661418453059,=,1,10000000,-0.061802981238033655,0.015037593984962405,0.015037593984962405,0
SYN:Chen_2024:101:Matusu_2026:74:7,Chen_2024,101,True,True,Matusu_2026,Matusu_2026_Eckart_CLM2,74,Matusu2026_74_41,125.0,0.1,2.4083565529970574,256.06873321030025,=,1,10000000,-0.061802981238033655,0.015037593984962405,0.015037593984962405,0
SYN:Chen_2024:101:Matusu_2026:74:8,Chen_2024,101,True,True,Matusu_2026,Matusu_2026_Eckart_CLM2,74,Matusu2026_74_39,90.0,0.1,5.321818455751069,209806.2665864306,=,1,10000000,-0.061802981238033655,0.015037593984962405,0.015037593984962405,0
SYN:Chen_2024:101:Matusu_2026:74:9,Chen_2024,101,True,True,Matusu_2026,Matusu_2026_Eckart_CLM2,74,Matusu2026_74_41,125.0,0.1,4.052556552182119,11286.42895561417,=,1,10000000,-0.061802981238033655,0.015037593984962405,0.015037593984962405,0
SYN:Chen_2024:101:Matusu_2026:74:10,Chen_2024,101,True,True,Matusu_2026,Matusu_2026_Eckart_CLM2,74,Matusu2026_74_41,125.0,0.1,3.4157257962692134,2604.5086028325745,=,1,10000000,-0.061802981238033655,0.015037593984962405,0.015037593984962405,0
SYN:Chen_2024:101:Matusu_2026:91:0,Chen_2024,101,True,True,Matusu_2026,Matusu_2026_GE_virgin_CLM2,91,Matusu2026_91_19,100.0,0.1,4.082701889554979,12097.674342689226,=,1,10000000,-0.061802981238033655,0.015037593984962405,0.015037593984962405,0
SYN:Chen_2024:101:Matusu_2026:91:1,Chen_2024,101,True,True,Matusu_2026,Matusu_2026_GE_virgin_CLM2,91,Matusu2026_91_20,110.0,0.1,5.138120318628481,137442.26976690412,=,1,10000000,-0.061802981238033655,0.015037593984962405,0.015037593984962405,0
SYN:Chen_2024:101:Matusu_2026:91:2,Chen_2024,101,True,True,Matusu_2026,Matusu_2026_GE_virgin_CLM2,91,Matusu2026_91_27,140.0,0.1,2.695318534871494,495.81371385135026,=,1,10000000,-0.061802981238033655,0.015037593984962405,0.015037593984962405,0
SYN:Chen_2024:101:Matusu_2026:91:3,Chen_2024,101,True,True,Matusu_2026,Matusu_2026_GE_virgin_CLM2,91,Matusu2026_91_19,100.0,0.1,4.047800707303136,11163.50849775391,=,1,10000000,-0.061802981238033655,0.015037593984962405,0.015037593984962405,0
SYN:Chen_2024:101:Matusu_2026:91:4,Chen_2024,101,True,True,Matusu_2026,Matusu_2026_GE_virgin_CLM2,91,Matusu2026_91_5,45.0,0.1,6.777758016558877,5994569.732742728,=,1,10000000,-0.061802981238033655,0.015037593984962405,0.015037593984962405,0
SYN:Chen_2024:101:Matusu_2026:91:5,Chen_2024,101,True,True,Matusu_2026,Matusu_2026_GE_virgin_CLM2,91,Matusu2026_91_3,130.0,0.1,4.9342495575545104,85950.72761508128,=,1,10000000,-0.061802981238033655,0.015037593984962405,0.015037593984962405,0
SYN:Chen_2024:101:Matusu_2026:91:6,Chen_2024,101,True,True,Matusu_2026,Matusu_2026_GE_virgin_CLM2,91,Matusu2026_91_19,100.0,0.1,4.1673895500083535,14702.444545425149,=,1,10000000,-0.061802981238033655,0.015037593984962405,0.015037593984962405,0
SYN:Chen_2024:101:Matusu_2026:91:7,Chen_2024,101,True,True,Matusu_2026,Matusu_2026_GE_virgin_CLM2,91,Matusu2026_91_30,70.0,0.1,5.546599640267441,352046.1832842273,=,1,10000000,-0.061802981238033655,0.015037593984962405,0.015037593984962405,0
SYN:Chen_2024:101:Matusu_2026:91:8,Chen_2024,101,True,True,Matusu_2026,Matusu_2026_GE_virgin_CLM2,91,Matusu2026_91_1,55.0,0.1,5.982366486861431,960210.5799214668,=,1,10000000,-0.061802981238033655,0.015037593984962405,0.015037593984962405,0
SYN:Chen_2024:101:Matusu_2026:91:9,Chen_2024,101,True,True,Matusu_2026,Matusu_2026_GE_virgin_CLM2,91,Matusu2026_91_30,70.0,0.1,6.299766684831464,1994190.6920067118,=,1,10000000,-0.061802981238033655,0.015037593984962405,0.015037593984962405,0
SYN:Chen_2024:101:Matusu_2026:91:10,Chen_2024,101,True,True,Matusu_2026,Matusu_2026_GE_virgin_CLM2,91,Matusu2026_91_20,110.0,0.1,4.6197750161866615,41665.348255917444,=,1,10000000,-0.061802981238033655,0.015037593984962405,0.015037593984962405,0
SYN:Chen_2024:101:Matusu_2026:91:11,Chen_2024,101,True,True,Matusu_2026,Matusu_2026_GE_virgin_CLM2,91,Matusu2026_91_20,110.0,0.1,4.73360564223376,54150.89540423115,=,1,10000000,-0.061802981238033655,0.015037593984962405,0.015037593984962405,0
SYN:Chen_2024:101:Matusu_2026:91:12,Chen_2024,101,True,True,Matusu_2026,Matusu_2026_GE_virgin_CLM2,91,Matusu2026_91_1,55.0,0.1,4.435922666507299,27284.918853269322,=,1,10000000,-0.061802981238033655,0.015037593984962405,0.015037593984962405,0
SYN:Chen_2024:101:Matusu_2026:91:13,Chen_2024,101,True,True,Matusu_2026,Matusu_2026_GE_virgin_CLM2,91,Matusu2026_91_34,140.0,0.1,3.081697077965142,1206.9716741525951,=,1,10000000,-0.061802981238033655,0.015037593984962405,0.015037593984962405,0
SYN:Chen_2024:101:Matusu_2026:91:14,Chen_2024,101,True,True,Matusu_2026,Matusu_2026_GE_virgin_CLM2,91,Matusu2026_91_30,70.0,0.1,6.10495377534527,1273367.5414001595,=,1,10000000,-0.061802981238033655,0.015037593984962405,0.015037593984962405,0
SYN:Chen_2024:101:Matusu_2026:92:0,Chen_2024,101,True,True,Matusu_2026,Matusu_2026_GE_virgin_CLM2,92,Matusu2026_92_16,120.0,0.1,3.7229592807059975,5283.9570726162265,=,1,10000000,-0.061802981238033655,0.015037593984962405,0.015037593984962405,0
SYN:Chen_2024:101:Matusu_2026:92:1,Chen_2024,101,True,True,Matusu_2026,Matusu_2026_GE_virgin_CLM2,92,Matusu2026_92_35,110.0,0.1,4.362677237764894,23050.33479900435,=,1,10000000,-0.061802981238033655,0.015037593984962405,0.015037593984962405,0
SYN:Chen_2024:101:Matusu_2026:92:2,Chen_2024,101,True,True,Matusu_2026,Matusu_2026_GE_virgin_CLM2,92,Matusu2026_92_35,110.0,0.1,2.136594135460707,136.9601224007812,=,1,10000000,-0.061802981238033655,0.015037593984962405,0.015037593984962405,0
SYN:Chen_2024:101:Matusu_2026:92:3,Chen_2024,101,True,True,Matusu_2026,Matusu_2026_GE_virgin_CLM2,92,Matusu2026_92_8,130.0,0.1,4.982154710390655,95974.24633687023,=,1,10000000,-0.061802981238033655,0.015037593984962405,0.015037593984962405,0
SYN:Chen_2024:101:Matusu_2026:92:4,Chen_2024,101,True,True,Matusu_2026,Matusu_2026_GE_virgin_CLM2,92,Matusu2026_92_16,120.0,0.1,2.46274168801655,290.22958979891683,=,1,10000000,-0.061802981238033655,0.015037593984962405,0.015037593984962405,0
SYN:Chen_2024:101:Matusu_2026:92:5,Chen_2024,101,True,True,Matusu_2026,Matusu_2026_GE_virgin_CLM2,92,Matusu2026_92_31,60.0,0.1,5.353359339553151,225610.5163836939,=,1,10000000,-0.061802981238033655,0.015037593984962405,0.015037593984962405,0
SYN:Chen_2024:101:Matusu_2026:92:6,Chen_2024,101,True,True,Matusu_2026,Matusu_2026_GE_virgin_CLM2,92,Matusu2026_92_15,100.0,0.1,4.451229949202181,28263.760816420396,=,1,10000000,-0.061802981238033655,0.015037593984962405,0.015037593984962405,0
SYN:Chen_2024:101:Matusu_2026:92:7,Chen_2024,101,True,True,Matusu_2026,Matusu_2026_GE_virgin_CLM2,92,Matusu2026_92_26,140.0,0.1,3.9654947651010914,9236.230551847735,=,1,10000000,-0.061802981238033655,0.015037593984962405,0.015037593984962405,0
SYN:Chen_2024:101:Matusu_2026:92:8,Chen_2024,101,True,True,Matusu_2026,Matusu_2026_GE_virgin_CLM2,92,Matusu2026_92_4,70.0,0.1,3.7477247071558777,5594.028918709152,=,1,10000000,-0.061802981238033655,0.015037593984962405,0.015037593984962405,0
SYN:Chen_2024:101:Matusu_2026:92:9,Chen_2024,101,True,True,Matusu_2026,Matusu_2026_GE_virgin_CLM2,92,Matusu2026_92_17,50.0,0.1,7.32170677629162,10000000,>=,0,10000000,-0.061802981238033655,0.015037593984962405,0.015037593984962405,0
SYN:Chen_2024:101:Matusu_2026:92:10,Chen_2024,101,True,True,Matusu_2026,Matusu_2026_GE_virgin_CLM2,92,Matusu2026_92_16,120.0,0.1,3.569158389784766,3708.159359052601,=,1,10000000,-0.061802981238033655,0.015037593984962405,0.015037593984962405,0
SYN:Chen_2024:101:Matusu_2026:92:11,Chen_2024,101,True,True,Matusu_2026,Matusu_2026_GE_virgin_CLM2,92,Matusu2026_92_4,70.0,0.1,5.754639224925203,568380.5722304636,=,1,10000000,-0.061802981238033655,0.015037593984962405,0.015037593984962405,0
SYN:Chen_2024:101:Matusu_2026:92:12,Chen_2024,101,True,True,Matusu_2026,Matusu_2026_GE_virgin_CLM2,92,Matusu2026_92_31,60.0,0.1,5.81664514378666,655609.3577521157,=,1,10000000,-0.061802981238033655,0.015037593984962405,0.015037593984962405,0
SYN:Chen_2024:101:Matusu_2026:92:13,Chen_2024,101,True,True,Matusu_2026,Matusu_2026_GE_virgin_CLM2,92,Matusu2026_92_26,140.0,0.1,3.626759236482406,4234.081725914199,=,1,10000000,-0.061802981238033655,0.015037593984962405,0.015037593984962405,0
SYN:Chen_2024:101:Matusu_2026:93:0,Chen_2024,101,True,True,Matusu_2026,Matusu_2026_GE_virgin_CLM2,93,Matusu2026_93_26,70.0,0.1,5.81888206271835,658994.9138715138,=,1,10000000,-0.061802981238033655,0.015037593984962405,0.015037593984962405,0
SYN:Chen_2024:101:Matusu_2026:93:1,Chen_2024,101,True,True,Matusu_2026,Matusu_2026_GE_virgin_CLM2,93,Matusu2026_93_17,70.0,0.1,4.665044772870725,46242.86922625149,=,1,10000000,-0.061802981238033655,0.015037593984962405,0.015037593984962405,0
SYN:Chen_2024:101:Matusu_2026:93:2,Chen_2024,101,True,True,Matusu_2026,Matusu_2026_GE_virgin_CLM2,93,Matusu2026_93_35,60.0,0.1,4.868062693606385,73801.075972725,=,1,10000000,-0.061802981238033655,0.015037593984962405,0.015037593984962405,0
SYN:Chen_2024:101:Matusu_2026:93:3,Chen_2024,101,True,True,Matusu_2026,Matusu_2026_GE_virgin_CLM2,93,Matusu2026_93_29,65.0,0.1,5.462926486261286,290353.1127392316,=,1,10000000,-0.061802981238033655,0.015037593984962405,0.015037593984962405,0
SYN:Chen_2024:101:Matusu_2026:93:4,Chen_2024,101,True,True,Matusu_2026,Matusu_2026_GE_virgin_CLM2,93,Matusu2026_93_23,140.0,0.1,2.8976595074044416,790.0589684807886,=,1,10000000,-0.061802981238033655,0.015037593984962405,0.015037593984962405,0
SYN:Chen_2024:101:Matusu_2026:93:5,Chen_2024,101,True,True,Matusu_2026,Matusu_2026_GE_virgin_CLM2,93,Matusu2026_93_2,130.0,0.1,4.824198472248013,66711.15690414849,=,1,10000000,-0.061802981238033655,0.015037593984962405,0.015037593984962405,0
SYN:Chen_2024:101:Matusu_2026:93:6,Chen_2024,101,True,True,Matusu_2026,Matusu_2026_GE_virgin_CLM2,93,Matusu2026_93_2,130.0,0.1,2.676548832285542,474.8416793724355,=,1,10000000,-0.061802981238033655,0.015037593984962405,0.015037593984962405,0
SYN:Chen_2024:101:Matusu_2026:93:7,Chen_2024,101,True,True,Matusu_2026,Matusu_2026_GE_virgin_CLM2,93,Matusu2026_93_17,70.0,0.1,5.274471815078641,188135.96054424602,=,1,10000000,-0.061802981238033655,0.015037593984962405,0.015037593984962405,0
SYN:Chen_2024:101:Matusu_2026:93:8,Chen_2024,101,True,True,Matusu_2026,Matusu_2026_GE_virgin_CLM2,93,Matusu2026_93_2,130.0,0.1,3.634265901200822,4307.902854856578,=,1,10000000,-0.061802981238033655,0.015037593984962405,0.015037593984962405,0
SYN:Chen_2024:101:Matusu_2026:93:9,Chen_2024,101,True,True,Matusu_2026,Matusu_2026_GE_virgin_CLM2,93,Matusu2026_93_23,140.0,0.1,3.96691661019467,9266.518779020078,=,1,10000000,-0.061802981238033655,0.015037593984962405,0.015037593984962405,0
SYN:Chen_2024:101:Matusu_2026:93:10,Chen_2024,101,True,True,Matusu_2026,Matusu_2026_GE_virgin_CLM2,93,Matusu2026_93_14,80.0,0.1,5.463658373221705,290842.83763164736,=,1,10000000,-0.061802981238033655,0.015037593984962405,0.015037593984962405,0
SYN:Chen_2024:101:Matusu_2026:93:11,Chen_2024,101,True,True,Matusu_2026,Matusu_2026_GE_virgin_CLM2,93,Matusu2026_93_15,100.0,0.1,3.531184409140832,3397.695141272486,=,1,10000000,-0.061802981238033655,0.015037593984962405,0.015037593984962405,0
SYN:Chen_2024:101:Matusu_2026:93:12,Chen_2024,101,True,True,Matusu_2026,Matusu_2026_GE_virgin_CLM2,93,Matusu2026_93_14,80.0,0.1,5.708695542130042,511323.2517336393,=,1,10000000,-0.061802981238033655,0.015037593984962405,0.015037593984962405,0
SYN:Chen_2024:101:Matusu_2026:93:13,Chen_2024,101,True,True,Matusu_2026,Matusu_2026_GE_virgin_CLM2,93,Matusu2026_93_28,140.0,0.1,3.4025837747804935,2526.875093691317,=,1,10000000,-0.061802981238033655,0.015037593984962405,0.015037593984962405,0
SYN:Chen_2024:101:Matusu_2026:93:14,Chen_2024,101,True,True,Matusu_2026,Matusu_2026_GE_virgin_CLM2,93,Matusu2026_93_15,100.0,0.1,4.749929544998545,56225.01047236394,=,1,10000000,-0.061802981238033655,0.015037593984962405,0.015037593984962405,0
SYN:Chen_2024:101:Matusu_2026:94:0,Chen_2024,101,True,True,Matusu_2026,Matusu_2026_GE_virgin_CLM2,94,Matusu2026_94_34,80.0,0.1,4.4414862112688525,27636.701720044948,=,1,10000000,-0.061802981238033655,0.015037593984962405,0.015037593984962405,0
SYN:Chen_2024:101:Matusu_2026:94:1,Chen_2024,101,True,True,Matusu_2026,Matusu_2026_GE_virgin_CLM2,94,Matusu2026_94_3,75.0,0.1,4.484039796345841,30481.74294674959,=,1,10000000,-0.061802981238033655,0.015037593984962405,0.015037593984962405,0
SYN:Chen_2024:101:Matusu_2026:94:2,Chen_2024,101,True,True,Matusu_2026,Matusu_2026_GE_virgin_CLM2,94,Matusu2026_94_36,125.0,0.1,3.869591883918267,7406.139429685598,=,1,10000000,-0.061802981238033655,0.015037593984962405,0.015037593984962405,0
SYN:Chen_2024:101:Matusu_2026:94:3,Chen_2024,101,True,True,Matusu_2026,Matusu_2026_GE_virgin_CLM2,94,Matusu2026_94_19,90.0,0.1,3.1434936086535323,1391.533316028205,=,1,10000000,-0.061802981238033655,0.015037593984962405,0.015037593984962405,0
SYN:Chen_2024:101:Matusu_2026:94:4,Chen_2024,101,True,True,Matusu_2026,Matusu_2026_GE_virgin_CLM2,94,Matusu2026_94_11,85.0,0.1,4.866196734202505,73484.66762884712,=,1,10000000,-0.061802981238033655,0.015037593984962405,0.015037593984962405,0
SYN:Chen_2024:101:Matusu_2026:94:5,Chen_2024,101,True,True,Matusu_2026,Matusu_2026_GE_virgin_CLM2,94,Matusu2026_94_36,125.0,0.1,4.80391324734305,63666.83302839761,=,1,10000000,-0.061802981238033655,0.015037593984962405,0.015037593984962405,0
SYN:Chen_2024:101:Matusu_2026:94:6,Chen_2024,101,True,True,Matusu_2026,Matusu_2026_GE_virgin_CLM2,94,Matusu2026_94_19,90.0,0.1,3.5479356444760426,3531.3083754985873,=,1,10000000,-0.061802981238033655,0.015037593984962405,0.015037593984962405,0
SYN:Chen_2024:101:Matusu_2026:94:7,Chen_2024,101,True,True,Matusu_2026,Matusu_2026_GE_virgin_CLM2,94,Matusu2026_94_33,70.0,0.1,4.9044127661217845,80244.03637619707,=,1,10000000,-0.061802981238033655,0.015037593984962405,0.015037593984962405,0
SYN:Chen_2024:101:Matusu_2026:94:8,Chen_2024,101,True,True,Matusu_2026,Matusu_2026_GE_virgin_CLM2,94,Matusu2026_94_20,70.0,0.1,6.177418645275275,1504591.6430024593,=,1,10000000,-0.061802981238033655,0.015037593984962405,0.015037593984962405,0
SYN:Chen_2024:101:Matusu_2026:94:9,Chen_2024,101,True,True,Matusu_2026,Matusu_2026_GE_virgin_CLM2,94,Matusu2026_94_13,90.0,0.1,5.691384966297273,491343.2184812422,=,1,10000000,-0.061802981238033655,0.015037593984962405,0.015037593984962405,0
SYN:Chen_2024:101:Matusu_2026:94:10,Chen_2024,101,True,True,Matusu_2026,Matusu_2026_GE_virgin_CLM2,94,Matusu2026_94_18,140.0,0.1,4.656268092319079,45317.72423248105,=,1,10000000,-0.061802981238033655,0.015037593984962405,0.015037593984962405,0
SYN:Chen_2024:101:Matusu_2026:94:11,Chen_2024,101,True,True,Matusu_2026,Matusu_2026_GE_virgin_CLM2,94,Matusu2026_94_34,80.0,0.1,5.388450750969903,244596.7887363294,=,1,10000000,-0.061802981238033655,0.015037593984962405,0.015037593984962405,0
SYN:Chen_2024:101:Matusu_2026:94:12,Chen_2024,101,True,True,Matusu_2026,Matusu_2026_GE_virgin_CLM2,94,Matusu2026_94_18,140.0,0.1,3.1226465722534424,1326.31466691583,=,1,10000000,-0.061802981238033655,0.015037593984962405,0.015037593984962405,0
SYN:Chen_2024:101:Matusu_2026:94:13,Chen_2024,101,True,True,Matusu_2026,Matusu_2026_GE_virgin_CLM2,94,Matusu2026_94_5,85.0,0.1,4.336627243933919,21708.371439448692,=,1,10000000,-0.061802981238033655,0.015037593984962405,0.015037593984962405,0
SYN:Chen_2024:101:Matusu_2026:94:14,Chen_2024,101,True,True,Matusu_2026,Matusu_2026_GE_virgin_CLM2,94,Matusu2026_94_3,75.0,0.1,3.574827680844553,3756.883092849882,=,1,10000000,-0.061802981238033655,0.015037593984962405,0.015037593984962405,0
SYN:Chen_2024:101:Matusu_2026:C01:0,Chen_2024,101,True,True,Matusu_2026,Matusu_2026_Aconity_TWO,C01,Matusu2026_C01_4,90.0,0.1,5.199740900592778,158394.79296657268,=,1,10000000,-0.061802981238033655,0.015037593984962405,0.015037593984962405,0
SYN:Chen_2024:101:Matusu_2026:C01:1,Chen_2024,101,True,True,Matusu_2026,Matusu_2026_Aconity_TWO,C01,Matusu2026_C01_3,70.0,0.1,5.984211534862122,964298.5969426538,=,1,10000000,-0.061802981238033655,0.015037593984962405,0.015037593984962405,0
SYN:Chen_2024:101:Matusu_2026:C01:2,Chen_2024,101,True,True,Matusu_2026,Matusu_2026_Aconity_TWO,C01,Matusu2026_C01_5,110.0,0.1,4.786481292450406,61161.9456435818,=,1,10000000,-0.061802981238033655,0.015037593984962405,0.015037593984962405,0
SYN:Chen_2024:101:Matusu_2026:C01:3,Chen_2024,101,True,True,Matusu_2026,Matusu_2026_Aconity_TWO,C01,Matusu2026_C01_2,50.0,0.1,7.274684314891713,10000000,>=,0,10000000,-0.061802981238033655,0.015037593984962405,0.015037593984962405,0
SYN:Chen_2024:101:Matusu_2026:C01:4,Chen_2024,101,True,True,Matusu_2026,Matusu_2026_Aconity_TWO,C01,Matusu2026_C01_9,110.0,0.1,4.532914666307797,34112.58778651056,=,1,10000000,-0.061802981238033655,0.015037593984962405,0.015037593984962405,0
SYN:Chen_2024:101:Matusu_2026:C01:5,Chen_2024,101,True,True,Matusu_2026,Matusu_2026_Aconity_TWO,C01,Matusu2026_C01_3,70.0,0.1,6.278564311304106,1899172.0549508454,=,1,10000000,-0.061802981238033655,0.015037593984962405,0.015037593984962405,0
SYN:Chen_2024:101:Matusu_2026:C01:6,Chen_2024,101,True,True,Matusu_2026,Matusu_2026_Aconity_TWO,C01,Matusu2026_C01_9,110.0,0.1,3.641933899383734,4384.639574760898,=,1,10000000,-0.061802981238033655,0.015037593984962405,0.015037593984962405,0
SYN:Chen_2024:101:Matusu_2026:C01:7,Chen_2024,101,True,True,Matusu_2026,Matusu_2026_Aconity_TWO,C01,Matusu2026_C01_8,80.0,0.1,4.912597566127672,81770.67186501539,=,1,10000000,-0.061802981238033655,0.015037593984962405,0.015037593984962405,0
SYN:Chen_2024:101:Matusu_2026:C01:8,Chen_2024,101,True,True,Matusu_2026,Matusu_2026_Aconity_TWO,C01,Matusu2026_C01_3,70.0,0.1,5.00023925587979,100055.10587993595,=,1,10000000,-0.061802981238033655,0.015037593984962405,0.015037593984962405,0
SYN:Chen_2024:101:Matusu_2026:C01:9,Chen_2024,101,True,True,Matusu_2026,Matusu_2026_Aconity_TWO,C01,Matusu2026_C01_5,110.0,0.1,4.7127582180064,51612.89480990289,=,1,10000000,-0.061802981238033655,0.015037593984962405,0.015037593984962405,0
SYN:Chen_2024:101:Matusu_2026:C02:0,Chen_2024,101,True,True,Matusu_2026,Matusu_2026_Aconity_TWO,C02,Matusu2026_C02_3,80.0,0.1,5.476748168996553,299742.39217900723,=,1,10000000,-0.061802981238033655,0.015037593984962405,0.015037593984962405,0
SYN:Chen_2024:101:Matusu_2026:C02:1,Chen_2024,101,True,True,Matusu_2026,Matusu_2026_Aconity_TWO,C02,Matusu2026_C02_8,110.0,0.1,4.497625173192203,31450.327570393085,=,1,10000000,-0.061802981238033655,0.015037593984962405,0.015037593984962405,0
SYN:Chen_2024:101:Matusu_2026:C02:2,Chen_2024,101,True,True,Matusu_2026,Matusu_2026_Aconity_TWO,C02,Matusu2026_C02_1,100.0,0.1,4.220097748846728,16599.604810621804,=,1,10000000,-0.061802981238033655,0.015037593984962405,0.015037593984962405,0
SYN:Chen_2024:101:Matusu_2026:C02:3,Chen_2024,101,True,True,Matusu_2026,Matusu_2026_Aconity_TWO,C02,Matusu2026_C02_5,70.0,0.1,2.3815598778362284,240.74644224690766,=,1,10000000,-0.061802981238033655,0.015037593984962405,0.015037593984962405,0
SYN:Chen_2024:101:Matusu_2026:C02:4,Chen_2024,101,True,True,Matusu_2026,Matusu_2026_Aconity_TWO,C02,Matusu2026_C02_5,70.0,0.1,6.345476504699455,2215524.233367344,=,1,10000000,-0.061802981238033655,0.015037593984962405,0.015037593984962405,0
SYN:Chen_2024:101:Matusu_2026:C02:5,Chen_2024,101,True,True,Matusu_2026,Matusu_2026_Aconity_TWO,C02,Matusu2026_C02_3,80.0,0.1,4.252770319830179,17896.591279264445,=,1,10000000,-0.061802981238033655,0.015037593984962405,0.015037593984962405,0
SYN:Chen_2024:101:Matusu_2026:C02:6,Chen_2024,101,True,True,Matusu_2026,Matusu_2026_Aconity_TWO,C02,Matusu2026_C02_1,100.0,0.1,5.3250942172459865,211394.75967059052,=,1,10000000,-0.061802981238033655,0.015037593984962405,0.015037593984962405,0
SYN:Chen_2024:101:Matusu_2026:C02:7,Chen_2024,101,True,True,Matusu_2026,Matusu_2026_Aconity_TWO,C02,Matusu2026_C02_1,100.0,0.1,3.869224543656404,7399.877726944905,=,1,10000000,-0.061802981238033655,0.015037593984962405,0.015037593984962405,0
SYN:Chen_2024:101:Matusu_2026:C02:8,Chen_2024,101,True,True,Matusu_2026,Matusu_2026_Aconity_TWO,C02,Matusu2026_C02_10,70.0,0.1,4.498679707646784,31526.78664012866,=,1,10000000,-0.061802981238033655,0.015037593984962405,0.015037593984962405,0
SYN:Chen_2024:101:Matusu_2026:C02:9,Chen_2024,101,True,True,Matusu_2026,Matusu_2026_Aconity_TWO,C02,Matusu2026_C02_8,110.0,0.1,3.8560453901008556,7178.6931515325105,=,1,10000000,-0.061802981238033655,0.015037593984962405,0.015037593984962405,0
SYN:Chen_2024:101:Matusu_2026:C03:0,Chen_2024,101,True,True,Matusu_2026,Matusu_2026_Aconity_TWO,C03,Matusu2026_C03_10,85.0,0.1,4.486523584235568,30656.57154525991,=,1,10000000,-0.061802981238033655,0.015037593984962405,0.015037593984962405,0
SYN:Chen_2024:101:Matusu_2026:C03:1,Chen_2024,101,True,True,Matusu_2026,Matusu_2026_Aconity_TWO,C03,Matusu2026_C03_7,110.0,0.1,2.2677543996147014,185.24837183532335,=,1,10000000,-0.061802981238033655,0.015037593984962405,0.015037593984962405,0
SYN:Chen_2024:101:Matusu_2026:C03:2,Chen_2024,101,True,True,Matusu_2026,Matusu_2026_Aconity_TWO,C03,Matusu2026_C03_6,65.0,0.1,5.328874049568226,213242.63950999343,=,1,10000000,-0.061802981238033655,0.015037593984962405,0.015037593984962405,0
SYN:Chen_2024:101:Matusu_2026:C03:3,Chen_2024,101,True,True,Matusu_2026,Matusu_2026_Aconity_TWO,C03,Matusu2026_C03_1,90.0,0.1,4.983500987538337,96272.22020962326,=,1,10000000,-0.061802981238033655,0.015037593984962405,0.015037593984962405,0
SYN:Chen_2024:101:Matusu_2026:C03:4,Chen_2024,101,True,True,Matusu_2026,Matusu_2026_Aconity_TWO,C03,Matusu2026_C03_5,70.0,0.1,6.311819364001446,2050309.216836307,=,1,10000000,-0.061802981238033655,0.015037593984962405,0.015037593984962405,0
SYN:Chen_2024:101:Matusu_2026:C03:5,Chen_2024,101,True,True,Matusu_2026,Matusu_2026_Aconity_TWO,C03,Matusu2026_C03_8,60.0,0.1,5.819041510242942,659236.9026675755,=,1,10000000,-0.061802981238033655,0.015037593984962405,0.015037593984962405,0
SYN:Chen_2024:101:Matusu_2026:C03:6,Chen_2024,101,True,True,Matusu_2026,Matusu_2026_Aconity_TWO,C03,Matusu2026_C03_8,60.0,0.1,4.8281382100657595,67319.08587517205,=,1,10000000,-0.061802981238033655,0.015037593984962405,0.015037593984962405,0
SYN:Chen_2024:101:Matusu_2026:C03:7,Chen_2024,101,True,True,Matusu_2026,Matusu_2026_Aconity_TWO,C03,Matusu2026_C03_7,110.0,0.1,4.069361510336487,11731.715169353154,=,1,10000000,-0.061802981238033655,0.015037593984962405,0.015037593984962405,0
SYN:Chen_2024:101:Matusu_2026:C03:8,Chen_2024,101,True,True,Matusu_2026,Matusu_2026_Aconity_TWO,C03,Matusu2026_C03_4,100.0,0.1,4.881348123903221,76093.59873451912,=,1,10000000,-0.061802981238033655,0.015037593984962405,0.015037593984962405,0
SYN:Chen_2024:101:Matusu_2026:C03:9,Chen_2024,101,True,True,Matusu_2026,Matusu_2026_Aconity_TWO,C03,Matusu2026_C03_3,80.0,0.1,5.91322426307927,818887.5400716837,=,1,10000000,-0.061802981238033655,0.015037593984962405,0.015037593984962405,0
SYN:Chen_2024:101:Wu_2021:Horizontal:0,Chen_2024,101,True,True,Wu_2021,Wu_2021,Horizontal,Wu_2021:H-HCF12,63.0,0.1,6.025393199805582,1060213.1823587408,=,1,10000000,0.12361181063782514,0.04878048780487805,0.04878048780487805,0
SYN:Chen_2024:101:Wu_2021:Horizontal:1,Chen_2024,101,True,True,Wu_2021,Wu_2021,Horizontal,Wu_2021:H-HCF13,72.0,0.1,5.732907662888174,540639.3631964817,=,1,10000000,0.12361181063782514,0.04878048780487805,0.04878048780487805,0
SYN:Chen_2024:101:Wu_2021:Horizontal:2,Chen_2024,101,True,True,Wu_2021,Wu_2021,Horizontal,Wu_2021:H-HCF15,66.15,0.1,5.211582702894349,162773.12557285166,=,1,10000000,0.12361181063782514,0.04878048780487805,0.04878048780487805,0
SYN:Chen_2024:101:Wu_2021:Horizontal:3,Chen_2024,101,True,True,Wu_2021,Wu_2021,Horizontal,Wu_2021:H-HCF11,81.0,0.1,6.147523337892831,1404505.15612362,=,1,10000000,0.12361181063782514,0.04878048780487805,0.04878048780487805,0
SYN:Chen_2024:101:Wu_2021:Horizontal:4,Chen_2024,101,True,True,Wu_2021,Wu_2021,Horizontal,Wu_2021:H-HCF17,63.0,0.1,7.104903150217914,10000000,>=,0,10000000,0.12361181063782514,0.04878048780487805,0.04878048780487805,0
SYN:Chen_2024:101:Wu_2021:Horizontal:5,Chen_2024,101,True,True,Wu_2021,Wu_2021,Horizontal,Wu_2021:H-HCF14,81.0,0.1,5.261267871000746,182502.10204895897,=,1,10000000,0.12361181063782514,0.04878048780487805,0.04878048780487805,0
SYN:Chen_2024:101:Wu_2021:Horizontal:6,Chen_2024,101,True,True,Wu_2021,Wu_2021,Horizontal,Wu_2021:H-HCF18,90.0,0.1,2.7980210122319855,628.0887465519153,=,1,10000000,0.12361181063782514,0.04878048780487805,0.04878048780487805,0
SYN:Chen_2024:101:Wu_2021:Horizontal:7,Chen_2024,101,True,True,Wu_2021,Wu_2021,Horizontal,Wu_2021:H-HCF01,72.0,0.1,7.069881901466265,10000000,>=,0,10000000,0.12361181063782514,0.04878048780487805,0.04878048780487805,0
SYN:Chen_2024:101:Wu_2021:Horizontal:8,Chen_2024,101,True,True,Wu_2021,Wu_2021,Horizontal,Wu_2021:H-HCF12,63.0,0.1,5.0408637089718695,109866.10016746339,=,1,10000000,0.12361181063782514,0.04878048780487805,0.04878048780487805,0
SYN:Chen_2024:101:Wu_2021:Horizontal:9,Chen_2024,101,True,True,Wu_2021,Wu_2021,Horizontal,Wu_2021:H-HCF10,66.15,0.1,6.045131349698197,1109510.3291061514,=,1,10000000,0.12361181063782514,0.04878048780487805,0.04878048780487805,0
SYN:Chen_2024:101:Wu_2021:Horizontal:10,Chen_2024,101,True,True,Wu_2021,Wu_2021,Horizontal,Wu_2021:H-HCF01,72.0,0.1,6.037772999205627,1090870.0020446018,=,1,10000000,0.12361181063782514,0.04878048780487805,0.04878048780487805,0
SYN:Chen_2024:101:Wu_2021:Horizontal:11,Chen_2024,101,True,True,Wu_2021,Wu_2021,Horizontal,Wu_2021:H-HCF17,63.0,0.1,6.192785114617822,1558781.0397882604,=,1,10000000,0.12361181063782514,0.04878048780487805,0.04878048780487805,0
SYN:Chen_2024:101:Wu_2021:Horizontal:12,Chen_2024,101,True,True,Wu_2021,Wu_2021,Horizontal,Wu_2021:H-HCF18,90.0,0.1,2.927395622402531,846.0492063424065,=,1,10000000,0.12361181063782514,0.04878048780487805,0.04878048780487805,0
SYN:Chen_2024:101:Wu_2021:Horizontal:13,Chen_2024,101,True,True,Wu_2021,Wu_2021,Horizontal,Wu_2021:H-HCF02,72.0,0.1,4.8889516446085395,77437.55721648732,=,1,10000000,0.12361181063782514,0.04878048780487805,0.04878048780487805,0
SYN:Chen_2024:101:Wu_2021:Horizontal:14,Chen_2024,101,True,True,Wu_2021,Wu_2021,Horizontal,Wu_2021:H-HCF14,81.0,0.1,5.253279501355409,179175.86152743877,=,1,10000000,0.12361181063782514,0.04878048780487805,0.04878048780487805,0
SYN:Chen_2024:101:Wu_2021:Horizontal:15,Chen_2024,101,True,True,Wu_2021,Wu_2021,Horizontal,Wu_2021:H-HCF04,66.15,0.1,6.088863183085236,1227052.608702839,=,1,10000000,0.12361181063782514,0.04878048780487805,0.04878048780487805,0
SYN:Chen_2024:101:Wu_2021:Horizontal:16,Chen_2024,101,True,True,Wu_2021,Wu_2021,Horizontal,Wu_2021:H-HCF17,63.0,0.1,6.544134727753671,3500537.4459969355,=,1,10000000,0.12361181063782514,0.04878048780487805,0.04878048780487805,0
SYN:Chen_2024:101:Wu_2021:Horizontal:17,Chen_2024,101,True,True,Wu_2021,Wu_2021,Horizontal,Wu_2021:H-HCF01,72.0,0.1,5.581664971852232,381649.74087781424,=,1,10000000,0.12361181063782514,0.04878048780487805,0.04878048780487805,0
SYN:Chen_2024:101:Wu_2021:Horizontal:18,Chen_2024,101,True,True,Wu_2021,Wu_2021,Horizontal,Wu_2021:H-HCF02,72.0,0.1,6.006154075252743,1014271.1562927378,=,1,10000000,0.12361181063782514,0.04878048780487805,0.04878048780487805,0
SYN:Chen_2024:101:Wu_2021:Vertical:0,Chen_2024,101,True,True,Wu_2021,Wu_2021,Vertical,Wu_2021:V-HCF12,45.0,0.1,6.739261583707546,5486073.018886749,=,1,10000000,0.12361181063782514,0.04878048780487805,0.04878048780487805,0
SYN:Chen_2024:101:Wu_2021:Vertical:1,Chen_2024,101,True,True,Wu_2021,Wu_2021,Vertical,Wu_2021:V-HCF02,63.0,0.1,4.986452533809022,96928.73253070755,=,1,10000000,0.12361181063782514,0.04878048780487805,0.04878048780487805,0
SYN:Chen_2024:101:Wu_2021:Vertical:2,Chen_2024,101,True,True,Wu_2021,Wu_2021,Vertical,Wu_2021:V-HCF17,27.0,0.1,8.201872961675003,10000000,>=,0,10000000,0.12361181063782514,0.04878048780487805,0.04878048780487805,0
SYN:Chen_2024:101:Wu_2021:Vertical:3,Chen_2024,101,True,True,Wu_2021,Wu_2021,Vertical,Wu_2021:V-HCF22,63.0,0.1,6.462889409345214,2903283.2555238497,=,1,10000000,0.12361181063782514,0.04878048780487805,0.04878048780487805,0
SYN:Chen_2024:101:Wu_2021:Vertical:4,Chen_2024,101,True,True,Wu_2021,Wu_2021,Vertical,Wu_2021:V-HCF01,36.0,0.1,7.291937064992581,10000000,>=,0,10000000,0.12361181063782514,0.04878048780487805,0.04878048780487805,0
SYN:Chen_2024:101:Wu_2021:Vertical:5,Chen_2024,101,True,True,Wu_2021,Wu_2021,Vertical,Wu_2021:V-HCF17,27.0,0.1,7.593810191785661,10000000,>=,0,10000000,0.12361181063782514,0.04878048780487805,0.04878048780487805,0
SYN:Chen_2024:101:Wu_2021:Vertical:6,Chen_2024,101,True,True,Wu_2021,Wu_2021,Vertical,Wu_2021:V-HCF06,45.0,0.1,6.112534446680458,1295789.470813893,=,1,10000000,0.12361181063782514,0.04878048780487805,0.04878048780487805,0
SYN:Chen_2024:101:Wu_2021:Vertical:7,Chen_2024,101,True,True,Wu_2021,Wu_2021,Vertical,Wu_2021:V-HCF12,45.0,0.1,6.7139869015497755,5175912.210106027,=,1,10000000,0.12361181063782514,0.04878048780487805,0.04878048780487805,0
SYN:Chen_2024:101:Wu_2021:Vertical:8,Chen_2024,101,True,True,Wu_2021,Wu_2021,Vertical,Wu_2021:V-HCF20,36.0,0.1,6.764671880722575,5816635.917539861,=,1,10000000,0.12361181063782514,0.04878048780487805,0.04878048780487805,0
SYN:Chen_2024:101:Wu_2021:Vertical:9,Chen_2024,101,True,True,Wu_2021,Wu_2021,Vertical,Wu_2021:V-HCF20,36.0,0.1,6.719014352766777,5236177.410633496,=,1,10000000,0.12361181063782514,0.04878048780487805,0.04878048780487805,0
SYN:Chen_2024:101:Wu_2021:Vertical:10,Chen_2024,101,True,True,Wu_2021,Wu_2021,Vertical,Wu_2021:V-HCF02,63.0,0.1,5.644793648247248,441360.6883170258,=,1,10000000,0.12361181063782514,0.04878048780487805,0.04878048780487805,0
SYN:Chen_2024:101:Wu_2021:Vertical:11,Chen_2024,101,True,True,Wu_2021,Wu_2021,Vertical,Wu_2021:V-HCF04,63.0,0.1,6.489140689797378,3084186.9114936506,=,1,10000000,0.12361181063782514,0.04878048780487805,0.04878048780487805,0
SYN:Chen_2024:101:Wu_2021:Vertical:12,Chen_2024,101,True,True,Wu_2021,Wu_2021,Vertical,Wu_2021:V-HCF22,63.0,0.1,6.546575569134972,3520266.7137277727,=,1,10000000,0.12361181063782514,0.04878048780487805,0.04878048780487805,0
SYN:Chen_2024:101:Wu_2021:Vertical:13,Chen_2024,101,True,True,Wu_2021,Wu_2021,Vertical,Wu_2021:V-HCF19,45.0,0.1,7.1135881713022195,10000000,>=,0,10000000,0.12361181063782514,0.04878048780487805,0.04878048780487805,0
SYN:Chen_2024:101:Wu_2021:Vertical:14,Chen_2024,101,True,True,Wu_2021,Wu_2021,Vertical,Wu_2021:V-HCF16,22.5,0.1,9.430553106092315,10000000,>=,0,10000000,0.12361181063782514,0.04878048780487805,0.04878048780487805,0
SYN:Chen_2024:101:Wu_2021:Vertical:15,Chen_2024,101,True,True,Wu_2021,Wu_2021,Vertical,Wu_2021:V-HCF04,63.0,0.1,5.6318047315904565,428355.87881054665,=,1,10000000,0.12361181063782514,0.04878048780487805,0.04878048780487805,0
SYN:Chen_2024:101:Wu_2021:Vertical:16,Chen_2024,101,True,True,Wu_2021,Wu_2021,Vertical,Wu_2021:V-HCF04,63.0,0.1,6.316846525414756,2074180.3968563941,=,1,10000000,0.12361181063782514,0.04878048780487805,0.04878048780487805,0
SYN:Chen_2024:101:Wu_2021:Vertical:17,Chen_2024,101,True,True,Wu_2021,Wu_2021,Vertical,Wu_2021:V-HCF11,36.0,0.1,7.889870722533606,10000000,>=,0,10000000,0.12361181063782514,0.04878048780487805,0.04878048780487805,0
SYN:Chen_2024:101:Wu_2021:Vertical:18,Chen_2024,101,True,True,Wu_2021,Wu_2021,Vertical,Wu_2021:V-HCF09,63.0,0.1,4.5058847883138835,32054.188630865498,=,1,10000000,0.12361181063782514,0.04878048780487805,0.04878048780487805,0
SYN:Chen_2024:101:Wu_2021:Vertical:19,Chen_2024,101,True,True,Wu_2021,Wu_2021,Vertical,Wu_2021:V-HCF02,63.0,0.1,4.226785596873264,16857.206109472936,=,1,10000000,0.12361181063782514,0.04878048780487805,0.04878048780487805,0
SYN:Chen_2024:101:Wu_2021:Vertical:20,Chen_2024,101,True,True,Wu_2021,Wu_2021,Vertical,Wu_2021:V-HCF05,36.0,0.1,5.012582141630936,102939.5206631489,=,1,10000000,0.12361181063782514,0.04878048780487805,0.04878048780487805,0
SYN:Chen_2024:101:Wu_2021:Vertical:21,Chen_2024,101,True,True,Wu_2021,Wu_2021,Vertical,Wu_2021:V-HCF07,63.0,0.1,6.037326735761348,1089749.6438674075,=,1,10000000,0.12361181063782514,0.04878048780487805,0.04878048780487805,0
SYN:Matusu_2026:13:Chen_2024:L10:0,Matusu_2026,13,True,True,Chen_2024,Chen_2024,L10,Chen_2024:Chen2024-L10-T4-r05,85.5,0.1,6.28470147775532,1926200.4401139219,=,1,10000000,0.061802981238033655,0.1111111111111111,0.0,0
SYN:Matusu_2026:13:Chen_2024:L10:1,Matusu_2026,13,True,True,Chen_2024,Chen_2024,L10,Chen_2024:Chen2024-L10-T4-r01,99.0,0.1,5.663448529169879,460732.16133717215,=,1,10000000,0.061802981238033655,0.1111111111111111,0.0,0
SYN:Matusu_2026:13:Chen_2024:L10:2,Matusu_2026,13,True,True,Chen_2024,Chen_2024,L10,Chen_2024:Chen2024-L10-T4-r06,85.5,0.1,5.288220290698303,194187.06185429572,=,1,10000000,0.061802981238033655,0.1111111111111111,0.0,0
SYN:Matusu_2026:13:Chen_2024:L10:3,Matusu_2026,13,True,True,Chen_2024,Chen_2024,L10,Chen_2024:Chen2024-L10-T4-r07,81.0,0.1,5.238326942114359,173111.90760841698,=,1,10000000,0.061802981238033655,0.1111111111111111,0.0,0
SYN:Matusu_2026:13:Chen_2024:L10:4,Matusu_2026,13,True,True,Chen_2024,Chen_2024,L10,Chen_2024:Chen2024-L10-T4-r07,81.0,0.1,5.566744969639617,368760.98779108096,=,1,10000000,0.061802981238033655,0.1111111111111111,0.0,0
SYN:Matusu_2026:13:Chen_2024:L10:5,Matusu_2026,13,True,True,Chen_2024,Chen_2024,L10,Chen_2024:Chen2024-L10-T4-r06,85.5,0.1,6.365903347089064,2322219.9251957564,=,1,10000000,0.061802981238033655,0.1111111111111111,0.0,0
SYN:Matusu_2026:13:Chen_2024:L10:6,Matusu_2026,13,True,True,Chen_2024,Chen_2024,L10,Chen_2024:Chen2024-L10-T4-r08,81.0,0.1,4.092059188540524,12361.15888059932,=,1,10000000,0.061802981238033655,0.1111111111111111,0.0,0
SYN:Matusu_2026:13:Chen_2024:L10:7,Matusu_2026,13,True,True,Chen_2024,Chen_2024,L10,Chen_2024:Chen2024-L10-T4-r05,85.5,0.1,6.621847504216219,4186465.3805573755,=,1,10000000,0.061802981238033655,0.1111111111111111,0.0,0
SYN:Matusu_2026:13:Chen_2024:L10:8,Matusu_2026,13,True,True,Chen_2024,Chen_2024,L10,Chen_2024:Chen2024-L10-T4-r05,85.5,0.1,5.414971177373771,259998.70052730266,=,1,10000000,0.061802981238033655,0.1111111111111111,0.0,0
SYN:Matusu_2026:13:Chen_2024:L40:0,Matusu_2026,13,True,True,Chen_2024,Chen_2024,L40,Chen_2024:Chen2024-L40-T3-r08,72.0,0.1,6.536436476468205,3439034.0552231194,=,1,10000000,0.061802981238033655,0.1111111111111111,0.0,0
SYN:Matusu_2026:13:Chen_2024:L40:1,Matusu_2026,13,True,True,Chen_2024,Chen_2024,L40,Chen_2024:Chen2024-L40-T3-r09,67.5,0.1,6.080564759985396,1203828.885806219,=,1,10000000,0.061802981238033655,0.1111111111111111,0.0,0
SYN:Matusu_2026:13:Chen_2024:L40:2,Matusu_2026,13,True,True,Chen_2024,Chen_2024,L40,Chen_2024:Chen2024-L40-T3-r02,90.0,0.1,5.510399499003656,323891.4613597754,=,1,10000000,0.061802981238033655,0.1111111111111111,0.0,0
SYN:Matusu_2026:13:Chen_2024:L40:3,Matusu_2026,13,True,True,Chen_2024,Chen_2024,L40,Chen_2024:Chen2024-L40-T3-r01,99.0,0.1,5.166041239384169,146568.70118700404,=,1,10000000,0.061802981238033655,0.1111111111111111,0.0,0
SYN:Matusu_2026:13:Chen_2024:L40:4,Matusu_2026,13,True,True,Chen_2024,Chen_2024,L40,Chen_2024:Chen2024-L40-T3-r06,72.0,0.1,4.327367880984806,21250.43776097499,=,1,10000000,0.061802981238033655,0.1111111111111111,0.0,0
SYN:Matusu_2026:13:Chen_2024:L40:5,Matusu_2026,13,True,True,Chen_2024,Chen_2024,L40,Chen_2024:Chen2024-L40-T3-r02,90.0,0.1,5.349934760823373,223838.48659226755,=,1,10000000,0.061802981238033655,0.1111111111111111,0.0,0
SYN:Matusu_2026:13:Chen_2024:L40:6,Matusu_2026,13,True,True,Chen_2024,Chen_2024,L40,Chen_2024:Chen2024-L40-T3-r08,72.0,0.1,5.158360109335072,143999.20994500583,=,1,10000000,0.061802981238033655,0.1111111111111111,0.0,0
SYN:Matusu_2026:13:Chen_2024:L40:7,Matusu_2026,13,True,True,Chen_2024,Chen_2024,L40,Chen_2024:Chen2024-L40-T3-r05,81.0,0.1,4.831958850122541,67913.9280378433,=,1,10000000,0.061802981238033655,0.1111111111111111,0.0,0
SYN:Matusu_2026:13:Chen_2024:L40:8,Matusu_2026,13,True,True,Chen_2024,Chen_2024,L40,Chen_2024:Chen2024-L40-T3-r05,81.0,0.1,3.2332145289138303,1710.8602218631672,=,1,10000000,0.061802981238033655,0.1111111111111111,0.0,0
SYN:Matusu_2026:13:Wu_2021:Horizontal:0,Matusu_2026,13,True,True,Wu_2021,Wu_2021,Horizontal,Wu_2021:H-HCF04,66.15,0.1,6.305835239326396,2022251.8403884815,=,1,10000000,0.12361181063782514,0.04878048780487805,0.04878048780487805,0
SYN:Matusu_2026:13:Wu_2021:Horizontal:1,Matusu_2026,13,True,True,Wu_2021,Wu_2021,Horizontal,Wu_2021:H-HCF07,59.85,0.1,3.673042244215631,4710.231410141039,=,1,10000000,0.12361181063782514,0.04878048780487805,0.04878048780487805,0
SYN:Matusu_2026:13:Wu_2021:Horizontal:2,Matusu_2026,13,True,True,Wu_2021,Wu_2021,Horizontal,Wu_2021:H-HCF05,81.0,0.1,5.6132708097852735,410459.97067964775,=,1,10000000,0.12361181063782514,0.04878048780487805,0.04878048780487805,0
SYN:Matusu_2026:13:Wu_2021:Horizontal:3,Matusu_2026,13,True,True,Wu_2021,Wu_2021,Horizontal,Wu_2021:H-HCF18,90.0,0.1,5.667509751143765,465060.8179847148,=,1,10000000,0.12361181063782514,0.04878048780487805,0.04878048780487805,0
SYN:Matusu_2026:13:Wu_2021:Horizontal:4,Matusu_2026,13,True,True,Wu_2021,Wu_2021,Horizontal,Wu_2021:H-HCF16,63.0,0.1,5.82660463230008,670817.8838824593,=,1,10000000,0.12361181063782514,0.04878048780487805,0.04878048780487805,0
SYN:Matusu_2026:13:Wu_2021:Horizontal:5,Matusu_2026,13,True,True,Wu_2021,Wu_2021,Horizontal,Wu_2021:H-HCF19,90.0,0.1,5.9001934487424315,794682.1329028843,=,1,10000000,0.12361181063782514,0.04878048780487805,0.04878048780487805,0
SYN:Matusu_2026:13:Wu_2021:Horizontal:6,Matusu_2026,13,True,True,Wu_2021,Wu_2021,Horizontal,Wu_2021:H-HCF07,59.85,0.1,6.508038467455305,3221354.108763999,=,1,10000000,0.12361181063782514,0.04878048780487805,0.04878048780487805,0
SYN:Matusu_2026:13:Wu_2021:Horizontal:7,Matusu_2026,13,True,True,Wu_2021,Wu_2021,Horizontal,Wu_2021:H-HCF11,81.0,0.1,3.4736138967546357,2975.8695990938554,=,1,10000000,0.12361181063782514,0.04878048780487805,0.04878048780487805,0
SYN:Matusu_2026:13:Wu_2021:Horizontal:8,Matusu_2026,13,True,True,Wu_2021,Wu_2021,Horizontal,Wu_2021:H-HCF17,63.0,0.1,5.022553884235771,105330.43656953314,=,1,10000000,0.12361181063782514,0.04878048780487805,0.04878048780487805,0
SYN:Matusu_2026:13:Wu_2021:Horizontal:9,Matusu_2026,13,True,True,Wu_2021,Wu_2021,Horizontal,Wu_2021:H-HCF01,72.0,0.1,5.50129548686462,317172.4718719335,=,1,10000000,0.12361181063782514,0.04878048780487805,0.04878048780487805,0
SYN:Matusu_2026:13:Wu_2021:Horizontal:10,Matusu_2026,13,True,True,Wu_2021,Wu_2021,Horizontal,Wu_2021:H-HCF07,59.85,0.1,4.910469615881659,81370.99299985816,=,1,10000000,0.12361181063782514,0.04878048780487805,0.04878048780487805,0
SYN:Matusu_2026:13:Wu_2021:Horizontal:11,Matusu_2026,13,True,True,Wu_2021,Wu_2021,Horizontal,Wu_2021:H-HCF06,66.15,0.1,6.893132549144634,7818663.982456901,=,1,10000000,0.12361181063782514,0.04878048780487805,0.04878048780487805,0
SYN:Matusu_2026:13:Wu_2021:Horizontal:12,Matusu_2026,13,True,True,Wu_2021,Wu_2021,Horizontal,Wu_2021:H-HCF10,66.15,0.1,5.420336890413929,263230.9131917358,=,1,10000000,0.12361181063782514,0.04878048780487805,0.04878048780487805,0
SYN:Matusu_2026:13:Wu_2021:Horizontal:13,Matusu_2026,13,True,True,Wu_2021,Wu_2021,Horizontal,Wu_2021:H-HCF06,66.15,0.1,6.008203536465233,1019068.8730056564,=,1,10000000,0.12361181063782514,0.04878048780487805,0.04878048780487805,0
SYN:Matusu_2026:13:Wu_2021:Horizontal:14,Matusu_2026,13,True,True,Wu_2021,Wu_2021,Horizontal,Wu_2021:H-HCF02,72.0,0.1,4.567317203497225,36924.71938393033,=,1,10000000,0.12361181063782514,0.04878048780487805,0.04878048780487805,0
SYN:Matusu_2026:13:Wu_2021:Horizontal:15,Matusu_2026,13,True,True,Wu_2021,Wu_2021,Horizontal,Wu_2021:H-HCF08,57.15,0.1,6.089023947715554,1227506.9160524928,=,1,10000000,0.12361181063782514,0.04878048780487805,0.04878048780487805,0
SYN:Matusu_2026:13:Wu_2021:Horizontal:16,Matusu_2026,13,True,True,Wu_2021,Wu_2021,Horizontal,Wu_2021:H-HCF13,72.0,0.1,3.723453082049536,5289.96845232025,=,1,10000000,0.12361181063782514,0.04878048780487805,0.04878048780487805,0
SYN:Matusu_2026:13:Wu_2021:Horizontal:17,Matusu_2026,13,True,True,Wu_2021,Wu_2021,Horizontal,Wu_2021:H-HCF08,57.15,0.1,5.221248513289106,166436.47657239006,=,1,10000000,0.12361181063782514,0.04878048780487805,0.04878048780487805,0
SYN:Matusu_2026:13:Wu_2021:Horizontal:18,Matusu_2026,13,True,True,Wu_2021,Wu_2021,Horizontal,Wu_2021:H-HCF12,63.0,0.1,4.904719442179944,80300.72053085729,=,1,10000000,0.12361181063782514,0.04878048780487805,0.04878048780487805,0
SYN:Matusu_2026:13:Wu_2021:Vertical:0,Matusu_2026,13,True,True,Wu_2021,Wu_2021,Vertical,Wu_2021:V-HCF16,22.5,0.1,6.263674642018445,1835162.9893795573,=,1,10000000,0.12361181063782514,0.04878048780487805,0.04878048780487805,0
SYN:Matusu_2026:13:Wu_2021:Vertical:1,Matusu_2026,13,True,True,Wu_2021,Wu_2021,Vertical,Wu_2021:V-HCF04,63.0,0.1,5.847161970112268,703334.5795834756,=,1,10000000,0.12361181063782514,0.04878048780487805,0.04878048780487805,0
SYN:Matusu_2026:13:Wu_2021:Vertical:2,Matusu_2026,13,True,True,Wu_2021,Wu_2021,Vertical,Wu_2021:V-HCF18,36.0,0.1,6.767349844754052,5852613.500149134,=,1,10000000,0.12361181063782514,0.04878048780487805,0.04878048780487805,0
SYN:Matusu_2026:13:Wu_2021:Vertical:3,Matusu_2026,13,True,True,Wu_2021,Wu_2021,Vertical,Wu_2021:V-HCF12,45.0,0.1,4.664609175930232,46196.510926206625,=,1,10000000,0.12361181063782514,0.04878048780487805,0.04878048780487805,0
SYN:Matusu_2026:13:Wu_2021:Vertical:4,Matusu_2026,13,True,True,Wu_2021,Wu_2021,Vertical,Wu_2021:V-HCF18,36.0,0.1,7.145347843625937,10000000,>=,0,10000000,0.12361181063782514,0.04878048780487805,0.04878048780487805,0
SYN:Matusu_2026:13:Wu_2021:Vertical:5,Matusu_2026,13,True,True,Wu_2021,Wu_2021,Vertical,Wu_2021:V-HCF15,27.0,0.1,5.807224306099172,641540.8365331597,=,1,10000000,0.12361181063782514,0.04878048780487805,0.04878048780487805,0
SYN:Matusu_2026:13:Wu_2021:Vertical:6,Matusu_2026,13,True,True,Wu_2021,Wu_2021,Vertical,Wu_2021:V-HCF19,45.0,0.1,5.652352016964226,449109.26751700416,=,1,10000000,0.12361181063782514,0.04878048780487805,0.04878048780487805,0
SYN:Matusu_2026:13:Wu_2021:Vertical:7,Matusu_2026,13,True,True,Wu_2021,Wu_2021,Vertical,Wu_2021:V-HCF11,36.0,0.1,5.143377448488933,139116.1174242434,=,1,10000000,0.12361181063782514,0.04878048780487805,0.04878048780487805,0
SYN:Matusu_2026:13:Wu_2021:Vertical:8,Matusu_2026,13,True,True,Wu_2021,Wu_2021,Vertical,Wu_2021:V-HCF20,36.0,0.1,6.588831034207304,3879993.823133474,=,1,10000000,0.12361181063782514,0.04878048780487805,0.04878048780487805,0
SYN:Matusu_2026:13:Wu_2021:Vertical:9,Matusu_2026,13,True,True,Wu_2021,Wu_2021,Vertical,Wu_2021:V-HCF05,36.0,0.1,6.690683240280677,4905499.55080242,=,1,10000000,0.12361181063782514,0.04878048780487805,0.04878048780487805,0
SYN:Matusu_2026:13:Wu_2021:Vertical:10,Matusu_2026,13,True,True,Wu_2021,Wu_2021,Vertical,Wu_2021:V-HCF02,63.0,0.1,5.423140192351098,264935.5225216973,=,1,10000000,0.12361181063782514,0.04878048780487805,0.04878048780487805,0
SYN:Matusu_2026:13:Wu_2021:Vertical:11,Matusu_2026,13,True,True,Wu_2021,Wu_2021,Vertical,Wu_2021:V-HCF12,45.0,0.1,5.832551633810878,680066.8941956218,=,1,10000000,0.12361181063782514,0.04878048780487805,0.04878048780487805,0
SYN:Matusu_2026:13:Wu_2021:Vertical:12,Matusu_2026,13,True,True,Wu_2021,Wu_2021,Vertical,Wu_2021:V-HCF14,27.0,0.1,7.47441561510322,10000000,>=,0,10000000,0.12361181063782514,0.04878048780487805,0.04878048780487805,0
SYN:Matusu_2026:13:Wu_2021:Vertical:13,Matusu_2026,13,True,True,Wu_2021,Wu_2021,Vertical,Wu_2021:V-HCF17,27.0,0.1,7.788459399868388,10000000,>=,0,10000000,0.12361181063782514,0.04878048780487805,0.04878048780487805,0
SYN:Matusu_2026:13:Wu_2021:Vertical:14,Matusu_2026,13,True,True,Wu_2021,Wu_2021,Vertical,Wu_2021:V-HCF08,22.5,0.1,7.091680355125959,10000000,>=,0,10000000,0.12361181063782514,0.04878048780487805,0.04878048780487805,0
SYN:Matusu_2026:13:Wu_2021:Vertical:15,Matusu_2026,13,True,True,Wu_2021,Wu_2021,Vertical,Wu_2021:V-HCF17,27.0,0.1,7.25539691670084,10000000,>=,0,10000000,0.12361181063782514,0.04878048780487805,0.04878048780487805,0
SYN:Matusu_2026:13:Wu_2021:Vertical:16,Matusu_2026,13,True,True,Wu_2021,Wu_2021,Vertical,Wu_2021:V-HCF12,45.0,0.1,6.2281534953068665,1691038.4999284218,=,1,10000000,0.12361181063782514,0.04878048780487805,0.04878048780487805,0
SYN:Matusu_2026:13:Wu_2021:Vertical:17,Matusu_2026,13,True,True,Wu_2021,Wu_2021,Vertical,Wu_2021:V-HCF13,45.0,0.1,6.851041180804531,7096450.54954184,=,1,10000000,0.12361181063782514,0.04878048780487805,0.04878048780487805,0
SYN:Matusu_2026:13:Wu_2021:Vertical:18,Matusu_2026,13,True,True,Wu_2021,Wu_2021,Vertical,Wu_2021:V-HCF22,63.0,0.1,6.349489761238747,2236092.4808366466,=,1,10000000,0.12361181063782514,0.04878048780487805,0.04878048780487805,0
SYN:Matusu_2026:13:Wu_2021:Vertical:19,Matusu_2026,13,True,True,Wu_2021,Wu_2021,Vertical,Wu_2021:V-HCF21,45.0,0.1,5.275665027608872,188653.56982183512,=,1,10000000,0.12361181063782514,0.04878048780487805,0.04878048780487805,0
SYN:Matusu_2026:13:Wu_2021:Vertical:20,Matusu_2026,13,True,True,Wu_2021,Wu_2021,Vertical,Wu_2021:V-HCF04,63.0,0.1,5.010256730141407,102389.8083596661,=,1,10000000,0.12361181063782514,0.04878048780487805,0.04878048780487805,0
SYN:Matusu_2026:13:Wu_2021:Vertical:21,Matusu_2026,13,True,True,Wu_2021,Wu_2021,Vertical,Wu_2021:V-HCF09,63.0,0.1,4.720002333627397,52481.02802449803,=,1,10000000,0.12361181063782514,0.04878048780487805,0.04878048780487805,0
SYN:Matusu_2026:29:Chen_2024:L10:0,Matusu_2026,29,True,True,Chen_2024,Chen_2024,L10,Chen_2024:Chen2024-L10-T4-r02,99.0,0.1,4.013175621928375,10308.028768092347,=,1,10000000,0.12361181063782514,0.1111111111111111,0.0,0
SYN:Matusu_2026:29:Chen_2024:L10:1,Matusu_2026,29,True,True,Chen_2024,Chen_2024,L10,Chen_2024:Chen2024-L10-T4-r08,81.0,0.1,4.936826890922826,86462.32126682428,=,1,10000000,0.12361181063782514,0.1111111111111111,0.0,0
SYN:Matusu_2026:29:Chen_2024:L10:2,Matusu_2026,29,True,True,Chen_2024,Chen_2024,L10,Chen_2024:Chen2024-L10-T4-r08,81.0,0.1,5.125096687559031,133381.83488664086,=,1,10000000,0.12361181063782514,0.1111111111111111,0.0,0
SYN:Matusu_2026:29:Chen_2024:L10:3,Matusu_2026,29,True,True,Chen_2024,Chen_2024,L10,Chen_2024:Chen2024-L10-T4-r04,90.0,0.1,4.707885774171033,51037.07473165614,=,1,10000000,0.12361181063782514,0.1111111111111111,0.0,0
SYN:Matusu_2026:29:Chen_2024:L10:4,Matusu_2026,29,True,True,Chen_2024,Chen_2024,L10,Chen_2024:Chen2024-L10-T4-r01,99.0,0.1,3.6026451452610813,4005.3930993194203,=,1,10000000,0.12361181063782514,0.1111111111111111,0.0,0
SYN:Matusu_2026:29:Chen_2024:L10:5,Matusu_2026,29,True,True,Chen_2024,Chen_2024,L10,Chen_2024:Chen2024-L10-T4-r03,90.0,0.1,6.336932754740274,2172364.7883486864,=,1,10000000,0.12361181063782514,0.1111111111111111,0.0,0
SYN:Matusu_2026:29:Chen_2024:L10:6,Matusu_2026,29,True,True,Chen_2024,Chen_2024,L10,Chen_2024:Chen2024-L10-T4-r08,81.0,0.1,4.641318728497582,43784.33202622689,=,1,10000000,0.12361181063782514,0.1111111111111111,0.0,0
SYN:Matusu_2026:29:Chen_2024:L10:7,Matusu_2026,29,True,True,Chen_2024,Chen_2024,L10,Chen_2024:Chen2024-L10-T4-r08,81.0,0.1,5.866165821377488,734794.3721970728,=,1,10000000,0.12361181063782514,0.1111111111111111,0.0,0
SYN:Matusu_2026:29:Chen_2024:L10:8,Matusu_2026,29,True,True,Chen_2024,Chen_2024,L10,Chen_2024:Chen2024-L10-T4-r07,81.0,0.1,4.886550824587371,77010.65630660942,=,1,10000000,0.12361181063782514,0.1111111111111111,0.0,0
SYN:Matusu_2026:29:Chen_2024:L40:0,Matusu_2026,29,True,True,Chen_2024,Chen_2024,L40,Chen_2024:Chen2024-L40-T3-r01,99.0,0.1,5.318760889865472,208334.35378448927,=,1,10000000,0.12361181063782514,0.1111111111111111,0.0,0
SYN:Matusu_2026:29:Chen_2024:L40:1,Matusu_2026,29,True,True,Chen_2024,Chen_2024,L40,Chen_2024:Chen2024-L40-T3-r05,81.0,0.1,5.369406075423173,234102.51284805045,=,1,10000000,0.12361181063782514,0.1111111111111111,0.0,0
SYN:Matusu_2026:29:Chen_2024:L40:2,Matusu_2026,29,True,True,Chen_2024,Chen_2024,L40,Chen_2024:Chen2024-L40-T3-r08,72.0,0.1,4.909027242518113,81101.19295898589,=,1,10000000,0.12361181063782514,0.1111111111111111,0.0,0
SYN:Matusu_2026:29:Chen_2024:L40:3,Matusu_2026,29,True,True,Chen_2024,Chen_2024,L40,Chen_2024:Chen2024-L40-T3-r09,67.5,0.1,5.380344954471288,240073.90377807355,=,1,10000000,0.12361181063782514,0.1111111111111111,0.0,0
SYN:Matusu_2026:29:Chen_2024:L40:4,Matusu_2026,29,True,True,Chen_2024,Chen_2024,L40,Chen_2024:Chen2024-L40-T3-r09,67.5,0.1,5.233574995028894,171228.08319993527,=,1,10000000,0.12361181063782514,0.1111111111111111,0.0,0
SYN:Matusu_2026:29:Chen_2024:L40:5,Matusu_2026,29,True,True,Chen_2024,Chen_2024,L40,Chen_2024:Chen2024-L40-T3-r02,90.0,0.1,5.412267278870827,258384.988620046,=,1,10000000,0.12361181063782514,0.1111111111111111,0.0,0
SYN:Matusu_2026:29:Chen_2024:L40:6,Matusu_2026,29,True,True,Chen_2024,Chen_2024,L40,Chen_2024:Chen2024-L40-T3-r03,90.0,0.1,3.8086543650631843,6436.5680487208665,=,1,10000000,0.12361181063782514,0.1111111111111111,0.0,0
SYN:Matusu_2026:29:Chen_2024:L40:7,Matusu_2026,29,True,True,Chen_2024,Chen_2024,L40,Chen_2024:Chen2024-L40-T3-r03,90.0,0.1,4.4326700821559815,27081.335789333825,=,1,10000000,0.12361181063782514,0.1111111111111111,0.0,0
SYN:Matusu_2026:29:Chen_2024:L40:8,Matusu_2026,29,True,True,Chen_2024,Chen_2024,L40,Chen_2024:Chen2024-L40-T3-r07,72.0,0.1,5.309600652678611,203986.13658679157,=,1,10000000,0.12361181063782514,0.1111111111111111,0.0,0
SYN:Matusu_2026:29:Wu_2021:Horizontal:0,Matusu_2026,29,True,True,Wu_2021,Wu_2021,Horizontal,Wu_2021:H-HCF15,66.15,0.1,6.233002267517518,1710024.243363539,=,1,10000000,-0.12361181063782514,0.04878048780487805,0.04878048780487805,0
SYN:Matusu_2026:29:Wu_2021:Horizontal:1,Matusu_2026,29,True,True,Wu_2021,Wu_2021,Horizontal,Wu_2021:H-HCF06,66.15,0.1,4.52868984595948,33782.34913402808,=,1,10000000,-0.12361181063782514,0.04878048780487805,0.04878048780487805,0
SYN:Matusu_2026:29:Wu_2021:Horizontal:2,Matusu_2026,29,True,True,Wu_2021,Wu_2021,Horizontal,Wu_2021:H-HCF10,66.15,0.1,2.6567763326183913,453.7078909263566,=,1,10000000,-0.12361181063782514,0.04878048780487805,0.04878048780487805,0
SYN:Matusu_2026:29:Wu_2021:Horizontal:3,Matusu_2026,29,True,True,Wu_2021,Wu_2021,Horizontal,Wu_2021:H-HCF09,90.0,0.1,5.4670621285170835,293131.25576845446,=,1,10000000,-0.12361181063782514,0.04878048780487805,0.04878048780487805,0
SYN:Matusu_2026:29:Wu_2021:Horizontal:4,Matusu_2026,29,True,True,Wu_2021,Wu_2021,Horizontal,Wu_2021:H-HCF18,90.0,0.1,3.467601097493528,2934.9526390977535,=,1,10000000,-0.12361181063782514,0.04878048780487805,0.04878048780487805,0
SYN:Matusu_2026:29:Wu_2021:Horizontal:5,Matusu_2026,29,True,True,Wu_2021,Wu_2021,Horizontal,Wu_2021:H-HCF02,72.0,0.1,5.102903470791808,126737.01403510771,=,1,10000000,-0.12361181063782514,0.04878048780487805,0.04878048780487805,0
SYN:Matusu_2026:29:Wu_2021:Horizontal:6,Matusu_2026,29,True,True,Wu_2021,Wu_2021,Horizontal,Wu_2021:H-HCF09,90.0,0.1,5.499288591352306,315710.18400663615,=,1,10000000,-0.12361181063782514,0.04878048780487805,0.04878048780487805,0
SYN:Matusu_2026:29:Wu_2021:Horizontal:7,Matusu_2026,29,True,True,Wu_2021,Wu_2021,Horizontal,Wu_2021:H-HCF16,63.0,0.1,4.497610751794128,31449.28323254877,=,1,10000000,-0.12361181063782514,0.04878048780487805,0.04878048780487805,0
SYN:Matusu_2026:29:Wu_2021:Horizontal:8,Matusu_2026,29,True,True,Wu_2021,Wu_2021,Horizontal,Wu_2021:H-HCF13,72.0,0.1,5.694115710516899,494442.40536628984,=,1,10000000,-0.12361181063782514,0.04878048780487805,0.04878048780487805,0
SYN:Matusu_2026:29:Wu_2021:Horizontal:9,Matusu_2026,29,True,True,Wu_2021,Wu_2021,Horizontal,Wu_2021:H-HCF05,81.0,0.1,4.61223901500176,40948.5959299546,=,1,10000000,-0.12361181063782514,0.04878048780487805,0.04878048780487805,0
SYN:Matusu_2026:29:Wu_2021:Horizontal:10,Matusu_2026,29,True,True,Wu_2021,Wu_2021,Horizontal,Wu_2021:H-HCF06,66.15,0.1,6.429668594994513,2689481.7088558064,=,1,10000000,-0.12361181063782514,0.04878048780487805,0.04878048780487805,0
SYN:Matusu_2026:29:Wu_2021:Horizontal:11,Matusu_2026,29,True,True,Wu_2021,Wu_2021,Horizontal,Wu_2021:H-HCF19,90.0,0.1,5.276768980718092,189133.72701214472,=,1,10000000,-0.12361181063782514,0.04878048780487805,0.04878048780487805,0
SYN:Matusu_2026:29:Wu_2021:Horizontal:12,Matusu_2026,29,True,True,Wu_2021,Wu_2021,Horizontal,Wu_2021:H-HCF02,72.0,0.1,6.006999803503784,1016248.2330698327,=,1,10000000,-0.12361181063782514,0.04878048780487805,0.04878048780487805,0
SYN:Matusu_2026:29:Wu_2021:Horizontal:13,Matusu_2026,29,True,True,Wu_2021,Wu_2021,Horizontal,Wu_2021:H-HCF13,72.0,0.1,5.111471121741529,129262.07455882271,=,1,10000000,-0.12361181063782514,0.04878048780487805,0.04878048780487805,0
SYN:Matusu_2026:29:Wu_2021:Horizontal:14,Matusu_2026,29,True,True,Wu_2021,Wu_2021,Horizontal,Wu_2021:H-HCF17,63.0,0.1,6.125054561402675,1333688.9760154476,=,1,10000000,-0.12361181063782514,0.04878048780487805,0.04878048780487805,0
SYN:Matusu_2026:29:Wu_2021:Horizontal:15,Matusu_2026,29,True,True,Wu_2021,Wu_2021,Horizontal,Wu_2021:H-HCF16,63.0,0.1,5.294914326340868,197203.36729021784,=,1,10000000,-0.12361181063782514,0.04878048780487805,0.04878048780487805,0
SYN:Matusu_2026:29:Wu_2021:Horizontal:16,Matusu_2026,29,True,True,Wu_2021,Wu_2021,Horizontal,Wu_2021:H-HCF19,90.0,0.1,4.750678018795382,56321.99358648391,=,1,10000000,-0.12361181063782514,0.04878048780487805,0.04878048780487805,0
SYN:Matusu_2026:29:Wu_2021:Horizontal:17,Matusu_2026,29,True,True,Wu_2021,Wu_2021,Horizontal,Wu_2021:H-HCF15,66.15,0.1,5.292904706188487,196292.95194422963,=,1,10000000,-0.12361181063782514,0.04878048780487805,0.04878048780487805,0
SYN:Matusu_2026:29:Wu_2021:Horizontal:18,Matusu_2026,29,True,True,Wu_2021,Wu_2021,Horizontal,Wu_2021:H-HCF08,57.15,0.1,6.266147545732918,1845642.3449432224,=,1,10000000,-0.12361181063782514,0.04878048780487805,0.04878048780487805,0
SYN:Matusu_2026:29:Wu_2021:Vertical:0,Matusu_2026,29,True,True,Wu_2021,Wu_2021,Vertical,Wu_2021:V-HCF06,45.0,0.1,5.950607687973294,892498.8968235037,=,1,10000000,-0.12361181063782514,0.04878048780487805,0.04878048780487805,0
SYN:Matusu_2026:29:Wu_2021:Vertical:1,Matusu_2026,29,True,True,Wu_2021,Wu_2021,Vertical,Wu_2021:V-HCF18,36.0,0.1,6.718635962693781,5231617.245240623,=,1,10000000,-0.12361181063782514,0.04878048780487805,0.04878048780487805,0
SYN:Matusu_2026:29:Wu_2021:Vertical:2,Matusu_2026,29,True,True,Wu_2021,Wu_2021,Vertical,Wu_2021:V-HCF09,63.0,0.1,5.299840807111477,199453.10752758165,=,1,10000000,-0.12361181063782514,0.04878048780487805,0.04878048780487805,0
SYN:Matusu_2026:29:Wu_2021:Vertical:3,Matusu_2026,29,True,True,Wu_2021,Wu_2021,Vertical,Wu_2021:V-HCF05,36.0,0.1,4.874253117969004,74860.56799916757,=,1,10000000,-0.12361181063782514,0.04878048780487805,0.04878048780487805,0
SYN:Matusu_2026:29:Wu_2021:Vertical:4,Matusu_2026,29,True,True,Wu_2021,Wu_2021,Vertical,Wu_2021:V-HCF07,63.0,0.1,3.626954509120263,4235.985932040974,=,1,10000000,-0.12361181063782514,0.04878048780487805,0.04878048780487805,0
SYN:Matusu_2026:29:Wu_2021:Vertical:5,Matusu_2026,29,True,True,Wu_2021,Wu_2021,Vertical,Wu_2021:V-HCF03,27.0,0.1,6.727899038222995,5344401.020162525,=,1,10000000,-0.12361181063782514,0.04878048780487805,0.04878048780487805,0
SYN:Matusu_2026:29:Wu_2021:Vertical:6,Matusu_2026,29,True,True,Wu_2021,Wu_2021,Vertical,Wu_2021:V-HCF17,27.0,0.1,7.032265491164853,10000000,>=,0,10000000,-0.12361181063782514,0.04878048780487805,0.04878048780487805,0
SYN:Matusu_2026:29:Wu_2021:Vertical:7,Matusu_2026,29,True,True,Wu_2021,Wu_2021,Vertical,Wu_2021:V-HCF07,63.0,0.1,6.244584397382826,1756242.1553628382,=,1,10000000,-0.12361181063782514,0.04878048780487805,0.04878048780487805,0
SYN:Matusu_2026:29:Wu_2021:Vertical:8,Matusu_2026,29,True,True,Wu_2021,Wu_2021,Vertical,Wu_2021:V-HCF12,45.0,0.1,5.209762340808147,162092.28361787146,=,1,10000000,-0.12361181063782514,0.04878048780487805,0.04878048780487805,0
SYN:Matusu_2026:29:Wu_2021:Vertical:9,Matusu_2026,29,True,True,Wu_2021,Wu_2021,Vertical,Wu_2021:V-HCF03,27.0,0.1,5.990020593110568,977283.5600922969,=,1,10000000,-0.12361181063782514,0.04878048780487805,0.04878048780487805,0
SYN:Matusu_2026:29:Wu_2021:Vertical:10,Matusu_2026,29,True,True,Wu_2021,Wu_2021,Vertical,Wu_2021:V-HCF01,36.0,0.1,6.33425088473995,2158991.2625222458,=,1,10000000,-0.12361181063782514,0.04878048780487805,0.04878048780487805,0
SYN:Matusu_2026:29:Wu_2021:Vertical:11,Matusu_2026,29,True,True,Wu_2021,Wu_2021,Vertical,Wu_2021:V-HCF21,45.0,0.1,4.3217968298672895,20979.581945168375,=,1,10000000,-0.12361181063782514,0.04878048780487805,0.04878048780487805,0
SYN:Matusu_2026:29:Wu_2021:Vertical:12,Matusu_2026,29,True,True,Wu_2021,Wu_2021,Vertical,Wu_2021:V-HCF22,63.0,0.1,4.115124751542196,13035.411682358668,=,1,10000000,-0.12361181063782514,0.04878048780487805,0.04878048780487805,0
SYN:Matusu_2026:29:Wu_2021:Vertical:13,Matusu_2026,29,True,True,Wu_2021,Wu_2021,Vertical,Wu_2021:V-HCF03,27.0,0.1,6.498738761581677,3153107.3840331235,=,1,10000000,-0.12361181063782514,0.04878048780487805,0.04878048780487805,0
SYN:Matusu_2026:29:Wu_2021:Vertical:14,Matusu_2026,29,True,True,Wu_2021,Wu_2021,Vertical,Wu_2021:V-HCF01,36.0,0.1,5.806583633149685,640595.1306619059,=,1,10000000,-0.12361181063782514,0.04878048780487805,0.04878048780487805,0
SYN:Matusu_2026:29:Wu_2021:Vertical:15,Matusu_2026,29,True,True,Wu_2021,Wu_2021,Vertical,Wu_2021:V-HCF09,63.0,0.1,6.274041698675835,1879497.2675992607,=,1,10000000,-0.12361181063782514,0.04878048780487805,0.04878048780487805,0
SYN:Matusu_2026:29:Wu_2021:Vertical:16,Matusu_2026,29,True,True,Wu_2021,Wu_2021,Vertical,Wu_2021:V-HCF15,27.0,0.1,5.189668593284953,154763.51799212932,=,1,10000000,-0.12361181063782514,0.04878048780487805,0.04878048780487805,0
SYN:Matusu_2026:29:Wu_2021:Vertical:17,Matusu_2026,29,True,True,Wu_2021,Wu_2021,Vertical,Wu_2021:V-HCF18,36.0,0.1,6.055423133280455,1136117.196031669,=,1,10000000,-0.12361181063782514,0.04878048780487805,0.04878048780487805,0
SYN:Matusu_2026:29:Wu_2021:Vertical:18,Matusu_2026,29,True,True,Wu_2021,Wu_2021,Vertical,Wu_2021:V-HCF13,45.0,0.1,5.729562167648868,536490.6625981469,=,1,10000000,-0.12361181063782514,0.04878048780487805,0.04878048780487805,0
SYN:Matusu_2026:29:Wu_2021:Vertical:19,Matusu_2026,29,True,True,Wu_2021,Wu_2021,Vertical,Wu_2021:V-HCF02,63.0,0.1,5.575740898823695,376479.1235809822,=,1,10000000,-0.12361181063782514,0.04878048780487805,0.04878048780487805,0
SYN:Matusu_2026:29:Wu_2021:Vertical:20,Matusu_2026,29,True,True,Wu_2021,Wu_2021,Vertical,Wu_2021:V-HCF09,63.0,0.1,5.364308207827303,231370.61865344082,=,1,10000000,-0.12361181063782514,0.04878048780487805,0.04878048780487805,0
SYN:Matusu_2026:29:Wu_2021:Vertical:21,Matusu_2026,29,True,True,Wu_2021,Wu_2021,Vertical,Wu_2021:V-HCF16,22.5,0.1,7.59948595655354,10000000,>=,0,10000000,-0.12361181063782514,0.04878048780487805,0.04878048780487805,0
SYN:Matusu_2026:47:Chen_2024:L10:0,Matusu_2026,47,True,True,Chen_2024,Chen_2024,L10,Chen_2024:Chen2024-L10-T4-r08,81.0,0.1,5.1900400209395166,154895.93514474592,=,1,10000000,0.0,0.1111111111111111,0.0,0
SYN:Matusu_2026:47:Chen_2024:L10:1,Matusu_2026,47,True,True,Chen_2024,Chen_2024,L10,Chen_2024:Chen2024-L10-T4-r04,90.0,0.1,5.947041259727851,885199.7033791335,=,1,10000000,0.0,0.1111111111111111,0.0,0
SYN:Matusu_2026:47:Chen_2024:L10:2,Matusu_2026,47,True,True,Chen_2024,Chen_2024,L10,Chen_2024:Chen2024-L10-T4-r09,72.0,0.1,5.691296518082723,491243.16193630564,=,1,10000000,0.0,0.1111111111111111,0.0,0
SYN:Matusu_2026:47:Chen_2024:L10:3,Matusu_2026,47,True,True,Chen_2024,Chen_2024,L10,Chen_2024:Chen2024-L10-T4-r08,81.0,0.1,3.4089150756624376,2563.9826121966476,=,1,10000000,0.0,0.1111111111111111,0.0,0
SYN:Matusu_2026:47:Chen_2024:L10:4,Matusu_2026,47,True,True,Chen_2024,Chen_2024,L10,Chen_2024:Chen2024-L10-T4-r07,81.0,0.1,6.20879617599887,1617320.815085059,=,1,10000000,0.0,0.1111111111111111,0.0,0
SYN:Matusu_2026:47:Chen_2024:L10:5,Matusu_2026,47,True,True,Chen_2024,Chen_2024,L10,Chen_2024:Chen2024-L10-T4-r07,81.0,0.1,5.077687399860603,119587.94412683132,=,1,10000000,0.0,0.1111111111111111,0.0,0
SYN:Matusu_2026:47:Chen_2024:L10:6,Matusu_2026,47,True,True,Chen_2024,Chen_2024,L10,Chen_2024:Chen2024-L10-T4-r07,81.0,0.1,5.538891651647608,345853.08318494866,=,1,10000000,0.0,0.1111111111111111,0.0,0
SYN:Matusu_2026:47:Chen_2024:L10:7,Matusu_2026,47,True,True,Chen_2024,Chen_2024,L10,Chen_2024:Chen2024-L10-T4-r07,81.0,0.1,5.563314792389986,365859.8840389192,=,1,10000000,0.0,0.1111111111111111,0.0,0
SYN:Matusu_2026:47:Chen_2024:L10:8,Matusu_2026,47,True,True,Chen_2024,Chen_2024,L10,Chen_2024:Chen2024-L10-T4-r04,90.0,0.1,5.160147790042226,144593.17363715678,=,1,10000000,0.0,0.1111111111111111,0.0,0
SYN:Matusu_2026:47:Chen_2024:L40:0,Matusu_2026,47,True,True,Chen_2024,Chen_2024,L40,Chen_2024:Chen2024-L40-T3-r01,99.0,0.1,5.506704469149954,321147.44349638233,=,1,10000000,0.0,0.1111111111111111,0.0,0
SYN:Matusu_2026:47:Chen_2024:L40:1,Matusu_2026,47,True,True,Chen_2024,Chen_2024,L40,Chen_2024:Chen2024-L40-T3-r07,72.0,0.1,6.447363637150271,2801325.903465303,=,1,10000000,0.0,0.1111111111111111,0.0,0
SYN:Matusu_2026:47:Chen_2024:L40:2,Matusu_2026,47,True,True,Chen_2024,Chen_2024,L40,Chen_2024:Chen2024-L40-T3-r04,81.0,0.1,5.454452153125279,284742.4077909277,=,1,10000000,0.0,0.1111111111111111,0.0,0
SYN:Matusu_2026:47:Chen_2024:L40:3,Matusu_2026,47,True,True,Chen_2024,Chen_2024,L40,Chen_2024:Chen2024-L40-T3-r02,90.0,0.1,2.6285886830422394,425.19552297291375,=,1,10000000,0.0,0.1111111111111111,0.0,0
SYN:Matusu_2026:47:Chen_2024:L40:4,Matusu_2026,47,True,True,Chen_2024,Chen_2024,L40,Chen_2024:Chen2024-L40-T3-r02,90.0,0.1,5.666418042259164,463893.2382607959,=,1,10000000,0.0,0.1111111111111111,0.0,0
SYN:Matusu_2026:47:Chen_2024:L40:5,Matusu_2026,47,True,True,Chen_2024,Chen_2024,L40,Chen_2024:Chen2024-L40-T3-r08,72.0,0.1,5.234425120674575,171563.58815110516,=,1,10000000,0.0,0.1111111111111111,0.0,0
SYN:Matusu_2026:47:Chen_2024:L40:6,Matusu_2026,47,True,True,Chen_2024,Chen_2024,L40,Chen_2024:Chen2024-L40-T3-r01,99.0,0.1,5.710620176267462,513594.2776376044,=,1,10000000,0.0,0.1111111111111111,0.0,0
SYN:Matusu_2026:47:Chen_2024:L40:7,Matusu_2026,47,True,True,Chen_2024,Chen_2024,L40,Chen_2024:Chen2024-L40-T3-r06,72.0,0.1,4.946844721925701,88479.92012969151,=,1,10000000,0.0,0.1111111111111111,0.0,0
SYN:Matusu_2026:47:Chen_2024:L40:8,Matusu_2026,47,True,True,Chen_2024,Chen_2024,L40,Chen_2024:Chen2024-L40-T3-r03,90.0,0.1,4.704948045792334,50693.00611189818,=,1,10000000,0.0,0.1111111111111111,0.0,0
SYN:Matusu_2026:47:Wu_2021:Horizontal:0,Matusu_2026,47,True,True,Wu_2021,Wu_2021,Horizontal,Wu_2021:H-HCF10,66.15,0.1,6.106795269836216,1278778.3349119804,=,1,10000000,0.12361181063782514,0.04878048780487805,0.04878048780487805,0
SYN:Matusu_2026:47:Wu_2021:Horizontal:1,Matusu_2026,47,True,True,Wu_2021,Wu_2021,Horizontal,Wu_2021:H-HCF16,63.0,0.1,4.722303035442461,52759.787228797904,=,1,10000000,0.12361181063782514,0.04878048780487805,0.04878048780487805,0
SYN:Matusu_2026:47:Wu_2021:Horizontal:2,Matusu_2026,47,True,True,Wu_2021,Wu_2021,Horizontal,Wu_2021:H-HCF18,90.0,0.1,5.755051007475786,568919.7460056914,=,1,10000000,0.12361181063782514,0.04878048780487805,0.04878048780487805,0
SYN:Matusu_2026:47:Wu_2021:Horizontal:3,Matusu_2026,47,True,True,Wu_2021,Wu_2021,Horizontal,Wu_2021:H-HCF08,57.15,0.1,5.243339153655832,175121.37303780366,=,1,10000000,0.12361181063782514,0.04878048780487805,0.04878048780487805,0
SYN:Matusu_2026:47:Wu_2021:Horizontal:4,Matusu_2026,47,True,True,Wu_2021,Wu_2021,Horizontal,Wu_2021:H-HCF01,72.0,0.1,5.209812825618678,162111.12722334362,=,1,10000000,0.12361181063782514,0.04878048780487805,0.04878048780487805,0
SYN:Matusu_2026:47:Wu_2021:Horizontal:5,Matusu_2026,47,True,True,Wu_2021,Wu_2021,Horizontal,Wu_2021:H-HCF07,59.85,0.1,4.731268971077927,53860.32517446889,=,1,10000000,0.12361181063782514,0.04878048780487805,0.04878048780487805,0
SYN:Matusu_2026:47:Wu_2021:Horizontal:6,Matusu_2026,47,True,True,Wu_2021,Wu_2021,Horizontal,Wu_2021:H-HCF11,81.0,0.1,6.346328805981192,2219876.460531934,=,1,10000000,0.12361181063782514,0.04878048780487805,0.04878048780487805,0
SYN:Matusu_2026:47:Wu_2021:Horizontal:7,Matusu_2026,47,True,True,Wu_2021,Wu_2021,Horizontal,Wu_2021:H-HCF16,63.0,0.1,3.9516547132577835,8946.531868161783,=,1,10000000,0.12361181063782514,0.04878048780487805,0.04878048780487805,0
SYN:Matusu_2026:47:Wu_2021:Horizontal:8,Matusu_2026,47,True,True,Wu_2021,Wu_2021,Horizontal,Wu_2021:H-HCF04,66.15,0.1,6.476818365386904,2997908.4440527908,=,1,10000000,0.12361181063782514,0.04878048780487805,0.04878048780487805,0
SYN:Matusu_2026:47:Wu_2021:Horizontal:9,Matusu_2026,47,True,True,Wu_2021,Wu_2021,Horizontal,Wu_2021:H-HCF04,66.15,0.1,5.1240186290482725,133051.14890029264,=,1,10000000,0.12361181063782514,0.04878048780487805,0.04878048780487805,0
SYN:Matusu_2026:47:Wu_2021:Horizontal:10,Matusu_2026,47,True,True,Wu_2021,Wu_2021,Horizontal,Wu_2021:H-HCF11,81.0,0.1,6.055685409469307,1136803.5194706558,=,1,10000000,0.12361181063782514,0.04878048780487805,0.04878048780487805,0
SYN:Matusu_2026:47:Wu_2021:Horizontal:11,Matusu_2026,47,True,True,Wu_2021,Wu_2021,Horizontal,Wu_2021:H-HCF11,81.0,0.1,5.7886034814964855,614615.4617289206,=,1,10000000,0.12361181063782514,0.04878048780487805,0.04878048780487805,0
SYN:Matusu_2026:47:Wu_2021:Horizontal:12,Matusu_2026,47,True,True,Wu_2021,Wu_2021,Horizontal,Wu_2021:H-HCF10,66.15,0.1,6.060900631375684,1150537.110512475,=,1,10000000,0.12361181063782514,0.04878048780487805,0.04878048780487805,0
SYN:Matusu_2026:47:Wu_2021:Horizontal:13,Matusu_2026,47,True,True,Wu_2021,Wu_2021,Horizontal,Wu_2021:H-HCF05,81.0,0.1,4.083434312738567,12118.09388126379,=,1,10000000,0.12361181063782514,0.04878048780487805,0.04878048780487805,0
SYN:Matusu_2026:47:Wu_2021:Horizontal:14,Matusu_2026,47,True,True,Wu_2021,Wu_2021,Horizontal,Wu_2021:H-HCF02,72.0,0.1,5.053408601426799,113085.9371550337,=,1,10000000,0.12361181063782514,0.04878048780487805,0.04878048780487805,0
SYN:Matusu_2026:47:Wu_2021:Horizontal:15,Matusu_2026,47,True,True,Wu_2021,Wu_2021,Horizontal,Wu_2021:H-HCF10,66.15,0.1,5.900487816339765,795220.9561598032,=,1,10000000,0.12361181063782514,0.04878048780487805,0.04878048780487805,0
SYN:Matusu_2026:47:Wu_2021:Horizontal:16,Matusu_2026,47,True,True,Wu_2021,Wu_2021,Horizontal,Wu_2021:H-HCF08,57.15,0.1,5.876716264521381,752863.5383909448,=,1,10000000,0.12361181063782514,0.04878048780487805,0.04878048780487805,0
SYN:Matusu_2026:47:Wu_2021:Horizontal:17,Matusu_2026,47,True,True,Wu_2021,Wu_2021,Horizontal,Wu_2021:H-HCF08,57.15,0.1,7.1489854240846995,10000000,>=,0,10000000,0.12361181063782514,0.04878048780487805,0.04878048780487805,0
SYN:Matusu_2026:47:Wu_2021:Horizontal:18,Matusu_2026,47,True,True,Wu_2021,Wu_2021,Horizontal,Wu_2021:H-HCF07,59.85,0.1,6.75180672236881,5646856.122193454,=,1,10000000,0.12361181063782514,0.04878048780487805,0.04878048780487805,0
SYN:Matusu_2026:47:Wu_2021:Vertical:0,Matusu_2026,47,True,True,Wu_2021,Wu_2021,Vertical,Wu_2021:V-HCF14,27.0,0.1,7.260004083640359,10000000,>=,0,10000000,0.12361181063782514,0.04878048780487805,0.04878048780487805,0
SYN:Matusu_2026:47:Wu_2021:Vertical:1,Matusu_2026,47,True,True,Wu_2021,Wu_2021,Vertical,Wu_2021:V-HCF01,36.0,0.1,7.303351036169587,10000000,>=,0,10000000,0.12361181063782514,0.04878048780487805,0.04878048780487805,0
SYN:Matusu_2026:47:Wu_2021:Vertical:2,Matusu_2026,47,True,True,Wu_2021,Wu_2021,Vertical,Wu_2021:V-HCF13,45.0,0.1,6.367345014847124,2329941.488831158,=,1,10000000,0.12361181063782514,0.04878048780487805,0.04878048780487805,0
SYN:Matusu_2026:47:Wu_2021:Vertical:3,Matusu_2026,47,True,True,Wu_2021,Wu_2021,Vertical,Wu_2021:V-HCF15,27.0,0.1,6.83591356522284,6853518.118103212,=,1,10000000,0.12361181063782514,0.04878048780487805,0.04878048780487805,0
SYN:Matusu_2026:47:Wu_2021:Vertical:4,Matusu_2026,47,True,True,Wu_2021,Wu_2021,Vertical,Wu_2021:V-HCF16,22.5,0.1,7.8002424922009626,10000000,>=,0,10000000,0.12361181063782514,0.04878048780487805,0.04878048780487805,0
SYN:Matusu_2026:47:Wu_2021:Vertical:5,Matusu_2026,47,True,True,Wu_2021,Wu_2021,Vertical,Wu_2021:V-HCF20,36.0,0.1,5.8102535687530175,646031.3131291589,=,1,10000000,0.12361181063782514,0.04878048780487805,0.04878048780487805,0
SYN:Matusu_2026:47:Wu_2021:Vertical:6,Matusu_2026,47,True,True,Wu_2021,Wu_2021,Vertical,Wu_2021:V-HCF21,45.0,0.1,6.701043932639769,5023934.083866152,=,1,10000000,0.12361181063782514,0.04878048780487805,0.04878048780487805,0
SYN:Matusu_2026:47:Wu_2021:Vertical:7,Matusu_2026,47,True,True,Wu_2021,Wu_2021,Vertical,Wu_2021:V-HCF01,36.0,0.1,6.82807088851988,6730865.1310901595,=,1,10000000,0.12361181063782514,0.04878048780487805,0.04878048780487805,0
SYN:Matusu_2026:47:Wu_2021:Vertical:8,Matusu_2026,47,True,True,Wu_2021,Wu_2021,Vertical,Wu_2021:V-HCF08,22.5,0.1,4.871661692310582,74415.206682088,=,1,10000000,0.12361181063782514,0.04878048780487805,0.04878048780487805,0
SYN:Matusu_2026:47:Wu_2021:Vertical:9,Matusu_2026,47,True,True,Wu_2021,Wu_2021,Vertical,Wu_2021:V-HCF09,63.0,0.1,4.946113003142752,88330.97071328656,=,1,10000000,0.12361181063782514,0.04878048780487805,0.04878048780487805,0
SYN:Matusu_2026:47:Wu_2021:Vertical:10,Matusu_2026,47,True,True,Wu_2021,Wu_2021,Vertical,Wu_2021:V-HCF11,36.0,0.1,4.127828188508715,13422.338541773073,=,1,10000000,0.12361181063782514,0.04878048780487805,0.04878048780487805,0
SYN:Matusu_2026:47:Wu_2021:Vertical:11,Matusu_2026,47,True,True,Wu_2021,Wu_2021,Vertical,Wu_2021:V-HCF22,63.0,0.1,6.8131326348689685,6503282.722700054,=,1,10000000,0.12361181063782514,0.04878048780487805,0.04878048780487805,0
SYN:Matusu_2026:47:Wu_2021:Vertical:12,Matusu_2026,47,True,True,Wu_2021,Wu_2021,Vertical,Wu_2021:V-HCF09,63.0,0.1,6.291818901809162,1958028.017322994,=,1,10000000,0.12361181063782514,0.04878048780487805,0.04878048780487805,0
SYN:Matusu_2026:47:Wu_2021:Vertical:13,Matusu_2026,47,True,True,Wu_2021,Wu_2021,Vertical,Wu_2021:V-HCF13,45.0,0.1,6.2590871393850405,1815879.975002324,=,1,10000000,0.12361181063782514,0.04878048780487805,0.04878048780487805,0
SYN:Matusu_2026:47:Wu_2021:Vertical:14,Matusu_2026,47,True,True,Wu_2021,Wu_2021,Vertical,Wu_2021:V-HCF02,63.0,0.1,5.756861339966645,571296.206082635,=,1,10000000,0.12361181063782514,0.04878048780487805,0.04878048780487805,0
SYN:Matusu_2026:47:Wu_2021:Vertical:15,Matusu_2026,47,True,True,Wu_2021,Wu_2021,Vertical,Wu_2021:V-HCF04,63.0,0.1,5.578824018104569,379161.3126381717,=,1,10000000,0.12361181063782514,0.04878048780487805,0.04878048780487805,0
SYN:Matusu_2026:47:Wu_2021:Vertical:16,Matusu_2026,47,True,True,Wu_2021,Wu_2021,Vertical,Wu_2021:V-HCF03,27.0,0.1,6.029748125658839,1070898.0448188162,=,1,10000000,0.12361181063782514,0.04878048780487805,0.04878048780487805,0
SYN:Matusu_2026:47:Wu_2021:Vertical:17,Matusu_2026,47,True,True,Wu_2021,Wu_2021,Vertical,Wu_2021:V-HCF02,63.0,0.1,5.443957506276672,277944.1298869808,=,1,10000000,0.12361181063782514,0.04878048780487805,0.04878048780487805,0
SYN:Matusu_2026:47:Wu_2021:Vertical:18,Matusu_2026,47,True,True,Wu_2021,Wu_2021,Vertical,Wu_2021:V-HCF18,36.0,0.1,5.863998498849087,731136.5562852798,=,1,10000000,0.12361181063782514,0.04878048780487805,0.04878048780487805,0
SYN:Matusu_2026:47:Wu_2021:Vertical:19,Matusu_2026,47,True,True,Wu_2021,Wu_2021,Vertical,Wu_2021:V-HCF13,45.0,0.1,6.094419633444701,1242852.6236509888,=,1,10000000,0.12361181063782514,0.04878048780487805,0.04878048780487805,0
SYN:Matusu_2026:47:Wu_2021:Vertical:20,Matusu_2026,47,True,True,Wu_2021,Wu_2021,Vertical,Wu_2021:V-HCF22,63.0,0.1,4.806400741638654,64032.541794283425,=,1,10000000,0.12361181063782514,0.04878048780487805,0.04878048780487805,0
SYN:Matusu_2026:47:Wu_2021:Vertical:21,Matusu_2026,47,True,True,Wu_2021,Wu_2021,Vertical,Wu_2021:V-HCF19,45.0,0.1,6.490471358336592,3093651.2828324917,=,1,10000000,0.12361181063782514,0.04878048780487805,0.04878048780487805,0
SYN:Matusu_2026:71:Chen_2024:L10:0,Matusu_2026,71,True,True,Chen_2024,Chen_2024,L10,Chen_2024:Chen2024-L10-T4-r02,99.0,0.1,4.861362023728208,72671.14847654464,=,1,10000000,-0.12361181063782514,0.1111111111111111,0.0,0
SYN:Matusu_2026:71:Chen_2024:L10:1,Matusu_2026,71,True,True,Chen_2024,Chen_2024,L10,Chen_2024:Chen2024-L10-T4-r08,81.0,0.1,5.825613447327403,669288.6302108915,=,1,10000000,-0.12361181063782514,0.1111111111111111,0.0,0
SYN:Matusu_2026:71:Chen_2024:L10:2,Matusu_2026,71,True,True,Chen_2024,Chen_2024,L10,Chen_2024:Chen2024-L10-T4-r01,99.0,0.1,6.064905572747873,1161196.1112558825,=,1,10000000,-0.12361181063782514,0.1111111111111111,0.0,0
SYN:Matusu_2026:71:Chen_2024:L10:3,Matusu_2026,71,True,True,Chen_2024,Chen_2024,L10,Chen_2024:Chen2024-L10-T4-r03,90.0,0.1,1.6951426785130885,49.56129875075792,=,1,10000000,-0.12361181063782514,0.1111111111111111,0.0,0
SYN:Matusu_2026:71:Chen_2024:L10:4,Matusu_2026,71,True,True,Chen_2024,Chen_2024,L10,Chen_2024:Chen2024-L10-T4-r05,85.5,0.1,5.046104018939099,111199.80327713178,=,1,10000000,-0.12361181063782514,0.1111111111111111,0.0,0
SYN:Matusu_2026:71:Chen_2024:L10:5,Matusu_2026,71,True,True,Chen_2024,Chen_2024,L10,Chen_2024:Chen2024-L10-T4-r08,81.0,0.1,5.874349122517405,748771.1840390698,=,1,10000000,-0.12361181063782514,0.1111111111111111,0.0,0
SYN:Matusu_2026:71:Chen_2024:L10:6,Matusu_2026,71,True,True,Chen_2024,Chen_2024,L10,Chen_2024:Chen2024-L10-T4-r02,99.0,0.1,2.794153490693663,622.5202607560631,=,1,10000000,-0.12361181063782514,0.1111111111111111,0.0,0
SYN:Matusu_2026:71:Chen_2024:L10:7,Matusu_2026,71,True,True,Chen_2024,Chen_2024,L10,Chen_2024:Chen2024-L10-T4-r08,81.0,0.1,4.171390926228357,14838.53161106189,=,1,10000000,-0.12361181063782514,0.1111111111111111,0.0,0
SYN:Matusu_2026:71:Chen_2024:L10:8,Matusu_2026,71,True,True,Chen_2024,Chen_2024,L10,Chen_2024:Chen2024-L10-T4-r09,72.0,0.1,5.988646491710263,974196.3357178041,=,1,10000000,-0.12361181063782514,0.1111111111111111,0.0,0
SYN:Matusu_2026:71:Chen_2024:L40:0,Matusu_2026,71,True,True,Chen_2024,Chen_2024,L40,Chen_2024:Chen2024-L40-T3-r06,72.0,0.1,5.711357767295082,514467.2898877876,=,1,10000000,-0.12361181063782514,0.1111111111111111,0.0,0
SYN:Matusu_2026:71:Chen_2024:L40:1,Matusu_2026,71,True,True,Chen_2024,Chen_2024,L40,Chen_2024:Chen2024-L40-T3-r01,99.0,0.1,5.212006567895038,162932.0672893494,=,1,10000000,-0.12361181063782514,0.1111111111111111,0.0,0
SYN:Matusu_2026:71:Chen_2024:L40:2,Matusu_2026,71,True,True,Chen_2024,Chen_2024,L40,Chen_2024:Chen2024-L40-T3-r04,81.0,0.1,5.008645846963285,102010.72800998244,=,1,10000000,-0.12361181063782514,0.1111111111111111,0.0,0
SYN:Matusu_2026:71:Chen_2024:L40:3,Matusu_2026,71,True,True,Chen_2024,Chen_2024,L40,Chen_2024:Chen2024-L40-T3-r09,67.5,0.1,4.372899309975988,23599.310259982063,=,1,10000000,-0.12361181063782514,0.1111111111111111,0.0,0
SYN:Matusu_2026:71:Chen_2024:L40:4,Matusu_2026,71,True,True,Chen_2024,Chen_2024,L40,Chen_2024:Chen2024-L40-T3-r03,90.0,0.1,5.625044471533331,421739.68714630406,=,1,10000000,-0.12361181063782514,0.1111111111111111,0.0,0
SYN:Matusu_2026:71:Chen_2024:L40:5,Matusu_2026,71,True,True,Chen_2024,Chen_2024,L40,Chen_2024:Chen2024-L40-T3-r09,67.5,0.1,4.999909439806666,99979.14991881273,=,1,10000000,-0.12361181063782514,0.1111111111111111,0.0,0
SYN:Matusu_2026:71:Chen_2024:L40:6,Matusu_2026,71,True,True,Chen_2024,Chen_2024,L40,Chen_2024:Chen2024-L40-T3-r03,90.0,0.1,4.682798372207565,48172.409799094945,=,1,10000000,-0.12361181063782514,0.1111111111111111,0.0,0
SYN:Matusu_2026:71:Chen_2024:L40:7,Matusu_2026,71,True,True,Chen_2024,Chen_2024,L40,Chen_2024:Chen2024-L40-T3-r04,81.0,0.1,3.69289488365708,4930.544509453383,=,1,10000000,-0.12361181063782514,0.1111111111111111,0.0,0
SYN:Matusu_2026:71:Chen_2024:L40:8,Matusu_2026,71,True,True,Chen_2024,Chen_2024,L40,Chen_2024:Chen2024-L40-T3-r04,81.0,0.1,5.802249669034091,634234.2177007606,=,1,10000000,-0.12361181063782514,0.1111111111111111,0.0,0
SYN:Matusu_2026:71:Wu_2021:Horizontal:0,Matusu_2026,71,True,True,Wu_2021,Wu_2021,Horizontal,Wu_2021:H-HCF01,72.0,0.1,5.706078915918074,508251.78891607956,=,1,10000000,-0.061802981238033655,0.04878048780487805,0.04878048780487805,0
SYN:Matusu_2026:71:Wu_2021:Horizontal:1,Matusu_2026,71,True,True,Wu_2021,Wu_2021,Horizontal,Wu_2021:H-HCF10,66.15,0.1,6.4510141912680155,2824972.283903026,=,1,10000000,-0.061802981238033655,0.04878048780487805,0.04878048780487805,0
SYN:Matusu_2026:71:Wu_2021:Horizontal:2,Matusu_2026,71,True,True,Wu_2021,Wu_2021,Horizontal,Wu_2021:H-HCF17,63.0,0.1,4.037316204076218,10897.23217648698,=,1,10000000,-0.061802981238033655,0.04878048780487805,0.04878048780487805,0
SYN:Matusu_2026:71:Wu_2021:Horizontal:3,Matusu_2026,71,True,True,Wu_2021,Wu_2021,Horizontal,Wu_2021:H-HCF05,81.0,0.1,5.503658969448917,318903.2677779947,=,1,10000000,-0.061802981238033655,0.04878048780487805,0.04878048780487805,0
SYN:Matusu_2026:71:Wu_2021:Horizontal:4,Matusu_2026,71,True,True,Wu_2021,Wu_2021,Horizontal,Wu_2021:H-HCF06,66.15,0.1,5.9547583292427015,901069.5821467108,=,1,10000000,-0.061802981238033655,0.04878048780487805,0.04878048780487805,0
SYN:Matusu_2026:71:Wu_2021:Horizontal:5,Matusu_2026,71,True,True,Wu_2021,Wu_2021,Horizontal,Wu_2021:H-HCF05,81.0,0.1,3.343369701275261,2204.802543690322,=,1,10000000,-0.061802981238033655,0.04878048780487805,0.04878048780487805,0
SYN:Matusu_2026:71:Wu_2021:Horizontal:6,Matusu_2026,71,True,True,Wu_2021,Wu_2021,Horizontal,Wu_2021:H-HCF15,66.15,0.1,4.669308140439891,46699.06017735789,=,1,10000000,-0.061802981238033655,0.04878048780487805,0.04878048780487805,0
SYN:Matusu_2026:71:Wu_2021:Horizontal:7,Matusu_2026,71,True,True,Wu_2021,Wu_2021,Horizontal,Wu_2021:H-HCF04,66.15,0.1,5.136819585660752,137031.23936001767,=,1,10000000,-0.061802981238033655,0.04878048780487805,0.04878048780487805,0
SYN:Matusu_2026:71:Wu_2021:Horizontal:8,Matusu_2026,71,True,True,Wu_2021,Wu_2021,Horizontal,Wu_2021:H-HCF06,66.15,0.1,6.477013934696133,2999258.7511309944,=,1,10000000,-0.061802981238033655,0.04878048780487805,0.04878048780487805,0
SYN:Matusu_2026:71:Wu_2021:Horizontal:9,Matusu_2026,71,True,True,Wu_2021,Wu_2021,Horizontal,Wu_2021:H-HCF17,63.0,0.1,5.346130762545245,221886.4401303748,=,1,10000000,-0.061802981238033655,0.04878048780487805,0.04878048780487805,0
SYN:Matusu_2026:71:Wu_2021:Horizontal:10,Matusu_2026,71,True,True,Wu_2021,Wu_2021,Horizontal,Wu_2021:H-HCF04,66.15,0.1,5.949673006061371,890580.1399093444,=,1,10000000,-0.061802981238033655,0.04878048780487805,0.04878048780487805,0
SYN:Matusu_2026:71:Wu_2021:Horizontal:11,Matusu_2026,71,True,True,Wu_2021,Wu_2021,Horizontal,Wu_2021:H-HCF10,66.15,0.1,5.241813378572335,174507.21138467715,=,1,10000000,-0.061802981238033655,0.04878048780487805,0.04878048780487805,0
SYN:Matusu_2026:71:Wu_2021:Horizontal:12,Matusu_2026,71,True,True,Wu_2021,Wu_2021,Horizontal,Wu_2021:H-HCF08,57.15,0.1,5.455633718249536,285518.1482126577,=,1,10000000,-0.061802981238033655,0.04878048780487805,0.04878048780487805,0
SYN:Matusu_2026:71:Wu_2021:Horizontal:13,Matusu_2026,71,True,True,Wu_2021,Wu_2021,Horizontal,Wu_2021:H-HCF05,81.0,0.1,3.772519505076245,5922.696863528839,=,1,10000000,-0.061802981238033655,0.04878048780487805,0.04878048780487805,0
SYN:Matusu_2026:71:Wu_2021:Horizontal:14,Matusu_2026,71,True,True,Wu_2021,Wu_2021,Horizontal,Wu_2021:H-HCF03,59.85,0.1,4.867517685592198,73708.51907381299,=,1,10000000,-0.061802981238033655,0.04878048780487805,0.04878048780487805,0
SYN:Matusu_2026:71:Wu_2021:Horizontal:15,Matusu_2026,71,True,True,Wu_2021,Wu_2021,Horizontal,Wu_2021:H-HCF12,63.0,0.1,5.819993816963129,660684.0418027283,=,1,10000000,-0.061802981238033655,0.04878048780487805,0.04878048780487805,0
SYN:Matusu_2026:71:Wu_2021:Horizontal:16,Matusu_2026,71,True,True,Wu_2021,Wu_2021,Horizontal,Wu_2021:H-HCF19,90.0,0.1,5.023830203071499,105640.44040505798,=,1,10000000,-0.061802981238033655,0.04878048780487805,0.04878048780487805,0
SYN:Matusu_2026:71:Wu_2021:Horizontal:17,Matusu_2026,71,True,True,Wu_2021,Wu_2021,Horizontal,Wu_2021:H-HCF10,66.15,0.1,6.301405980495541,2001732.22385369,=,1,10000000,-0.061802981238033655,0.04878048780487805,0.04878048780487805,0
SYN:Matusu_2026:71:Wu_2021:Horizontal:18,Matusu_2026,71,True,True,Wu_2021,Wu_2021,Horizontal,Wu_2021:H-HCF12,63.0,0.1,6.073992438200621,1185748.1021131666,=,1,10000000,-0.061802981238033655,0.04878048780487805,0.04878048780487805,0
SYN:Matusu_2026:71:Wu_2021:Vertical:0,Matusu_2026,71,True,True,Wu_2021,Wu_2021,Vertical,Wu_2021:V-HCF08,22.5,0.1,7.829436484448553,10000000,>=,0,10000000,-0.061802981238033655,0.04878048780487805,0.04878048780487805,0
SYN:Matusu_2026:71:Wu_2021:Vertical:1,Matusu_2026,71,True,True,Wu_2021,Wu_2021,Vertical,Wu_2021:V-HCF04,63.0,0.1,5.463930926463991,291025.42120331625,=,1,10000000,-0.061802981238033655,0.04878048780487805,0.04878048780487805,0
SYN:Matusu_2026:71:Wu_2021:Vertical:2,Matusu_2026,71,True,True,Wu_2021,Wu_2021,Vertical,Wu_2021:V-HCF11,36.0,0.1,6.393242451355688,2473104.407032927,=,1,10000000,-0.061802981238033655,0.04878048780487805,0.04878048780487805,0
SYN:Matusu_2026:71:Wu_2021:Vertical:3,Matusu_2026,71,True,True,Wu_2021,Wu_2021,Vertical,Wu_2021:V-HCF07,63.0,0.1,6.035400111483627,1084925.985994685,=,1,10000000,-0.061802981238033655,0.04878048780487805,0.04878048780487805,0
SYN:Matusu_2026:71:Wu_2021:Vertical:4,Matusu_2026,71,True,True,Wu_2021,Wu_2021,Vertical,Wu_2021:V-HCF22,63.0,0.1,3.8408695934482124,6932.176207942999,=,1,10000000,-0.061802981238033655,0.04878048780487805,0.04878048780487805,0
SYN:Matusu_2026:71:Wu_2021:Vertical:5,Matusu_2026,71,True,True,Wu_2021,Wu_2021,Vertical,Wu_2021:V-HCF09,63.0,0.1,3.970872612169809,9351.313399575733,=,1,10000000,-0.061802981238033655,0.04878048780487805,0.04878048780487805,0
SYN:Matusu_2026:71:Wu_2021:Vertical:6,Matusu_2026,71,True,True,Wu_2021,Wu_2021,Vertical,Wu_2021:V-HCF15,27.0,0.1,7.300794656282708,10000000,>=,0,10000000,-0.061802981238033655,0.04878048780487805,0.04878048780487805,0
SYN:Matusu_2026:71:Wu_2021:Vertical:7,Matusu_2026,71,True,True,Wu_2021,Wu_2021,Vertical,Wu_2021:V-HCF19,45.0,0.1,6.52409307107735,3342666.6705984366,=,1,10000000,-0.061802981238033655,0.04878048780487805,0.04878048780487805,0
SYN:Matusu_2026:71:Wu_2021:Vertical:8,Matusu_2026,71,True,True,Wu_2021,Wu_2021,Vertical,Wu_2021:V-HCF22,63.0,0.1,6.2648038959311645,1839940.9953052858,=,1,10000000,-0.061802981238033655,0.04878048780487805,0.04878048780487805,0
SYN:Matusu_2026:71:Wu_2021:Vertical:9,Matusu_2026,71,True,True,Wu_2021,Wu_2021,Vertical,Wu_2021:V-HCF03,27.0,0.1,7.336995450125939,10000000,>=,0,10000000,-0.061802981238033655,0.04878048780487805,0.04878048780487805,0
SYN:Matusu_2026:71:Wu_2021:Vertical:10,Matusu_2026,71,True,True,Wu_2021,Wu_2021,Vertical,Wu_2021:V-HCF21,45.0,0.1,6.394674387009914,2481272.0699788043,=,1,10000000,-0.061802981238033655,0.04878048780487805,0.04878048780487805,0
SYN:Matusu_2026:71:Wu_2021:Vertical:11,Matusu_2026,71,True,True,Wu_2021,Wu_2021,Vertical,Wu_2021:V-HCF16,22.5,0.1,6.122721821358313,1326544.4940089968,=,1,10000000,-0.061802981238033655,0.04878048780487805,0.04878048780487805,0
SYN:Matusu_2026:71:Wu_2021:Vertical:12,Matusu_2026,71,True,True,Wu_2021,Wu_2021,Vertical,Wu_2021:V-HCF07,63.0,0.1,6.475828295963987,2991081.8392573134,=,1,10000000,-0.061802981238033655,0.04878048780487805,0.04878048780487805,0
SYN:Matusu_2026:71:Wu_2021:Vertical:13,Matusu_2026,71,True,True,Wu_2021,Wu_2021,Vertical,Wu_2021:V-HCF03,27.0,0.1,7.566779630983472,10000000,>=,0,10000000,-0.061802981238033655,0.04878048780487805,0.04878048780487805,0
SYN:Matusu_2026:71:Wu_2021:Vertical:14,Matusu_2026,71,True,True,Wu_2021,Wu_2021,Vertical,Wu_2021:V-HCF01,36.0,0.1,7.1133035955713595,10000000,>=,0,10000000,-0.061802981238033655,0.04878048780487805,0.04878048780487805,0
SYN:Matusu_2026:71:Wu_2021:Vertical:15,Matusu_2026,71,True,True,Wu_2021,Wu_2021,Vertical,Wu_2021:V-HCF09,63.0,0.1,6.889300118624325,7749971.735622915,=,1,10000000,-0.061802981238033655,0.04878048780487805,0.04878048780487805,0
SYN:Matusu_2026:71:Wu_2021:Vertical:16,Matusu_2026,71,True,True,Wu_2021,Wu_2021,Vertical,Wu_2021:V-HCF03,27.0,0.1,5.024805296768891,105877.89461794149,=,1,10000000,-0.061802981238033655,0.04878048780487805,0.04878048780487805,0
SYN:Matusu_2026:71:Wu_2021:Vertical:17,Matusu_2026,71,True,True,Wu_2021,Wu_2021,Vertical,Wu_2021:V-HCF17,27.0,0.1,7.872874454177271,10000000,>=,0,10000000,-0.061802981238033655,0.04878048780487805,0.04878048780487805,0
SYN:Matusu_2026:71:Wu_2021:Vertical:18,Matusu_2026,71,True,True,Wu_2021,Wu_2021,Vertical,Wu_2021:V-HCF20,36.0,0.1,6.419369379823243,2626451.46542658,=,1,10000000,-0.061802981238033655,0.04878048780487805,0.04878048780487805,0
SYN:Matusu_2026:71:Wu_2021:Vertical:19,Matusu_2026,71,True,True,Wu_2021,Wu_2021,Vertical,Wu_2021:V-HCF06,45.0,0.1,6.328646094288254,2131307.407119661,=,1,10000000,-0.061802981238033655,0.04878048780487805,0.04878048780487805,0
SYN:Matusu_2026:71:Wu_2021:Vertical:20,Matusu_2026,71,True,True,Wu_2021,Wu_2021,Vertical,Wu_2021:V-HCF11,36.0,0.1,4.866995854148931,73620.0069566589,=,1,10000000,-0.061802981238033655,0.04878048780487805,0.04878048780487805,0
SYN:Matusu_2026:71:Wu_2021:Vertical:21,Matusu_2026,71,True,True,Wu_2021,Wu_2021,Vertical,Wu_2021:V-HCF06,45.0,0.1,1.5436581697178022,34.96698358976398,=,1,10000000,-0.061802981238033655,0.04878048780487805,0.04878048780487805,0
SYN:Matusu_2026:101:Chen_2024:L10:0,Matusu_2026,101,True,True,Chen_2024,Chen_2024,L10,Chen_2024:Chen2024-L10-T4-r06,85.5,0.1,6.650034379884973,4467189.54189904,=,1,10000000,0.12361181063782514,0.1111111111111111,0.0,0
SYN:Matusu_2026:101:Chen_2024:L10:1,Matusu_2026,101,True,True,Chen_2024,Chen_2024,L10,Chen_2024:Chen2024-L10-T4-r01,99.0,0.1,6.4768162509636,2997893.8483526134,=,1,10000000,0.12361181063782514,0.1111111111111111,0.0,0
SYN:Matusu_2026:101:Chen_2024:L10:2,Matusu_2026,101,True,True,Chen_2024,Chen_2024,L10,Chen_2024:Chen2024-L10-T4-r07,81.0,0.1,6.1408345487545395,1383039.3882046689,=,1,10000000,0.12361181063782514,0.1111111111111111,0.0,0
SYN:Matusu_2026:101:Chen_2024:L10:3,Matusu_2026,101,True,True,Chen_2024,Chen_2024,L10,Chen_2024:Chen2024-L10-T4-r05,85.5,0.1,5.96104130722598,914200.1900260878,=,1,10000000,0.12361181063782514,0.1111111111111111,0.0,0
SYN:Matusu_2026:101:Chen_2024:L10:4,Matusu_2026,101,True,True,Chen_2024,Chen_2024,L10,Chen_2024:Chen2024-L10-T4-r09,72.0,0.1,5.800133223921467,631150.9262764557,=,1,10000000,0.12361181063782514,0.1111111111111111,0.0,0
SYN:Matusu_2026:101:Chen_2024:L10:5,Matusu_2026,101,True,True,Chen_2024,Chen_2024,L10,Chen_2024:Chen2024-L10-T4-r08,81.0,0.1,4.312862380965129,20552.392295292837,=,1,10000000,0.12361181063782514,0.1111111111111111,0.0,0
SYN:Matusu_2026:101:Chen_2024:L10:6,Matusu_2026,101,True,True,Chen_2024,Chen_2024,L10,Chen_2024:Chen2024-L10-T4-r04,90.0,0.1,5.724019257841025,529686.9311819181,=,1,10000000,0.12361181063782514,0.1111111111111111,0.0,0
SYN:Matusu_2026:101:Chen_2024:L10:7,Matusu_2026,101,True,True,Chen_2024,Chen_2024,L10,Chen_2024:Chen2024-L10-T4-r07,81.0,0.1,5.275886434151264,188749.7713285587,=,1,10000000,0.12361181063782514,0.1111111111111111,0.0,0
SYN:Matusu_2026:101:Chen_2024:L10:8,Matusu_2026,101,True,True,Chen_2024,Chen_2024,L10,Chen_2024:Chen2024-L10-T4-r05,85.5,0.1,4.5367609629648245,34416.04516389194,=,1,10000000,0.12361181063782514,0.1111111111111111,0.0,0
SYN:Matusu_2026:101:Chen_2024:L40:0,Matusu_2026,101,True,True,Chen_2024,Chen_2024,L40,Chen_2024:Chen2024-L40-T3-r01,99.0,0.1,4.0516404374467605,11262.646092693678,=,1,10000000,0.12361181063782514,0.1111111111111111,0.0,0
SYN:Matusu_2026:101:Chen_2024:L40:1,Matusu_2026,101,True,True,Chen_2024,Chen_2024,L40,Chen_2024:Chen2024-L40-T3-r02,90.0,0.1,4.031727331745193,10757.895758281617,=,1,10000000,0.12361181063782514,0.1111111111111111,0.0,0
SYN:Matusu_2026:101:Chen_2024:L40:2,Matusu_2026,101,True,True,Chen_2024,Chen_2024,L40,Chen_2024:Chen2024-L40-T3-r05,81.0,0.1,7.120107670840955,10000000,>=,0,10000000,0.12361181063782514,0.1111111111111111,0.0,0
SYN:Matusu_2026:101:Chen_2024:L40:3,Matusu_2026,101,True,True,Chen_2024,Chen_2024,L40,Chen_2024:Chen2024-L40-T3-r07,72.0,0.1,5.499294426109276,315714.425609161,=,1,10000000,0.12361181063782514,0.1111111111111111,0.0,0
SYN:Matusu_2026:101:Chen_2024:L40:4,Matusu_2026,101,True,True,Chen_2024,Chen_2024,L40,Chen_2024:Chen2024-L40-T3-r02,90.0,0.1,5.176093541870662,150000.7884584339,=,1,10000000,0.12361181063782514,0.1111111111111111,0.0,0
SYN:Matusu_2026:101:Chen_2024:L40:5,Matusu_2026,101,True,True,Chen_2024,Chen_2024,L40,Chen_2024:Chen2024-L40-T3-r07,72.0,0.1,4.632582357147806,42912.3558086554,=,1,10000000,0.12361181063782514,0.1111111111111111,0.0,0
SYN:Matusu_2026:101:Chen_2024:L40:6,Matusu_2026,101,True,True,Chen_2024,Chen_2024,L40,Chen_2024:Chen2024-L40-T3-r03,90.0,0.1,4.530792419405225,33946.29800140916,=,1,10000000,0.12361181063782514,0.1111111111111111,0.0,0
SYN:Matusu_2026:101:Chen_2024:L40:7,Matusu_2026,101,True,True,Chen_2024,Chen_2024,L40,Chen_2024:Chen2024-L40-T3-r02,90.0,0.1,5.206171761462365,160757.69165515728,=,1,10000000,0.12361181063782514,0.1111111111111111,0.0,0
SYN:Matusu_2026:101:Chen_2024:L40:8,Matusu_2026,101,True,True,Chen_2024,Chen_2024,L40,Chen_2024:Chen2024-L40-T3-r05,81.0,0.1,4.796344132586557,62566.8272540315,=,1,10000000,0.12361181063782514,0.1111111111111111,0.0,0
SYN:Matusu_2026:101:Wu_2021:Horizontal:0,Matusu_2026,101,True,True,Wu_2021,Wu_2021,Horizontal,Wu_2021:H-HCF12,63.0,0.1,6.05892485672902,1145314.7576171637,=,1,10000000,0.18543234355927507,0.04878048780487805,0.04878048780487805,0
SYN:Matusu_2026:101:Wu_2021:Horizontal:1,Matusu_2026,101,True,True,Wu_2021,Wu_2021,Horizontal,Wu_2021:H-HCF13,72.0,0.1,5.926431167736518,844172.436606524,=,1,10000000,0.18543234355927507,0.04878048780487805,0.04878048780487805,0
SYN:Matusu_2026:101:Wu_2021:Horizontal:2,Matusu_2026,101,True,True,Wu_2021,Wu_2021,Horizontal,Wu_2021:H-HCF15,66.15,0.1,5.317914392883286,207928.67825378073,=,1,10000000,0.18543234355927507,0.04878048780487805,0.04878048780487805,0
SYN:Matusu_2026:101:Wu_2021:Horizontal:3,Matusu_2026,101,True,True,Wu_2021,Wu_2021,Horizontal,Wu_2021:H-HCF11,81.0,0.1,6.468524547800009,2941199.9356646254,=,1,10000000,0.18543234355927507,0.04878048780487805,0.04878048780487805,0
SYN:Matusu_2026:101:Wu_2021:Horizontal:4,Matusu_2026,101,True,True,Wu_2021,Wu_2021,Horizontal,Wu_2021:H-HCF17,63.0,0.1,7.116534878258699,10000000,>=,0,10000000,0.18543234355927507,0.04878048780487805,0.04878048780487805,0
SYN:Matusu_2026:101:Wu_2021:Horizontal:5,Matusu_2026,101,True,True,Wu_2021,Wu_2021,Horizontal,Wu_2021:H-HCF14,81.0,0.1,5.600248472102407,398335.0040448445,=,1,10000000,0.18543234355927507,0.04878048780487805,0.04878048780487805,0
SYN:Matusu_2026:101:Wu_2021:Horizontal:6,Matusu_2026,101,True,True,Wu_2021,Wu_2021,Horizontal,Wu_2021:H-HCF18,90.0,0.1,3.308530131962812,2034.8393709743978,=,1,10000000,0.18543234355927507,0.04878048780487805,0.04878048780487805,0
SYN:Matusu_2026:101:Wu_2021:Horizontal:7,Matusu_2026,101,True,True,Wu_2021,Wu_2021,Horizontal,Wu_2021:H-HCF01,72.0,0.1,7.236282320759338,10000000,>=,0,10000000,0.18543234355927507,0.04878048780487805,0.04878048780487805,0
SYN:Matusu_2026:101:Wu_2021:Horizontal:8,Matusu_2026,101,True,True,Wu_2021,Wu_2021,Horizontal,Wu_2021:H-HCF12,63.0,0.1,5.094368434067488,124270.61112447652,=,1,10000000,0.18543234355927507,0.04878048780487805,0.04878048780487805,0
SYN:Matusu_2026:101:Wu_2021:Horizontal:9,Matusu_2026,101,True,True,Wu_2021,Wu_2021,Horizontal,Wu_2021:H-HCF10,66.15,0.1,6.134552907382876,1363179.063679734,=,1,10000000,0.18543234355927507,0.04878048780487805,0.04878048780487805,0
SYN:Matusu_2026:101:Wu_2021:Horizontal:10,Matusu_2026,101,True,True,Wu_2021,Wu_2021,Horizontal,Wu_2021:H-HCF01,72.0,0.1,6.225111726246608,1679235.9614426347,=,1,10000000,0.18543234355927507,0.04878048780487805,0.04878048780487805,0
SYN:Matusu_2026:101:Wu_2021:Horizontal:11,Matusu_2026,101,True,True,Wu_2021,Wu_2021,Horizontal,Wu_2021:H-HCF17,63.0,0.1,6.222920905640701,1670786.3005055408,=,1,10000000,0.18543234355927507,0.04878048780487805,0.04878048780487805,0
SYN:Matusu_2026:101:Wu_2021:Horizontal:12,Matusu_2026,101,True,True,Wu_2021,Wu_2021,Horizontal,Wu_2021:H-HCF18,90.0,0.1,3.435280130140783,2724.45808088666,=,1,10000000,0.18543234355927507,0.04878048780487805,0.04878048780487805,0
SYN:Matusu_2026:101:Wu_2021:Horizontal:13,Matusu_2026,101,True,True,Wu_2021,Wu_2021,Horizontal,Wu_2021:H-HCF02,72.0,0.1,5.099596415243596,125775.605063004,=,1,10000000,0.18543234355927507,0.04878048780487805,0.04878048780487805,0
SYN:Matusu_2026:101:Wu_2021:Horizontal:14,Matusu_2026,101,True,True,Wu_2021,Wu_2021,Horizontal,Wu_2021:H-HCF14,81.0,0.1,5.592422161849902,391221.0027078351,=,1,10000000,0.18543234355927507,0.04878048780487805,0.04878048780487805,0
SYN:Matusu_2026:101:Wu_2021:Horizontal:15,Matusu_2026,101,True,True,Wu_2021,Wu_2021,Horizontal,Wu_2021:H-HCF04,66.15,0.1,6.177397556690955,1504518.584424245,=,1,10000000,0.18543234355927507,0.04878048780487805,0.04878048780487805,0
SYN:Matusu_2026:101:Wu_2021:Horizontal:16,Matusu_2026,101,True,True,Wu_2021,Wu_2021,Horizontal,Wu_2021:H-HCF17,63.0,0.1,6.567142718298489,3690988.722928402,=,1,10000000,0.18543234355927507,0.04878048780487805,0.04878048780487805,0
SYN:Matusu_2026:101:Wu_2021:Horizontal:17,Matusu_2026,101,True,True,Wu_2021,Wu_2021,Horizontal,Wu_2021:H-HCF01,72.0,0.1,5.778256724637006,600145.7357623207,=,1,10000000,0.18543234355927507,0.04878048780487805,0.04878048780487805,0
SYN:Matusu_2026:101:Wu_2021:Horizontal:18,Matusu_2026,101,True,True,Wu_2021,Wu_2021,Horizontal,Wu_2021:H-HCF02,72.0,0.1,6.19413425278304,1563630.9307548685,=,1,10000000,0.18543234355927507,0.04878048780487805,0.04878048780487805,0
SYN:Matusu_2026:101:Wu_2021:Vertical:0,Matusu_2026,101,True,True,Wu_2021,Wu_2021,Vertical,Wu_2021:V-HCF12,45.0,0.1,6.3701153460883875,2344851.511547018,=,1,10000000,0.18543234355927507,0.04878048780487805,0.04878048780487805,0
SYN:Matusu_2026:101:Wu_2021:Vertical:1,Matusu_2026,101,True,True,Wu_2021,Wu_2021,Vertical,Wu_2021:V-HCF02,63.0,0.1,5.041061093904987,109916.0451761153,=,1,10000000,0.18543234355927507,0.04878048780487805,0.04878048780487805,0
SYN:Matusu_2026:101:Wu_2021:Vertical:2,Matusu_2026,101,True,True,Wu_2021,Wu_2021,Vertical,Wu_2021:V-HCF17,27.0,0.1,7.213703656752988,10000000,>=,0,10000000,0.18543234355927507,0.04878048780487805,0.04878048780487805,0
SYN:Matusu_2026:101:Wu_2021:Vertical:3,Matusu_2026,101,True,True,Wu_2021,Wu_2021,Vertical,Wu_2021:V-HCF22,63.0,0.1,6.4875456169301,3072880.1140051675,=,1,10000000,0.18543234355927507,0.04878048780487805,0.04878048780487805,0
SYN:Matusu_2026:101:Wu_2021:Vertical:4,Matusu_2026,101,True,True,Wu_2021,Wu_2021,Vertical,Wu_2021:V-HCF01,36.0,0.1,6.654132933020761,4509547.159634591,=,1,10000000,0.18543234355927507,0.04878048780487805,0.04878048780487805,0
SYN:Matusu_2026:101:Wu_2021:Vertical:5,Matusu_2026,101,True,True,Wu_2021,Wu_2021,Vertical,Wu_2021:V-HCF17,27.0,0.1,6.617976605873627,4149316.909208023,=,1,10000000,0.18543234355927507,0.04878048780487805,0.04878048780487805,0
SYN:Matusu_2026:101:Wu_2021:Vertical:6,Matusu_2026,101,True,True,Wu_2021,Wu_2021,Vertical,Wu_2021:V-HCF06,45.0,0.1,5.7561025705403015,570298.9480975479,=,1,10000000,0.18543234355927507,0.04878048780487805,0.04878048780487805,0
SYN:Matusu_2026:101:Wu_2021:Vertical:7,Matusu_2026,101,True,True,Wu_2021,Wu_2021,Vertical,Wu_2021:V-HCF12,45.0,0.1,6.345353409312515,2214896.3594750213,=,1,10000000,0.18543234355927507,0.04878048780487805,0.04878048780487805,0
SYN:Matusu_2026:101:Wu_2021:Vertical:8,Matusu_2026,101,True,True,Wu_2021,Wu_2021,Vertical,Wu_2021:V-HCF20,36.0,0.1,6.137564333838647,1372664.2843879391,=,1,10000000,0.18543234355927507,0.04878048780487805,0.04878048780487805,0
SYN:Matusu_2026:101:Wu_2021:Vertical:9,Matusu_2026,101,True,True,Wu_2021,Wu_2021,Vertical,Wu_2021:V-HCF20,36.0,0.1,6.092833056367903,1238320.4822592663,=,1,10000000,0.18543234355927507,0.04878048780487805,0.04878048780487805,0
SYN:Matusu_2026:101:Wu_2021:Vertical:10,Matusu_2026,101,True,True,Wu_2021,Wu_2021,Vertical,Wu_2021:V-HCF02,63.0,0.1,5.686046496724978,485340.459224022,=,1,10000000,0.18543234355927507,0.04878048780487805,0.04878048780487805,0
SYN:Matusu_2026:101:Wu_2021:Vertical:11,Matusu_2026,101,True,True,Wu_2021,Wu_2021,Vertical,Wu_2021:V-HCF04,63.0,0.1,6.51326433983172,3260350.8675239035,=,1,10000000,0.18543234355927507,0.04878048780487805,0.04878048780487805,0
SYN:Matusu_2026:101:Wu_2021:Vertical:12,Matusu_2026,101,True,True,Wu_2021,Wu_2021,Vertical,Wu_2021:V-HCF22,63.0,0.1,6.56953404253301,3711368.2022009953,=,1,10000000,0.18543234355927507,0.04878048780487805,0.04878048780487805,0
SYN:Matusu_2026:101:Wu_2021:Vertical:13,Matusu_2026,101,True,True,Wu_2021,Wu_2021,Vertical,Wu_2021:V-HCF19,45.0,0.1,6.73684800122873,5455668.846621086,=,1,10000000,0.18543234355927507,0.04878048780487805,0.04878048780487805,0
SYN:Matusu_2026:101:Wu_2021:Vertical:14,Matusu_2026,101,True,True,Wu_2021,Wu_2021,Vertical,Wu_2021:V-HCF16,22.5,0.1,8.207109123872895,10000000,>=,0,10000000,0.18543234355927507,0.04878048780487805,0.04878048780487805,0
SYN:Matusu_2026:101:Wu_2021:Vertical:15,Matusu_2026,101,True,True,Wu_2021,Wu_2021,Vertical,Wu_2021:V-HCF04,63.0,0.1,5.6733210851437414,471325.6608669259,=,1,10000000,0.18543234355927507,0.04878048780487805,0.04878048780487805,0
SYN:Matusu_2026:101:Wu_2021:Vertical:16,Matusu_2026,101,True,True,Wu_2021,Wu_2021,Vertical,Wu_2021:V-HCF04,63.0,0.1,6.344465492880339,2210372.6228846735,=,1,10000000,0.18543234355927507,0.04878048780487805,0.04878048780487805,0
SYN:Matusu_2026:101:Wu_2021:Vertical:17,Matusu_2026,101,True,True,Wu_2021,Wu_2021,Vertical,Wu_2021:V-HCF11,36.0,0.1,7.239936360014406,10000000,>=,0,10000000,0.18543234355927507,0.04878048780487805,0.04878048780487805,0
SYN:Matusu_2026:101:Wu_2021:Vertical:18,Matusu_2026,101,True,True,Wu_2021,Wu_2021,Vertical,Wu_2021:V-HCF09,63.0,0.1,4.5702425864281,37174.28176911807,=,1,10000000,0.18543234355927507,0.04878048780487805,0.04878048780487805,0
SYN:Matusu_2026:101:Wu_2021:Vertical:19,Matusu_2026,101,True,True,Wu_2021,Wu_2021,Vertical,Wu_2021:V-HCF02,63.0,0.1,4.296805457149502,19806.395966434255,=,1,10000000,0.18543234355927507,0.04878048780487805,0.04878048780487805,0
SYN:Matusu_2026:101:Wu_2021:Vertical:20,Matusu_2026,101,True,True,Wu_2021,Wu_2021,Vertical,Wu_2021:V-HCF05,36.0,0.1,4.421019094051973,26364.472964740056,=,1,10000000,0.18543234355927507,0.04878048780487805,0.04878048780487805,0
SYN:Matusu_2026:101:Wu_2021:Vertical:21,Matusu_2026,101,True,True,Wu_2021,Wu_2021,Vertical,Wu_2021:V-HCF07,63.0,0.1,6.070616298030031,1176566.010538533,=,1,10000000,0.18543234355927507,0.04878048780487805,0.04878048780487805,0
